2026-09-15 11:36:41,010:WARNING:
'cuml' is a soft dependency and not included in the pycaret installation. Please run: `pip install cuml` to install.
2026-09-15 11:36:41,010:WARNING:
'cuml' is a soft dependency and not included in the pycaret installation. Please run: `pip install cuml` to install.
2026-09-15 11:36:41,010:WARNING:
'cuml' is a soft dependency and not included in the pycaret installation. Please run: `pip install cuml` to install.
2026-09-15 11:36:41,010:WARNING:
'cuml' is a soft dependency and not included in the pycaret installation. Please run: `pip install cuml` to install.
2026-09-15 11:38:18,250:WARNING:
'cuml' is a soft dependency and not included in the pycaret installation. Please run: `pip install cuml` to install.
2026-09-15 11:38:18,252:WARNING:
'cuml' is a soft dependency and not included in the pycaret installation. Please run: `pip install cuml` to install.
2026-09-15 11:38:18,252:WARNING:
'cuml' is a soft dependency and not included in the pycaret installation. Please run: `pip install cuml` to install.
2026-09-15 11:38:18,252:WARNING:
'cuml' is a soft dependency and not included in the pycaret installation. Please run: `pip install cuml` to install.
2026-09-15 11:38:18,736:INFO:PyCaret ClassificationExperiment
2026-09-15 11:38:18,736:INFO:Logging name: clf-default-name
2026-09-15 11:38:18,736:INFO:ML Usecase: MLUsecase.CLASSIFICATION
2026-09-15 11:38:18,736:INFO:version 3.2.0
2026-09-15 11:38:18,736:INFO:Initializing setup()
2026-09-15 11:38:18,736:INFO:self.USI: 880f
2026-09-15 11:38:18,736:INFO:self._variable_keys: {'memory', 'X_train', '_ml_usecase', 'logging_param', 'idx', 'fold_generator', 'target_param', 'is_multiclass', '_available_plots', 'exp_name_log', 'fold_groups_param', 'html_param', 'X', 'y_test', 'fix_imbalance', 'USI', 'seed', 'n_jobs_param', 'gpu_n_jobs_param', 'X_test', 'exp_id', 'pipeline', 'log_plots_param', 'y_train', 'y', 'data', 'fold_shuffle_param', 'gpu_param'}
2026-09-15 11:38:18,736:INFO:Checking environment
2026-09-15 11:38:18,736:INFO:python_version: 3.8.10
2026-09-15 11:38:18,736:INFO:python_build: ('tags/v3.8.10:3d8993a', 'May  3 2021 11:48:03')
2026-09-15 11:38:18,736:INFO:machine: AMD64
2026-09-15 11:38:18,745:INFO:platform: Windows-10-10.0.26200-SP0
2026-09-15 11:38:18,745:INFO:Memory: svmem(total=25463480320, available=13419642880, percent=47.3, used=12043837440, free=13419642880)
2026-09-15 11:38:18,745:INFO:Physical Core: 8
2026-09-15 11:38:18,745:INFO:Logical Core: 12
2026-09-15 11:38:18,745:INFO:Checking libraries
2026-09-15 11:38:18,745:INFO:System:
2026-09-15 11:38:18,745:INFO:    python: 3.8.10 (tags/v3.8.10:3d8993a, May  3 2021, 11:48:03) [MSC v.1928 64 bit (AMD64)]
2026-09-15 11:38:18,745:INFO:executable: C:\Users\Telo Ryjeng\AppData\Local\Programs\Python\Python38\python.exe
2026-09-15 11:38:18,745:INFO:   machine: Windows-10-10.0.26200-SP0
2026-09-15 11:38:18,745:INFO:PyCaret required dependencies:
2026-09-15 11:38:18,758:INFO:                 pip: 21.1.1
2026-09-15 11:38:18,758:INFO:          setuptools: 56.0.0
2026-09-15 11:38:18,758:INFO:             pycaret: 3.2.0
2026-09-15 11:38:18,758:INFO:             IPython: 8.12.3
2026-09-15 11:38:18,758:INFO:          ipywidgets: 8.1.9
2026-09-15 11:38:18,758:INFO:                tqdm: 4.70.1
2026-09-15 11:38:18,758:INFO:               numpy: 1.24.4
2026-09-15 11:38:18,758:INFO:              pandas: 1.5.3
2026-09-15 11:38:18,758:INFO:              jinja2: 3.1.6
2026-09-15 11:38:18,758:INFO:               scipy: 1.10.1
2026-09-15 11:38:18,758:INFO:              joblib: 1.2.0
2026-09-15 11:38:18,758:INFO:             sklearn: 1.2.2
2026-09-15 11:38:18,758:INFO:                pyod: 2.1.0
2026-09-15 11:38:18,758:INFO:            imblearn: 0.12.4
2026-09-15 11:38:18,758:INFO:   category_encoders: 2.6.4
2026-09-15 11:38:18,758:INFO:            lightgbm: 4.6.0
2026-09-15 11:38:18,758:INFO:               numba: 0.58.1
2026-09-15 11:38:18,758:INFO:            requests: 2.32.4
2026-09-15 11:38:18,758:INFO:          matplotlib: 3.6.0
2026-09-15 11:38:18,758:INFO:          scikitplot: 0.3.7
2026-09-15 11:38:18,758:INFO:         yellowbrick: 1.5
2026-09-15 11:38:18,758:INFO:              plotly: 6.9.0
2026-09-15 11:38:18,758:INFO:    plotly-resampler: Not installed
2026-09-15 11:38:18,758:INFO:             kaleido: 1.4.0
2026-09-15 11:38:18,758:INFO:           schemdraw: 0.15
2026-09-15 11:38:18,758:INFO:         statsmodels: 0.14.1
2026-09-15 11:38:18,758:INFO:              sktime: 0.21.1
2026-09-15 11:38:18,758:INFO:               tbats: 1.1.3
2026-09-15 11:38:18,758:INFO:            pmdarima: 2.0.4
2026-09-15 11:38:18,758:INFO:              psutil: 7.2.2
2026-09-15 11:38:18,758:INFO:          markupsafe: 2.1.5
2026-09-15 11:38:18,758:INFO:             pickle5: Not installed
2026-09-15 11:38:18,758:INFO:         cloudpickle: 3.1.2
2026-09-15 11:38:18,758:INFO:         deprecation: 2.1.0
2026-09-15 11:38:18,758:INFO:              xxhash: 3.8.1
2026-09-15 11:38:18,758:INFO:           wurlitzer: Not installed
2026-09-15 11:38:18,758:INFO:PyCaret optional dependencies:
2026-09-15 11:38:18,765:INFO:                shap: Not installed
2026-09-15 11:38:18,765:INFO:           interpret: Not installed
2026-09-15 11:38:18,765:INFO:                umap: Not installed
2026-09-15 11:38:18,766:INFO:     ydata_profiling: Not installed
2026-09-15 11:38:18,766:INFO:  explainerdashboard: Not installed
2026-09-15 11:38:18,766:INFO:             autoviz: Not installed
2026-09-15 11:38:18,766:INFO:           fairlearn: Not installed
2026-09-15 11:38:18,766:INFO:          deepchecks: Not installed
2026-09-15 11:38:18,766:INFO:             xgboost: Not installed
2026-09-15 11:38:18,766:INFO:            catboost: Not installed
2026-09-15 11:38:18,766:INFO:              kmodes: Not installed
2026-09-15 11:38:18,766:INFO:             mlxtend: Not installed
2026-09-15 11:38:18,766:INFO:       statsforecast: Not installed
2026-09-15 11:38:18,766:INFO:        tune_sklearn: Not installed
2026-09-15 11:38:18,766:INFO:                 ray: Not installed
2026-09-15 11:38:18,766:INFO:            hyperopt: Not installed
2026-09-15 11:38:18,766:INFO:              optuna: Not installed
2026-09-15 11:38:18,766:INFO:               skopt: Not installed
2026-09-15 11:38:18,766:INFO:              mlflow: Not installed
2026-09-15 11:38:18,766:INFO:              gradio: Not installed
2026-09-15 11:38:18,766:INFO:             fastapi: Not installed
2026-09-15 11:38:18,766:INFO:             uvicorn: Not installed
2026-09-15 11:38:18,766:INFO:              m2cgen: Not installed
2026-09-15 11:38:18,766:INFO:           evidently: Not installed
2026-09-15 11:38:18,766:INFO:               fugue: Not installed
2026-09-15 11:38:18,766:INFO:           streamlit: Not installed
2026-09-15 11:38:18,766:INFO:             prophet: Not installed
2026-09-15 11:38:18,766:INFO:None
2026-09-15 11:38:18,766:INFO:Set up data.
2026-09-15 11:38:18,769:INFO:Set up folding strategy.
2026-09-15 11:38:18,769:INFO:Set up train/test split.
2026-09-15 11:38:18,771:INFO:Set up index.
2026-09-15 11:38:18,771:INFO:Assigning column types.
2026-09-15 11:38:18,772:INFO:Engine successfully changes for model 'lr' to 'sklearn'.
2026-09-15 11:38:18,797:INFO:Engine for model 'knn' has not been set explicitly, hence returning None.
2026-09-15 11:38:18,799:INFO:Engine for model 'rbfsvm' has not been set explicitly, hence returning None.
2026-09-15 11:38:18,816:WARNING:
'xgboost' is a soft dependency and not included in the pycaret installation. Please run: `pip install xgboost` to install.
Alternately, you can install this by running `pip install pycaret[models]`
2026-09-15 11:38:18,817:WARNING:
'catboost' is a soft dependency and not included in the pycaret installation. Please run: `pip install catboost` to install.
Alternately, you can install this by running `pip install pycaret[models]`
2026-09-15 11:38:18,842:INFO:Engine for model 'knn' has not been set explicitly, hence returning None.
2026-09-15 11:38:18,842:INFO:Engine for model 'rbfsvm' has not been set explicitly, hence returning None.
2026-09-15 11:38:18,857:WARNING:
'xgboost' is a soft dependency and not included in the pycaret installation. Please run: `pip install xgboost` to install.
Alternately, you can install this by running `pip install pycaret[models]`
2026-09-15 11:38:18,857:WARNING:
'catboost' is a soft dependency and not included in the pycaret installation. Please run: `pip install catboost` to install.
Alternately, you can install this by running `pip install pycaret[models]`
2026-09-15 11:38:18,857:INFO:Engine successfully changes for model 'knn' to 'sklearn'.
2026-09-15 11:38:18,881:INFO:Engine for model 'rbfsvm' has not been set explicitly, hence returning None.
2026-09-15 11:38:18,895:WARNING:
'xgboost' is a soft dependency and not included in the pycaret installation. Please run: `pip install xgboost` to install.
Alternately, you can install this by running `pip install pycaret[models]`
2026-09-15 11:38:18,896:WARNING:
'catboost' is a soft dependency and not included in the pycaret installation. Please run: `pip install catboost` to install.
Alternately, you can install this by running `pip install pycaret[models]`
2026-09-15 11:38:18,920:INFO:Engine for model 'rbfsvm' has not been set explicitly, hence returning None.
2026-09-15 11:38:18,935:WARNING:
'xgboost' is a soft dependency and not included in the pycaret installation. Please run: `pip install xgboost` to install.
Alternately, you can install this by running `pip install pycaret[models]`
2026-09-15 11:38:18,936:WARNING:
'catboost' is a soft dependency and not included in the pycaret installation. Please run: `pip install catboost` to install.
Alternately, you can install this by running `pip install pycaret[models]`
2026-09-15 11:38:18,936:INFO:Engine successfully changes for model 'rbfsvm' to 'sklearn'.
2026-09-15 11:38:18,977:WARNING:
'xgboost' is a soft dependency and not included in the pycaret installation. Please run: `pip install xgboost` to install.
Alternately, you can install this by running `pip install pycaret[models]`
2026-09-15 11:38:18,977:WARNING:
'catboost' is a soft dependency and not included in the pycaret installation. Please run: `pip install catboost` to install.
Alternately, you can install this by running `pip install pycaret[models]`
2026-09-15 11:38:19,023:WARNING:
'xgboost' is a soft dependency and not included in the pycaret installation. Please run: `pip install xgboost` to install.
Alternately, you can install this by running `pip install pycaret[models]`
2026-09-15 11:38:19,023:WARNING:
'catboost' is a soft dependency and not included in the pycaret installation. Please run: `pip install catboost` to install.
Alternately, you can install this by running `pip install pycaret[models]`
2026-09-15 11:38:19,025:INFO:Preparing preprocessing pipeline...
2026-09-15 11:38:19,026:INFO:Set up simple imputation.
2026-09-15 11:38:19,027:INFO:Set up column name cleaning.
2026-09-15 11:38:19,041:INFO:Finished creating preprocessing pipeline.
2026-09-15 11:38:19,044:INFO:Pipeline: Pipeline(memory=FastMemory(location=C:\Users\TELORY~1\AppData\Local\Temp\joblib),
         steps=[('numerical_imputer',
                 TransformerWrapper(exclude=None,
                                    include=['sepal length (cm)',
                                             'sepal width (cm)',
                                             'petal length (cm)',
                                             'petal width (cm)'],
                                    transformer=SimpleImputer(add_indicator=False,
                                                              copy=True,
                                                              fill_value=None,
                                                              keep_empty_features=False,
                                                              missing_values=nan,
                                                              strategy='me...
                 TransformerWrapper(exclude=None, include=[],
                                    transformer=SimpleImputer(add_indicator=False,
                                                              copy=True,
                                                              fill_value=None,
                                                              keep_empty_features=False,
                                                              missing_values=nan,
                                                              strategy='most_frequent',
                                                              verbose='deprecated'))),
                ('clean_column_names',
                 TransformerWrapper(exclude=None, include=None,
                                    transformer=CleanColumnNames(match='[\\]\\[\\,\\{\\}\\"\\:]+')))],
         verbose=False)
2026-09-15 11:38:19,044:INFO:Creating final display dataframe.
2026-09-15 11:38:19,080:INFO:Setup _display_container:                     Description             Value
0                    Session id              6907
1                        Target            Target
2                   Target type        Multiclass
3           Original data shape          (150, 5)
4        Transformed data shape          (150, 5)
5   Transformed train set shape          (105, 5)
6    Transformed test set shape           (45, 5)
7              Numeric features                 4
8                    Preprocess              True
9               Imputation type            simple
10           Numeric imputation              mean
11       Categorical imputation              mode
12               Fold Generator   StratifiedKFold
13                  Fold Number                10
14                     CPU Jobs                -1
15                      Use GPU             False
16               Log Experiment             False
17              Experiment Name  clf-default-name
18                          USI              880f
2026-09-15 11:38:19,129:WARNING:
'xgboost' is a soft dependency and not included in the pycaret installation. Please run: `pip install xgboost` to install.
Alternately, you can install this by running `pip install pycaret[models]`
2026-09-15 11:38:19,129:WARNING:
'catboost' is a soft dependency and not included in the pycaret installation. Please run: `pip install catboost` to install.
Alternately, you can install this by running `pip install pycaret[models]`
2026-09-15 11:38:19,175:WARNING:
'xgboost' is a soft dependency and not included in the pycaret installation. Please run: `pip install xgboost` to install.
Alternately, you can install this by running `pip install pycaret[models]`
2026-09-15 11:38:19,175:WARNING:
'catboost' is a soft dependency and not included in the pycaret installation. Please run: `pip install catboost` to install.
Alternately, you can install this by running `pip install pycaret[models]`
2026-09-15 11:38:19,175:INFO:setup() successfully completed in 0.44s...............
2026-09-15 11:38:19,175:INFO:Initializing compare_models()
2026-09-15 11:38:19,175:INFO:compare_models(self=<pycaret.classification.oop.ClassificationExperiment object at 0x00000200A2358670>, include=None, fold=None, round=4, cross_validation=True, sort=Accuracy, n_select=1, budget_time=None, turbo=True, errors=ignore, fit_kwargs=None, groups=None, experiment_custom_tags=None, probability_threshold=None, verbose=True, parallel=None, caller_params={'self': <pycaret.classification.oop.ClassificationExperiment object at 0x00000200A2358670>, 'include': None, 'exclude': None, 'fold': None, 'round': 4, 'cross_validation': True, 'sort': 'Accuracy', 'n_select': 1, 'budget_time': None, 'turbo': True, 'errors': 'ignore', 'fit_kwargs': None, 'groups': None, 'experiment_custom_tags': None, 'probability_threshold': None, 'engine': None, 'verbose': True, 'parallel': None, '__class__': <class 'pycaret.classification.oop.ClassificationExperiment'>}, exclude=None)
2026-09-15 11:38:19,175:INFO:Checking exceptions
2026-09-15 11:38:19,177:INFO:Preparing display monitor
2026-09-15 11:38:19,181:INFO:Initializing Logistic Regression
2026-09-15 11:38:19,181:INFO:Total runtime is 0.0 minutes
2026-09-15 11:38:19,182:INFO:SubProcess create_model() called ==================================
2026-09-15 11:38:19,182:INFO:Initializing create_model()
2026-09-15 11:38:19,182:INFO:create_model(self=<pycaret.classification.oop.ClassificationExperiment object at 0x00000200A2358670>, estimator=lr, fold=StratifiedKFold(n_splits=10, random_state=None, shuffle=False), round=4, cross_validation=True, predict=True, fit_kwargs={}, groups=None, refit=False, probability_threshold=None, experiment_custom_tags=None, verbose=False, system=False, add_to_model_list=True, metrics=None, display=<pycaret.internal.display.display.CommonDisplay object at 0x00000200D9E3FCD0>, model_only=True, return_train_score=False, error_score=0.0, kwargs={})
2026-09-15 11:38:19,182:INFO:Checking exceptions
2026-09-15 11:38:19,182:INFO:Importing libraries
2026-09-15 11:38:19,182:INFO:Copying training dataset
2026-09-15 11:38:19,184:INFO:Defining folds
2026-09-15 11:38:19,184:INFO:Declaring metric variables
2026-09-15 11:38:19,184:INFO:Importing untrained model
2026-09-15 11:38:19,185:INFO:Logistic Regression Imported successfully
2026-09-15 11:38:19,185:INFO:Starting cross validation
2026-09-15 11:38:19,185:INFO:Cross validating with StratifiedKFold(n_splits=10, random_state=None, shuffle=False), n_jobs=-1
2026-09-15 11:38:21,562:INFO:Calculating mean and std
2026-09-15 11:38:21,563:INFO:Creating metrics dataframe
2026-09-15 11:38:21,568:INFO:Uploading results into container
2026-09-15 11:38:21,569:INFO:Uploading model into container now
2026-09-15 11:38:21,569:INFO:_master_model_container: 1
2026-09-15 11:38:21,569:INFO:_display_container: 2
2026-09-15 11:38:21,570:INFO:LogisticRegression(C=1.0, class_weight=None, dual=False, fit_intercept=True,
                   intercept_scaling=1, l1_ratio=None, max_iter=1000,
                   multi_class='auto', n_jobs=None, penalty='l2',
                   random_state=6907, solver='lbfgs', tol=0.0001, verbose=0,
                   warm_start=False)
2026-09-15 11:38:21,570:INFO:create_model() successfully completed......................................
2026-09-15 11:38:21,633:INFO:SubProcess create_model() end ==================================
2026-09-15 11:38:21,633:INFO:Creating metrics dataframe
2026-09-15 11:38:21,636:INFO:Initializing K Neighbors Classifier
2026-09-15 11:38:21,636:INFO:Total runtime is 0.040905805428822835 minutes
2026-09-15 11:38:21,636:INFO:SubProcess create_model() called ==================================
2026-09-15 11:38:21,636:INFO:Initializing create_model()
2026-09-15 11:38:21,636:INFO:create_model(self=<pycaret.classification.oop.ClassificationExperiment object at 0x00000200A2358670>, estimator=knn, fold=StratifiedKFold(n_splits=10, random_state=None, shuffle=False), round=4, cross_validation=True, predict=True, fit_kwargs={}, groups=None, refit=False, probability_threshold=None, experiment_custom_tags=None, verbose=False, system=False, add_to_model_list=True, metrics=None, display=<pycaret.internal.display.display.CommonDisplay object at 0x00000200D9E3FCD0>, model_only=True, return_train_score=False, error_score=0.0, kwargs={})
2026-09-15 11:38:21,636:INFO:Checking exceptions
2026-09-15 11:38:21,636:INFO:Importing libraries
2026-09-15 11:38:21,636:INFO:Copying training dataset
2026-09-15 11:38:21,637:INFO:Defining folds
2026-09-15 11:38:21,637:INFO:Declaring metric variables
2026-09-15 11:38:21,638:INFO:Importing untrained model
2026-09-15 11:38:21,638:INFO:K Neighbors Classifier Imported successfully
2026-09-15 11:38:21,638:INFO:Starting cross validation
2026-09-15 11:38:21,638:INFO:Cross validating with StratifiedKFold(n_splits=10, random_state=None, shuffle=False), n_jobs=-1
2026-09-15 11:38:22,719:INFO:Calculating mean and std
2026-09-15 11:38:22,720:INFO:Creating metrics dataframe
2026-09-15 11:38:22,724:INFO:Uploading results into container
2026-09-15 11:38:22,725:INFO:Uploading model into container now
2026-09-15 11:38:22,726:INFO:_master_model_container: 2
2026-09-15 11:38:22,726:INFO:_display_container: 2
2026-09-15 11:38:22,726:INFO:KNeighborsClassifier(algorithm='auto', leaf_size=30, metric='minkowski',
                     metric_params=None, n_jobs=-1, n_neighbors=5, p=2,
                     weights='uniform')
2026-09-15 11:38:22,726:INFO:create_model() successfully completed......................................
2026-09-15 11:38:22,778:INFO:SubProcess create_model() end ==================================
2026-09-15 11:38:22,779:INFO:Creating metrics dataframe
2026-09-15 11:38:22,782:INFO:Initializing Naive Bayes
2026-09-15 11:38:22,782:INFO:Total runtime is 0.06001009543736775 minutes
2026-09-15 11:38:22,782:INFO:SubProcess create_model() called ==================================
2026-09-15 11:38:22,782:INFO:Initializing create_model()
2026-09-15 11:38:22,782:INFO:create_model(self=<pycaret.classification.oop.ClassificationExperiment object at 0x00000200A2358670>, estimator=nb, fold=StratifiedKFold(n_splits=10, random_state=None, shuffle=False), round=4, cross_validation=True, predict=True, fit_kwargs={}, groups=None, refit=False, probability_threshold=None, experiment_custom_tags=None, verbose=False, system=False, add_to_model_list=True, metrics=None, display=<pycaret.internal.display.display.CommonDisplay object at 0x00000200D9E3FCD0>, model_only=True, return_train_score=False, error_score=0.0, kwargs={})
2026-09-15 11:38:22,782:INFO:Checking exceptions
2026-09-15 11:38:22,782:INFO:Importing libraries
2026-09-15 11:38:22,783:INFO:Copying training dataset
2026-09-15 11:38:22,784:INFO:Defining folds
2026-09-15 11:38:22,784:INFO:Declaring metric variables
2026-09-15 11:38:22,784:INFO:Importing untrained model
2026-09-15 11:38:22,784:INFO:Naive Bayes Imported successfully
2026-09-15 11:38:22,786:INFO:Starting cross validation
2026-09-15 11:38:22,786:INFO:Cross validating with StratifiedKFold(n_splits=10, random_state=None, shuffle=False), n_jobs=-1
2026-09-15 11:38:22,836:INFO:Calculating mean and std
2026-09-15 11:38:22,836:INFO:Creating metrics dataframe
2026-09-15 11:38:22,838:INFO:Uploading results into container
2026-09-15 11:38:22,839:INFO:Uploading model into container now
2026-09-15 11:38:22,839:INFO:_master_model_container: 3
2026-09-15 11:38:22,839:INFO:_display_container: 2
2026-09-15 11:38:22,839:INFO:GaussianNB(priors=None, var_smoothing=1e-09)
2026-09-15 11:38:22,839:INFO:create_model() successfully completed......................................
2026-09-15 11:38:22,885:INFO:SubProcess create_model() end ==================================
2026-09-15 11:38:22,885:INFO:Creating metrics dataframe
2026-09-15 11:38:22,888:INFO:Initializing Decision Tree Classifier
2026-09-15 11:38:22,888:INFO:Total runtime is 0.061784593264261875 minutes
2026-09-15 11:38:22,888:INFO:SubProcess create_model() called ==================================
2026-09-15 11:38:22,888:INFO:Initializing create_model()
2026-09-15 11:38:22,888:INFO:create_model(self=<pycaret.classification.oop.ClassificationExperiment object at 0x00000200A2358670>, estimator=dt, fold=StratifiedKFold(n_splits=10, random_state=None, shuffle=False), round=4, cross_validation=True, predict=True, fit_kwargs={}, groups=None, refit=False, probability_threshold=None, experiment_custom_tags=None, verbose=False, system=False, add_to_model_list=True, metrics=None, display=<pycaret.internal.display.display.CommonDisplay object at 0x00000200D9E3FCD0>, model_only=True, return_train_score=False, error_score=0.0, kwargs={})
2026-09-15 11:38:22,888:INFO:Checking exceptions
2026-09-15 11:38:22,888:INFO:Importing libraries
2026-09-15 11:38:22,888:INFO:Copying training dataset
2026-09-15 11:38:22,890:INFO:Defining folds
2026-09-15 11:38:22,890:INFO:Declaring metric variables
2026-09-15 11:38:22,890:INFO:Importing untrained model
2026-09-15 11:38:22,890:INFO:Decision Tree Classifier Imported successfully
2026-09-15 11:38:22,890:INFO:Starting cross validation
2026-09-15 11:38:22,891:INFO:Cross validating with StratifiedKFold(n_splits=10, random_state=None, shuffle=False), n_jobs=-1
2026-09-15 11:38:22,937:INFO:Calculating mean and std
2026-09-15 11:38:22,938:INFO:Creating metrics dataframe
2026-09-15 11:38:22,941:INFO:Uploading results into container
2026-09-15 11:38:22,941:INFO:Uploading model into container now
2026-09-15 11:38:22,942:INFO:_master_model_container: 4
2026-09-15 11:38:22,942:INFO:_display_container: 2
2026-09-15 11:38:22,942:INFO:DecisionTreeClassifier(ccp_alpha=0.0, class_weight=None, criterion='gini',
                       max_depth=None, max_features=None, max_leaf_nodes=None,
                       min_impurity_decrease=0.0, min_samples_leaf=1,
                       min_samples_split=2, min_weight_fraction_leaf=0.0,
                       random_state=6907, splitter='best')
2026-09-15 11:38:22,942:INFO:create_model() successfully completed......................................
2026-09-15 11:38:22,987:INFO:SubProcess create_model() end ==================================
2026-09-15 11:38:22,987:INFO:Creating metrics dataframe
2026-09-15 11:38:22,990:INFO:Initializing SVM - Linear Kernel
2026-09-15 11:38:22,991:INFO:Total runtime is 0.06349360148111978 minutes
2026-09-15 11:38:22,991:INFO:SubProcess create_model() called ==================================
2026-09-15 11:38:22,991:INFO:Initializing create_model()
2026-09-15 11:38:22,991:INFO:create_model(self=<pycaret.classification.oop.ClassificationExperiment object at 0x00000200A2358670>, estimator=svm, fold=StratifiedKFold(n_splits=10, random_state=None, shuffle=False), round=4, cross_validation=True, predict=True, fit_kwargs={}, groups=None, refit=False, probability_threshold=None, experiment_custom_tags=None, verbose=False, system=False, add_to_model_list=True, metrics=None, display=<pycaret.internal.display.display.CommonDisplay object at 0x00000200D9E3FCD0>, model_only=True, return_train_score=False, error_score=0.0, kwargs={})
2026-09-15 11:38:22,991:INFO:Checking exceptions
2026-09-15 11:38:22,991:INFO:Importing libraries
2026-09-15 11:38:22,991:INFO:Copying training dataset
2026-09-15 11:38:22,993:INFO:Defining folds
2026-09-15 11:38:22,993:INFO:Declaring metric variables
2026-09-15 11:38:22,993:INFO:Importing untrained model
2026-09-15 11:38:22,993:INFO:SVM - Linear Kernel Imported successfully
2026-09-15 11:38:22,993:INFO:Starting cross validation
2026-09-15 11:38:22,994:INFO:Cross validating with StratifiedKFold(n_splits=10, random_state=None, shuffle=False), n_jobs=-1
2026-09-15 11:38:23,028:WARNING:C:\Users\Telo Ryjeng\AppData\Local\Programs\Python\Python38\lib\site-packages\pycaret\internal\metrics.py:190: FitFailedWarning: Metric 'make_scorer(roc_auc_score, needs_proba=True, error_score=0.0, average=weighted, multi_class=ovr)' failed and error score 0.0 has been returned instead. If this is a custom metric, this usually means that the error is in the metric code. Full exception below:
Traceback (most recent call last):
  File "C:\Users\Telo Ryjeng\AppData\Local\Programs\Python\Python38\lib\site-packages\sklearn\metrics\_scorer.py", line 76, in _cached_call
    return cache[method]
KeyError: 'predict_proba'

During handling of the above exception, another exception occurred:

Traceback (most recent call last):
  File "C:\Users\Telo Ryjeng\AppData\Local\Programs\Python\Python38\lib\site-packages\pycaret\internal\metrics.py", line 182, in _score
    return super()._score(
  File "C:\Users\Telo Ryjeng\AppData\Local\Programs\Python\Python38\lib\site-packages\sklearn\metrics\_scorer.py", line 316, in _score
    y_pred = method_caller(clf, "predict_proba", X)
  File "C:\Users\Telo Ryjeng\AppData\Local\Programs\Python\Python38\lib\site-packages\sklearn\metrics\_scorer.py", line 78, in _cached_call
    result = getattr(estimator, method)(*args, **kwargs)
  File "C:\Users\Telo Ryjeng\AppData\Local\Programs\Python\Python38\lib\site-packages\pycaret\internal\pipeline.py", line 127, in __getattr__
    return getattr(self._final_estimator, name)
  File "C:\Users\Telo Ryjeng\AppData\Local\Programs\Python\Python38\lib\site-packages\sklearn\utils\_available_if.py", line 32, in __get__
    if not self.check(obj):
  File "C:\Users\Telo Ryjeng\AppData\Local\Programs\Python\Python38\lib\site-packages\sklearn\linear_model\_stochastic_gradient.py", line 1235, in _check_proba
    raise AttributeError(
AttributeError: probability estimates are not available for loss='hinge'

  warnings.warn(

2026-09-15 11:38:23,029:WARNING:C:\Users\Telo Ryjeng\AppData\Local\Programs\Python\Python38\lib\site-packages\pycaret\internal\metrics.py:190: FitFailedWarning: Metric 'make_scorer(roc_auc_score, needs_proba=True, error_score=0.0, average=weighted, multi_class=ovr)' failed and error score 0.0 has been returned instead. If this is a custom metric, this usually means that the error is in the metric code. Full exception below:
Traceback (most recent call last):
  File "C:\Users\Telo Ryjeng\AppData\Local\Programs\Python\Python38\lib\site-packages\sklearn\metrics\_scorer.py", line 76, in _cached_call
    return cache[method]
KeyError: 'predict_proba'

During handling of the above exception, another exception occurred:

Traceback (most recent call last):
  File "C:\Users\Telo Ryjeng\AppData\Local\Programs\Python\Python38\lib\site-packages\pycaret\internal\metrics.py", line 182, in _score
    return super()._score(
  File "C:\Users\Telo Ryjeng\AppData\Local\Programs\Python\Python38\lib\site-packages\sklearn\metrics\_scorer.py", line 316, in _score
    y_pred = method_caller(clf, "predict_proba", X)
  File "C:\Users\Telo Ryjeng\AppData\Local\Programs\Python\Python38\lib\site-packages\sklearn\metrics\_scorer.py", line 78, in _cached_call
    result = getattr(estimator, method)(*args, **kwargs)
  File "C:\Users\Telo Ryjeng\AppData\Local\Programs\Python\Python38\lib\site-packages\pycaret\internal\pipeline.py", line 127, in __getattr__
    return getattr(self._final_estimator, name)
  File "C:\Users\Telo Ryjeng\AppData\Local\Programs\Python\Python38\lib\site-packages\sklearn\utils\_available_if.py", line 32, in __get__
    if not self.check(obj):
  File "C:\Users\Telo Ryjeng\AppData\Local\Programs\Python\Python38\lib\site-packages\sklearn\linear_model\_stochastic_gradient.py", line 1235, in _check_proba
    raise AttributeError(
AttributeError: probability estimates are not available for loss='hinge'

  warnings.warn(

2026-09-15 11:38:23,030:WARNING:C:\Users\Telo Ryjeng\AppData\Local\Programs\Python\Python38\lib\site-packages\pycaret\internal\metrics.py:190: FitFailedWarning: Metric 'make_scorer(roc_auc_score, needs_proba=True, error_score=0.0, average=weighted, multi_class=ovr)' failed and error score 0.0 has been returned instead. If this is a custom metric, this usually means that the error is in the metric code. Full exception below:
Traceback (most recent call last):
  File "C:\Users\Telo Ryjeng\AppData\Local\Programs\Python\Python38\lib\site-packages\sklearn\metrics\_scorer.py", line 76, in _cached_call
    return cache[method]
KeyError: 'predict_proba'

During handling of the above exception, another exception occurred:

Traceback (most recent call last):
  File "C:\Users\Telo Ryjeng\AppData\Local\Programs\Python\Python38\lib\site-packages\pycaret\internal\metrics.py", line 182, in _score
    return super()._score(
  File "C:\Users\Telo Ryjeng\AppData\Local\Programs\Python\Python38\lib\site-packages\sklearn\metrics\_scorer.py", line 316, in _score
    y_pred = method_caller(clf, "predict_proba", X)
  File "C:\Users\Telo Ryjeng\AppData\Local\Programs\Python\Python38\lib\site-packages\sklearn\metrics\_scorer.py", line 78, in _cached_call
    result = getattr(estimator, method)(*args, **kwargs)
  File "C:\Users\Telo Ryjeng\AppData\Local\Programs\Python\Python38\lib\site-packages\pycaret\internal\pipeline.py", line 127, in __getattr__
    return getattr(self._final_estimator, name)
  File "C:\Users\Telo Ryjeng\AppData\Local\Programs\Python\Python38\lib\site-packages\sklearn\utils\_available_if.py", line 32, in __get__
    if not self.check(obj):
  File "C:\Users\Telo Ryjeng\AppData\Local\Programs\Python\Python38\lib\site-packages\sklearn\linear_model\_stochastic_gradient.py", line 1235, in _check_proba
    raise AttributeError(
AttributeError: probability estimates are not available for loss='hinge'

  warnings.warn(

2026-09-15 11:38:23,034:WARNING:C:\Users\Telo Ryjeng\AppData\Local\Programs\Python\Python38\lib\site-packages\sklearn\metrics\_classification.py:1344: UndefinedMetricWarning: Precision is ill-defined and being set to 0.0 in labels with no predicted samples. Use `zero_division` parameter to control this behavior.
  _warn_prf(average, modifier, msg_start, len(result))

2026-09-15 11:38:23,035:WARNING:C:\Users\Telo Ryjeng\AppData\Local\Programs\Python\Python38\lib\site-packages\sklearn\metrics\_classification.py:1344: UndefinedMetricWarning: Precision is ill-defined and being set to 0.0 in labels with no predicted samples. Use `zero_division` parameter to control this behavior.
  _warn_prf(average, modifier, msg_start, len(result))

2026-09-15 11:38:23,035:WARNING:C:\Users\Telo Ryjeng\AppData\Local\Programs\Python\Python38\lib\site-packages\pycaret\internal\metrics.py:190: FitFailedWarning: Metric 'make_scorer(roc_auc_score, needs_proba=True, error_score=0.0, average=weighted, multi_class=ovr)' failed and error score 0.0 has been returned instead. If this is a custom metric, this usually means that the error is in the metric code. Full exception below:
Traceback (most recent call last):
  File "C:\Users\Telo Ryjeng\AppData\Local\Programs\Python\Python38\lib\site-packages\sklearn\metrics\_scorer.py", line 76, in _cached_call
    return cache[method]
KeyError: 'predict_proba'

During handling of the above exception, another exception occurred:

Traceback (most recent call last):
  File "C:\Users\Telo Ryjeng\AppData\Local\Programs\Python\Python38\lib\site-packages\pycaret\internal\metrics.py", line 182, in _score
    return super()._score(
  File "C:\Users\Telo Ryjeng\AppData\Local\Programs\Python\Python38\lib\site-packages\sklearn\metrics\_scorer.py", line 316, in _score
    y_pred = method_caller(clf, "predict_proba", X)
  File "C:\Users\Telo Ryjeng\AppData\Local\Programs\Python\Python38\lib\site-packages\sklearn\metrics\_scorer.py", line 78, in _cached_call
    result = getattr(estimator, method)(*args, **kwargs)
  File "C:\Users\Telo Ryjeng\AppData\Local\Programs\Python\Python38\lib\site-packages\pycaret\internal\pipeline.py", line 127, in __getattr__
    return getattr(self._final_estimator, name)
  File "C:\Users\Telo Ryjeng\AppData\Local\Programs\Python\Python38\lib\site-packages\sklearn\utils\_available_if.py", line 32, in __get__
    if not self.check(obj):
  File "C:\Users\Telo Ryjeng\AppData\Local\Programs\Python\Python38\lib\site-packages\sklearn\linear_model\_stochastic_gradient.py", line 1235, in _check_proba
    raise AttributeError(
AttributeError: probability estimates are not available for loss='hinge'

  warnings.warn(

2026-09-15 11:38:23,036:WARNING:C:\Users\Telo Ryjeng\AppData\Local\Programs\Python\Python38\lib\site-packages\pycaret\internal\metrics.py:190: FitFailedWarning: Metric 'make_scorer(roc_auc_score, needs_proba=True, error_score=0.0, average=weighted, multi_class=ovr)' failed and error score 0.0 has been returned instead. If this is a custom metric, this usually means that the error is in the metric code. Full exception below:
Traceback (most recent call last):
  File "C:\Users\Telo Ryjeng\AppData\Local\Programs\Python\Python38\lib\site-packages\sklearn\metrics\_scorer.py", line 76, in _cached_call
    return cache[method]
KeyError: 'predict_proba'

During handling of the above exception, another exception occurred:

Traceback (most recent call last):
  File "C:\Users\Telo Ryjeng\AppData\Local\Programs\Python\Python38\lib\site-packages\pycaret\internal\metrics.py", line 182, in _score
    return super()._score(
  File "C:\Users\Telo Ryjeng\AppData\Local\Programs\Python\Python38\lib\site-packages\sklearn\metrics\_scorer.py", line 316, in _score
    y_pred = method_caller(clf, "predict_proba", X)
  File "C:\Users\Telo Ryjeng\AppData\Local\Programs\Python\Python38\lib\site-packages\sklearn\metrics\_scorer.py", line 78, in _cached_call
    result = getattr(estimator, method)(*args, **kwargs)
  File "C:\Users\Telo Ryjeng\AppData\Local\Programs\Python\Python38\lib\site-packages\pycaret\internal\pipeline.py", line 127, in __getattr__
    return getattr(self._final_estimator, name)
  File "C:\Users\Telo Ryjeng\AppData\Local\Programs\Python\Python38\lib\site-packages\sklearn\utils\_available_if.py", line 32, in __get__
    if not self.check(obj):
  File "C:\Users\Telo Ryjeng\AppData\Local\Programs\Python\Python38\lib\site-packages\sklearn\linear_model\_stochastic_gradient.py", line 1235, in _check_proba
    raise AttributeError(
AttributeError: probability estimates are not available for loss='hinge'

  warnings.warn(

2026-09-15 11:38:23,036:WARNING:C:\Users\Telo Ryjeng\AppData\Local\Programs\Python\Python38\lib\site-packages\pycaret\internal\metrics.py:190: FitFailedWarning: Metric 'make_scorer(roc_auc_score, needs_proba=True, error_score=0.0, average=weighted, multi_class=ovr)' failed and error score 0.0 has been returned instead. If this is a custom metric, this usually means that the error is in the metric code. Full exception below:
Traceback (most recent call last):
  File "C:\Users\Telo Ryjeng\AppData\Local\Programs\Python\Python38\lib\site-packages\sklearn\metrics\_scorer.py", line 76, in _cached_call
    return cache[method]
KeyError: 'predict_proba'

During handling of the above exception, another exception occurred:

Traceback (most recent call last):
  File "C:\Users\Telo Ryjeng\AppData\Local\Programs\Python\Python38\lib\site-packages\pycaret\internal\metrics.py", line 182, in _score
    return super()._score(
  File "C:\Users\Telo Ryjeng\AppData\Local\Programs\Python\Python38\lib\site-packages\sklearn\metrics\_scorer.py", line 316, in _score
    y_pred = method_caller(clf, "predict_proba", X)
  File "C:\Users\Telo Ryjeng\AppData\Local\Programs\Python\Python38\lib\site-packages\sklearn\metrics\_scorer.py", line 78, in _cached_call
    result = getattr(estimator, method)(*args, **kwargs)
  File "C:\Users\Telo Ryjeng\AppData\Local\Programs\Python\Python38\lib\site-packages\pycaret\internal\pipeline.py", line 127, in __getattr__
    return getattr(self._final_estimator, name)
  File "C:\Users\Telo Ryjeng\AppData\Local\Programs\Python\Python38\lib\site-packages\sklearn\utils\_available_if.py", line 32, in __get__
    if not self.check(obj):
  File "C:\Users\Telo Ryjeng\AppData\Local\Programs\Python\Python38\lib\site-packages\sklearn\linear_model\_stochastic_gradient.py", line 1235, in _check_proba
    raise AttributeError(
AttributeError: probability estimates are not available for loss='hinge'

  warnings.warn(

2026-09-15 11:38:23,038:WARNING:C:\Users\Telo Ryjeng\AppData\Local\Programs\Python\Python38\lib\site-packages\pycaret\internal\metrics.py:190: FitFailedWarning: Metric 'make_scorer(roc_auc_score, needs_proba=True, error_score=0.0, average=weighted, multi_class=ovr)' failed and error score 0.0 has been returned instead. If this is a custom metric, this usually means that the error is in the metric code. Full exception below:
Traceback (most recent call last):
  File "C:\Users\Telo Ryjeng\AppData\Local\Programs\Python\Python38\lib\site-packages\sklearn\metrics\_scorer.py", line 76, in _cached_call
    return cache[method]
KeyError: 'predict_proba'

During handling of the above exception, another exception occurred:

Traceback (most recent call last):
  File "C:\Users\Telo Ryjeng\AppData\Local\Programs\Python\Python38\lib\site-packages\pycaret\internal\metrics.py", line 182, in _score
    return super()._score(
  File "C:\Users\Telo Ryjeng\AppData\Local\Programs\Python\Python38\lib\site-packages\sklearn\metrics\_scorer.py", line 316, in _score
    y_pred = method_caller(clf, "predict_proba", X)
  File "C:\Users\Telo Ryjeng\AppData\Local\Programs\Python\Python38\lib\site-packages\sklearn\metrics\_scorer.py", line 78, in _cached_call
    result = getattr(estimator, method)(*args, **kwargs)
  File "C:\Users\Telo Ryjeng\AppData\Local\Programs\Python\Python38\lib\site-packages\pycaret\internal\pipeline.py", line 127, in __getattr__
    return getattr(self._final_estimator, name)
  File "C:\Users\Telo Ryjeng\AppData\Local\Programs\Python\Python38\lib\site-packages\sklearn\utils\_available_if.py", line 32, in __get__
    if not self.check(obj):
  File "C:\Users\Telo Ryjeng\AppData\Local\Programs\Python\Python38\lib\site-packages\sklearn\linear_model\_stochastic_gradient.py", line 1235, in _check_proba
    raise AttributeError(
AttributeError: probability estimates are not available for loss='hinge'

  warnings.warn(

2026-09-15 11:38:23,039:WARNING:C:\Users\Telo Ryjeng\AppData\Local\Programs\Python\Python38\lib\site-packages\pycaret\internal\metrics.py:190: FitFailedWarning: Metric 'make_scorer(roc_auc_score, needs_proba=True, error_score=0.0, average=weighted, multi_class=ovr)' failed and error score 0.0 has been returned instead. If this is a custom metric, this usually means that the error is in the metric code. Full exception below:
Traceback (most recent call last):
  File "C:\Users\Telo Ryjeng\AppData\Local\Programs\Python\Python38\lib\site-packages\sklearn\metrics\_scorer.py", line 76, in _cached_call
    return cache[method]
KeyError: 'predict_proba'

During handling of the above exception, another exception occurred:

Traceback (most recent call last):
  File "C:\Users\Telo Ryjeng\AppData\Local\Programs\Python\Python38\lib\site-packages\pycaret\internal\metrics.py", line 182, in _score
    return super()._score(
  File "C:\Users\Telo Ryjeng\AppData\Local\Programs\Python\Python38\lib\site-packages\sklearn\metrics\_scorer.py", line 316, in _score
    y_pred = method_caller(clf, "predict_proba", X)
  File "C:\Users\Telo Ryjeng\AppData\Local\Programs\Python\Python38\lib\site-packages\sklearn\metrics\_scorer.py", line 78, in _cached_call
    result = getattr(estimator, method)(*args, **kwargs)
  File "C:\Users\Telo Ryjeng\AppData\Local\Programs\Python\Python38\lib\site-packages\pycaret\internal\pipeline.py", line 127, in __getattr__
    return getattr(self._final_estimator, name)
  File "C:\Users\Telo Ryjeng\AppData\Local\Programs\Python\Python38\lib\site-packages\sklearn\utils\_available_if.py", line 32, in __get__
    if not self.check(obj):
  File "C:\Users\Telo Ryjeng\AppData\Local\Programs\Python\Python38\lib\site-packages\sklearn\linear_model\_stochastic_gradient.py", line 1235, in _check_proba
    raise AttributeError(
AttributeError: probability estimates are not available for loss='hinge'

  warnings.warn(

2026-09-15 11:38:23,041:WARNING:C:\Users\Telo Ryjeng\AppData\Local\Programs\Python\Python38\lib\site-packages\sklearn\metrics\_classification.py:1344: UndefinedMetricWarning: Precision is ill-defined and being set to 0.0 in labels with no predicted samples. Use `zero_division` parameter to control this behavior.
  _warn_prf(average, modifier, msg_start, len(result))

2026-09-15 11:38:23,041:WARNING:C:\Users\Telo Ryjeng\AppData\Local\Programs\Python\Python38\lib\site-packages\sklearn\metrics\_classification.py:1344: UndefinedMetricWarning: Precision is ill-defined and being set to 0.0 in labels with no predicted samples. Use `zero_division` parameter to control this behavior.
  _warn_prf(average, modifier, msg_start, len(result))

2026-09-15 11:38:23,043:WARNING:C:\Users\Telo Ryjeng\AppData\Local\Programs\Python\Python38\lib\site-packages\sklearn\metrics\_classification.py:1344: UndefinedMetricWarning: Precision is ill-defined and being set to 0.0 in labels with no predicted samples. Use `zero_division` parameter to control this behavior.
  _warn_prf(average, modifier, msg_start, len(result))

2026-09-15 11:38:23,049:WARNING:C:\Users\Telo Ryjeng\AppData\Local\Programs\Python\Python38\lib\site-packages\pycaret\internal\metrics.py:190: FitFailedWarning: Metric 'make_scorer(roc_auc_score, needs_proba=True, error_score=0.0, average=weighted, multi_class=ovr)' failed and error score 0.0 has been returned instead. If this is a custom metric, this usually means that the error is in the metric code. Full exception below:
Traceback (most recent call last):
  File "C:\Users\Telo Ryjeng\AppData\Local\Programs\Python\Python38\lib\site-packages\sklearn\metrics\_scorer.py", line 76, in _cached_call
    return cache[method]
KeyError: 'predict_proba'

During handling of the above exception, another exception occurred:

Traceback (most recent call last):
  File "C:\Users\Telo Ryjeng\AppData\Local\Programs\Python\Python38\lib\site-packages\pycaret\internal\metrics.py", line 182, in _score
    return super()._score(
  File "C:\Users\Telo Ryjeng\AppData\Local\Programs\Python\Python38\lib\site-packages\sklearn\metrics\_scorer.py", line 316, in _score
    y_pred = method_caller(clf, "predict_proba", X)
  File "C:\Users\Telo Ryjeng\AppData\Local\Programs\Python\Python38\lib\site-packages\sklearn\metrics\_scorer.py", line 78, in _cached_call
    result = getattr(estimator, method)(*args, **kwargs)
  File "C:\Users\Telo Ryjeng\AppData\Local\Programs\Python\Python38\lib\site-packages\pycaret\internal\pipeline.py", line 127, in __getattr__
    return getattr(self._final_estimator, name)
  File "C:\Users\Telo Ryjeng\AppData\Local\Programs\Python\Python38\lib\site-packages\sklearn\utils\_available_if.py", line 32, in __get__
    if not self.check(obj):
  File "C:\Users\Telo Ryjeng\AppData\Local\Programs\Python\Python38\lib\site-packages\sklearn\linear_model\_stochastic_gradient.py", line 1235, in _check_proba
    raise AttributeError(
AttributeError: probability estimates are not available for loss='hinge'

  warnings.warn(

2026-09-15 11:38:23,050:WARNING:C:\Users\Telo Ryjeng\AppData\Local\Programs\Python\Python38\lib\site-packages\pycaret\internal\metrics.py:190: FitFailedWarning: Metric 'make_scorer(roc_auc_score, needs_proba=True, error_score=0.0, average=weighted, multi_class=ovr)' failed and error score 0.0 has been returned instead. If this is a custom metric, this usually means that the error is in the metric code. Full exception below:
Traceback (most recent call last):
  File "C:\Users\Telo Ryjeng\AppData\Local\Programs\Python\Python38\lib\site-packages\sklearn\metrics\_scorer.py", line 76, in _cached_call
    return cache[method]
KeyError: 'predict_proba'

During handling of the above exception, another exception occurred:

Traceback (most recent call last):
  File "C:\Users\Telo Ryjeng\AppData\Local\Programs\Python\Python38\lib\site-packages\pycaret\internal\metrics.py", line 182, in _score
    return super()._score(
  File "C:\Users\Telo Ryjeng\AppData\Local\Programs\Python\Python38\lib\site-packages\sklearn\metrics\_scorer.py", line 316, in _score
    y_pred = method_caller(clf, "predict_proba", X)
  File "C:\Users\Telo Ryjeng\AppData\Local\Programs\Python\Python38\lib\site-packages\sklearn\metrics\_scorer.py", line 78, in _cached_call
    result = getattr(estimator, method)(*args, **kwargs)
  File "C:\Users\Telo Ryjeng\AppData\Local\Programs\Python\Python38\lib\site-packages\pycaret\internal\pipeline.py", line 127, in __getattr__
    return getattr(self._final_estimator, name)
  File "C:\Users\Telo Ryjeng\AppData\Local\Programs\Python\Python38\lib\site-packages\sklearn\utils\_available_if.py", line 32, in __get__
    if not self.check(obj):
  File "C:\Users\Telo Ryjeng\AppData\Local\Programs\Python\Python38\lib\site-packages\sklearn\linear_model\_stochastic_gradient.py", line 1235, in _check_proba
    raise AttributeError(
AttributeError: probability estimates are not available for loss='hinge'

  warnings.warn(

2026-09-15 11:38:23,055:INFO:Calculating mean and std
2026-09-15 11:38:23,056:INFO:Creating metrics dataframe
2026-09-15 11:38:23,057:INFO:Uploading results into container
2026-09-15 11:38:23,058:INFO:Uploading model into container now
2026-09-15 11:38:23,058:INFO:_master_model_container: 5
2026-09-15 11:38:23,058:INFO:_display_container: 2
2026-09-15 11:38:23,058:INFO:SGDClassifier(alpha=0.0001, average=False, class_weight=None,
              early_stopping=False, epsilon=0.1, eta0=0.001, fit_intercept=True,
              l1_ratio=0.15, learning_rate='optimal', loss='hinge',
              max_iter=1000, n_iter_no_change=5, n_jobs=-1, penalty='l2',
              power_t=0.5, random_state=6907, shuffle=True, tol=0.001,
              validation_fraction=0.1, verbose=0, warm_start=False)
2026-09-15 11:38:23,058:INFO:create_model() successfully completed......................................
2026-09-15 11:38:23,105:INFO:SubProcess create_model() end ==================================
2026-09-15 11:38:23,105:INFO:Creating metrics dataframe
2026-09-15 11:38:23,108:INFO:Initializing Ridge Classifier
2026-09-15 11:38:23,108:INFO:Total runtime is 0.06544637282689411 minutes
2026-09-15 11:38:23,108:INFO:SubProcess create_model() called ==================================
2026-09-15 11:38:23,108:INFO:Initializing create_model()
2026-09-15 11:38:23,108:INFO:create_model(self=<pycaret.classification.oop.ClassificationExperiment object at 0x00000200A2358670>, estimator=ridge, fold=StratifiedKFold(n_splits=10, random_state=None, shuffle=False), round=4, cross_validation=True, predict=True, fit_kwargs={}, groups=None, refit=False, probability_threshold=None, experiment_custom_tags=None, verbose=False, system=False, add_to_model_list=True, metrics=None, display=<pycaret.internal.display.display.CommonDisplay object at 0x00000200D9E3FCD0>, model_only=True, return_train_score=False, error_score=0.0, kwargs={})
2026-09-15 11:38:23,108:INFO:Checking exceptions
2026-09-15 11:38:23,108:INFO:Importing libraries
2026-09-15 11:38:23,108:INFO:Copying training dataset
2026-09-15 11:38:23,110:INFO:Defining folds
2026-09-15 11:38:23,110:INFO:Declaring metric variables
2026-09-15 11:38:23,110:INFO:Importing untrained model
2026-09-15 11:38:23,110:INFO:Ridge Classifier Imported successfully
2026-09-15 11:38:23,110:INFO:Starting cross validation
2026-09-15 11:38:23,111:INFO:Cross validating with StratifiedKFold(n_splits=10, random_state=None, shuffle=False), n_jobs=-1
2026-09-15 11:38:23,134:WARNING:C:\Users\Telo Ryjeng\AppData\Local\Programs\Python\Python38\lib\site-packages\pycaret\internal\metrics.py:190: FitFailedWarning: Metric 'make_scorer(roc_auc_score, needs_proba=True, error_score=0.0, average=weighted, multi_class=ovr)' failed and error score 0.0 has been returned instead. If this is a custom metric, this usually means that the error is in the metric code. Full exception below:
Traceback (most recent call last):
  File "C:\Users\Telo Ryjeng\AppData\Local\Programs\Python\Python38\lib\site-packages\sklearn\metrics\_scorer.py", line 76, in _cached_call
    return cache[method]
KeyError: 'predict_proba'

During handling of the above exception, another exception occurred:

Traceback (most recent call last):
  File "C:\Users\Telo Ryjeng\AppData\Local\Programs\Python\Python38\lib\site-packages\pycaret\internal\metrics.py", line 182, in _score
    return super()._score(
  File "C:\Users\Telo Ryjeng\AppData\Local\Programs\Python\Python38\lib\site-packages\sklearn\metrics\_scorer.py", line 316, in _score
    y_pred = method_caller(clf, "predict_proba", X)
  File "C:\Users\Telo Ryjeng\AppData\Local\Programs\Python\Python38\lib\site-packages\sklearn\metrics\_scorer.py", line 78, in _cached_call
    result = getattr(estimator, method)(*args, **kwargs)
  File "C:\Users\Telo Ryjeng\AppData\Local\Programs\Python\Python38\lib\site-packages\pycaret\internal\pipeline.py", line 127, in __getattr__
    return getattr(self._final_estimator, name)
AttributeError: 'RidgeClassifier' object has no attribute 'predict_proba'

  warnings.warn(

2026-09-15 11:38:23,135:WARNING:C:\Users\Telo Ryjeng\AppData\Local\Programs\Python\Python38\lib\site-packages\pycaret\internal\metrics.py:190: FitFailedWarning: Metric 'make_scorer(roc_auc_score, needs_proba=True, error_score=0.0, average=weighted, multi_class=ovr)' failed and error score 0.0 has been returned instead. If this is a custom metric, this usually means that the error is in the metric code. Full exception below:
Traceback (most recent call last):
  File "C:\Users\Telo Ryjeng\AppData\Local\Programs\Python\Python38\lib\site-packages\sklearn\metrics\_scorer.py", line 76, in _cached_call
    return cache[method]
KeyError: 'predict_proba'

During handling of the above exception, another exception occurred:

Traceback (most recent call last):
  File "C:\Users\Telo Ryjeng\AppData\Local\Programs\Python\Python38\lib\site-packages\pycaret\internal\metrics.py", line 182, in _score
    return super()._score(
  File "C:\Users\Telo Ryjeng\AppData\Local\Programs\Python\Python38\lib\site-packages\sklearn\metrics\_scorer.py", line 316, in _score
    y_pred = method_caller(clf, "predict_proba", X)
  File "C:\Users\Telo Ryjeng\AppData\Local\Programs\Python\Python38\lib\site-packages\sklearn\metrics\_scorer.py", line 78, in _cached_call
    result = getattr(estimator, method)(*args, **kwargs)
  File "C:\Users\Telo Ryjeng\AppData\Local\Programs\Python\Python38\lib\site-packages\pycaret\internal\pipeline.py", line 127, in __getattr__
    return getattr(self._final_estimator, name)
AttributeError: 'RidgeClassifier' object has no attribute 'predict_proba'

  warnings.warn(

2026-09-15 11:38:23,136:WARNING:C:\Users\Telo Ryjeng\AppData\Local\Programs\Python\Python38\lib\site-packages\pycaret\internal\metrics.py:190: FitFailedWarning: Metric 'make_scorer(roc_auc_score, needs_proba=True, error_score=0.0, average=weighted, multi_class=ovr)' failed and error score 0.0 has been returned instead. If this is a custom metric, this usually means that the error is in the metric code. Full exception below:
Traceback (most recent call last):
  File "C:\Users\Telo Ryjeng\AppData\Local\Programs\Python\Python38\lib\site-packages\sklearn\metrics\_scorer.py", line 76, in _cached_call
    return cache[method]
KeyError: 'predict_proba'

During handling of the above exception, another exception occurred:

Traceback (most recent call last):
  File "C:\Users\Telo Ryjeng\AppData\Local\Programs\Python\Python38\lib\site-packages\pycaret\internal\metrics.py", line 182, in _score
    return super()._score(
  File "C:\Users\Telo Ryjeng\AppData\Local\Programs\Python\Python38\lib\site-packages\sklearn\metrics\_scorer.py", line 316, in _score
    y_pred = method_caller(clf, "predict_proba", X)
  File "C:\Users\Telo Ryjeng\AppData\Local\Programs\Python\Python38\lib\site-packages\sklearn\metrics\_scorer.py", line 78, in _cached_call
    result = getattr(estimator, method)(*args, **kwargs)
  File "C:\Users\Telo Ryjeng\AppData\Local\Programs\Python\Python38\lib\site-packages\pycaret\internal\pipeline.py", line 127, in __getattr__
    return getattr(self._final_estimator, name)
AttributeError: 'RidgeClassifier' object has no attribute 'predict_proba'

  warnings.warn(

2026-09-15 11:38:23,142:WARNING:C:\Users\Telo Ryjeng\AppData\Local\Programs\Python\Python38\lib\site-packages\pycaret\internal\metrics.py:190: FitFailedWarning: Metric 'make_scorer(roc_auc_score, needs_proba=True, error_score=0.0, average=weighted, multi_class=ovr)' failed and error score 0.0 has been returned instead. If this is a custom metric, this usually means that the error is in the metric code. Full exception below:
Traceback (most recent call last):
  File "C:\Users\Telo Ryjeng\AppData\Local\Programs\Python\Python38\lib\site-packages\sklearn\metrics\_scorer.py", line 76, in _cached_call
    return cache[method]
KeyError: 'predict_proba'

During handling of the above exception, another exception occurred:

Traceback (most recent call last):
  File "C:\Users\Telo Ryjeng\AppData\Local\Programs\Python\Python38\lib\site-packages\pycaret\internal\metrics.py", line 182, in _score
    return super()._score(
  File "C:\Users\Telo Ryjeng\AppData\Local\Programs\Python\Python38\lib\site-packages\sklearn\metrics\_scorer.py", line 316, in _score
    y_pred = method_caller(clf, "predict_proba", X)
  File "C:\Users\Telo Ryjeng\AppData\Local\Programs\Python\Python38\lib\site-packages\sklearn\metrics\_scorer.py", line 78, in _cached_call
    result = getattr(estimator, method)(*args, **kwargs)
  File "C:\Users\Telo Ryjeng\AppData\Local\Programs\Python\Python38\lib\site-packages\pycaret\internal\pipeline.py", line 127, in __getattr__
    return getattr(self._final_estimator, name)
AttributeError: 'RidgeClassifier' object has no attribute 'predict_proba'

  warnings.warn(

2026-09-15 11:38:23,142:WARNING:C:\Users\Telo Ryjeng\AppData\Local\Programs\Python\Python38\lib\site-packages\pycaret\internal\metrics.py:190: FitFailedWarning: Metric 'make_scorer(roc_auc_score, needs_proba=True, error_score=0.0, average=weighted, multi_class=ovr)' failed and error score 0.0 has been returned instead. If this is a custom metric, this usually means that the error is in the metric code. Full exception below:
Traceback (most recent call last):
  File "C:\Users\Telo Ryjeng\AppData\Local\Programs\Python\Python38\lib\site-packages\sklearn\metrics\_scorer.py", line 76, in _cached_call
    return cache[method]
KeyError: 'predict_proba'

During handling of the above exception, another exception occurred:

Traceback (most recent call last):
  File "C:\Users\Telo Ryjeng\AppData\Local\Programs\Python\Python38\lib\site-packages\pycaret\internal\metrics.py", line 182, in _score
    return super()._score(
  File "C:\Users\Telo Ryjeng\AppData\Local\Programs\Python\Python38\lib\site-packages\sklearn\metrics\_scorer.py", line 316, in _score
    y_pred = method_caller(clf, "predict_proba", X)
  File "C:\Users\Telo Ryjeng\AppData\Local\Programs\Python\Python38\lib\site-packages\sklearn\metrics\_scorer.py", line 78, in _cached_call
    result = getattr(estimator, method)(*args, **kwargs)
  File "C:\Users\Telo Ryjeng\AppData\Local\Programs\Python\Python38\lib\site-packages\pycaret\internal\pipeline.py", line 127, in __getattr__
    return getattr(self._final_estimator, name)
AttributeError: 'RidgeClassifier' object has no attribute 'predict_proba'

  warnings.warn(

2026-09-15 11:38:23,143:WARNING:C:\Users\Telo Ryjeng\AppData\Local\Programs\Python\Python38\lib\site-packages\pycaret\internal\metrics.py:190: FitFailedWarning: Metric 'make_scorer(roc_auc_score, needs_proba=True, error_score=0.0, average=weighted, multi_class=ovr)' failed and error score 0.0 has been returned instead. If this is a custom metric, this usually means that the error is in the metric code. Full exception below:
Traceback (most recent call last):
  File "C:\Users\Telo Ryjeng\AppData\Local\Programs\Python\Python38\lib\site-packages\sklearn\metrics\_scorer.py", line 76, in _cached_call
    return cache[method]
KeyError: 'predict_proba'

During handling of the above exception, another exception occurred:

Traceback (most recent call last):
  File "C:\Users\Telo Ryjeng\AppData\Local\Programs\Python\Python38\lib\site-packages\pycaret\internal\metrics.py", line 182, in _score
    return super()._score(
  File "C:\Users\Telo Ryjeng\AppData\Local\Programs\Python\Python38\lib\site-packages\sklearn\metrics\_scorer.py", line 316, in _score
    y_pred = method_caller(clf, "predict_proba", X)
  File "C:\Users\Telo Ryjeng\AppData\Local\Programs\Python\Python38\lib\site-packages\sklearn\metrics\_scorer.py", line 78, in _cached_call
    result = getattr(estimator, method)(*args, **kwargs)
  File "C:\Users\Telo Ryjeng\AppData\Local\Programs\Python\Python38\lib\site-packages\pycaret\internal\pipeline.py", line 127, in __getattr__
    return getattr(self._final_estimator, name)
AttributeError: 'RidgeClassifier' object has no attribute 'predict_proba'

  warnings.warn(

2026-09-15 11:38:23,144:WARNING:C:\Users\Telo Ryjeng\AppData\Local\Programs\Python\Python38\lib\site-packages\pycaret\internal\metrics.py:190: FitFailedWarning: Metric 'make_scorer(roc_auc_score, needs_proba=True, error_score=0.0, average=weighted, multi_class=ovr)' failed and error score 0.0 has been returned instead. If this is a custom metric, this usually means that the error is in the metric code. Full exception below:
Traceback (most recent call last):
  File "C:\Users\Telo Ryjeng\AppData\Local\Programs\Python\Python38\lib\site-packages\sklearn\metrics\_scorer.py", line 76, in _cached_call
    return cache[method]
KeyError: 'predict_proba'

During handling of the above exception, another exception occurred:

Traceback (most recent call last):
  File "C:\Users\Telo Ryjeng\AppData\Local\Programs\Python\Python38\lib\site-packages\pycaret\internal\metrics.py", line 182, in _score
    return super()._score(
  File "C:\Users\Telo Ryjeng\AppData\Local\Programs\Python\Python38\lib\site-packages\sklearn\metrics\_scorer.py", line 316, in _score
    y_pred = method_caller(clf, "predict_proba", X)
  File "C:\Users\Telo Ryjeng\AppData\Local\Programs\Python\Python38\lib\site-packages\sklearn\metrics\_scorer.py", line 78, in _cached_call
    result = getattr(estimator, method)(*args, **kwargs)
  File "C:\Users\Telo Ryjeng\AppData\Local\Programs\Python\Python38\lib\site-packages\pycaret\internal\pipeline.py", line 127, in __getattr__
    return getattr(self._final_estimator, name)
AttributeError: 'RidgeClassifier' object has no attribute 'predict_proba'

  warnings.warn(

2026-09-15 11:38:23,145:WARNING:C:\Users\Telo Ryjeng\AppData\Local\Programs\Python\Python38\lib\site-packages\sklearn\metrics\_classification.py:1344: UndefinedMetricWarning: Precision is ill-defined and being set to 0.0 in labels with no predicted samples. Use `zero_division` parameter to control this behavior.
  _warn_prf(average, modifier, msg_start, len(result))

2026-09-15 11:38:23,145:WARNING:C:\Users\Telo Ryjeng\AppData\Local\Programs\Python\Python38\lib\site-packages\pycaret\internal\metrics.py:190: FitFailedWarning: Metric 'make_scorer(roc_auc_score, needs_proba=True, error_score=0.0, average=weighted, multi_class=ovr)' failed and error score 0.0 has been returned instead. If this is a custom metric, this usually means that the error is in the metric code. Full exception below:
Traceback (most recent call last):
  File "C:\Users\Telo Ryjeng\AppData\Local\Programs\Python\Python38\lib\site-packages\sklearn\metrics\_scorer.py", line 76, in _cached_call
    return cache[method]
KeyError: 'predict_proba'

During handling of the above exception, another exception occurred:

Traceback (most recent call last):
  File "C:\Users\Telo Ryjeng\AppData\Local\Programs\Python\Python38\lib\site-packages\pycaret\internal\metrics.py", line 182, in _score
    return super()._score(
  File "C:\Users\Telo Ryjeng\AppData\Local\Programs\Python\Python38\lib\site-packages\sklearn\metrics\_scorer.py", line 316, in _score
    y_pred = method_caller(clf, "predict_proba", X)
  File "C:\Users\Telo Ryjeng\AppData\Local\Programs\Python\Python38\lib\site-packages\sklearn\metrics\_scorer.py", line 78, in _cached_call
    result = getattr(estimator, method)(*args, **kwargs)
  File "C:\Users\Telo Ryjeng\AppData\Local\Programs\Python\Python38\lib\site-packages\pycaret\internal\pipeline.py", line 127, in __getattr__
    return getattr(self._final_estimator, name)
AttributeError: 'RidgeClassifier' object has no attribute 'predict_proba'

  warnings.warn(

2026-09-15 11:38:23,147:WARNING:C:\Users\Telo Ryjeng\AppData\Local\Programs\Python\Python38\lib\site-packages\pycaret\internal\metrics.py:190: FitFailedWarning: Metric 'make_scorer(roc_auc_score, needs_proba=True, error_score=0.0, average=weighted, multi_class=ovr)' failed and error score 0.0 has been returned instead. If this is a custom metric, this usually means that the error is in the metric code. Full exception below:
Traceback (most recent call last):
  File "C:\Users\Telo Ryjeng\AppData\Local\Programs\Python\Python38\lib\site-packages\sklearn\metrics\_scorer.py", line 76, in _cached_call
    return cache[method]
KeyError: 'predict_proba'

During handling of the above exception, another exception occurred:

Traceback (most recent call last):
  File "C:\Users\Telo Ryjeng\AppData\Local\Programs\Python\Python38\lib\site-packages\pycaret\internal\metrics.py", line 182, in _score
    return super()._score(
  File "C:\Users\Telo Ryjeng\AppData\Local\Programs\Python\Python38\lib\site-packages\sklearn\metrics\_scorer.py", line 316, in _score
    y_pred = method_caller(clf, "predict_proba", X)
  File "C:\Users\Telo Ryjeng\AppData\Local\Programs\Python\Python38\lib\site-packages\sklearn\metrics\_scorer.py", line 78, in _cached_call
    result = getattr(estimator, method)(*args, **kwargs)
  File "C:\Users\Telo Ryjeng\AppData\Local\Programs\Python\Python38\lib\site-packages\pycaret\internal\pipeline.py", line 127, in __getattr__
    return getattr(self._final_estimator, name)
AttributeError: 'RidgeClassifier' object has no attribute 'predict_proba'

  warnings.warn(

2026-09-15 11:38:23,150:WARNING:C:\Users\Telo Ryjeng\AppData\Local\Programs\Python\Python38\lib\site-packages\pycaret\internal\metrics.py:190: FitFailedWarning: Metric 'make_scorer(roc_auc_score, needs_proba=True, error_score=0.0, average=weighted, multi_class=ovr)' failed and error score 0.0 has been returned instead. If this is a custom metric, this usually means that the error is in the metric code. Full exception below:
Traceback (most recent call last):
  File "C:\Users\Telo Ryjeng\AppData\Local\Programs\Python\Python38\lib\site-packages\sklearn\metrics\_scorer.py", line 76, in _cached_call
    return cache[method]
KeyError: 'predict_proba'

During handling of the above exception, another exception occurred:

Traceback (most recent call last):
  File "C:\Users\Telo Ryjeng\AppData\Local\Programs\Python\Python38\lib\site-packages\pycaret\internal\metrics.py", line 182, in _score
    return super()._score(
  File "C:\Users\Telo Ryjeng\AppData\Local\Programs\Python\Python38\lib\site-packages\sklearn\metrics\_scorer.py", line 316, in _score
    y_pred = method_caller(clf, "predict_proba", X)
  File "C:\Users\Telo Ryjeng\AppData\Local\Programs\Python\Python38\lib\site-packages\sklearn\metrics\_scorer.py", line 78, in _cached_call
    result = getattr(estimator, method)(*args, **kwargs)
  File "C:\Users\Telo Ryjeng\AppData\Local\Programs\Python\Python38\lib\site-packages\pycaret\internal\pipeline.py", line 127, in __getattr__
    return getattr(self._final_estimator, name)
AttributeError: 'RidgeClassifier' object has no attribute 'predict_proba'

  warnings.warn(

2026-09-15 11:38:23,157:INFO:Calculating mean and std
2026-09-15 11:38:23,157:INFO:Creating metrics dataframe
2026-09-15 11:38:23,159:INFO:Uploading results into container
2026-09-15 11:38:23,160:INFO:Uploading model into container now
2026-09-15 11:38:23,160:INFO:_master_model_container: 6
2026-09-15 11:38:23,160:INFO:_display_container: 2
2026-09-15 11:38:23,160:INFO:RidgeClassifier(alpha=1.0, class_weight=None, copy_X=True, fit_intercept=True,
                max_iter=None, positive=False, random_state=6907, solver='auto',
                tol=0.0001)
2026-09-15 11:38:23,161:INFO:create_model() successfully completed......................................
2026-09-15 11:38:23,222:INFO:SubProcess create_model() end ==================================
2026-09-15 11:38:23,222:INFO:Creating metrics dataframe
2026-09-15 11:38:23,225:INFO:Initializing Random Forest Classifier
2026-09-15 11:38:23,225:INFO:Total runtime is 0.06739138762156167 minutes
2026-09-15 11:38:23,226:INFO:SubProcess create_model() called ==================================
2026-09-15 11:38:23,226:INFO:Initializing create_model()
2026-09-15 11:38:23,226:INFO:create_model(self=<pycaret.classification.oop.ClassificationExperiment object at 0x00000200A2358670>, estimator=rf, fold=StratifiedKFold(n_splits=10, random_state=None, shuffle=False), round=4, cross_validation=True, predict=True, fit_kwargs={}, groups=None, refit=False, probability_threshold=None, experiment_custom_tags=None, verbose=False, system=False, add_to_model_list=True, metrics=None, display=<pycaret.internal.display.display.CommonDisplay object at 0x00000200D9E3FCD0>, model_only=True, return_train_score=False, error_score=0.0, kwargs={})
2026-09-15 11:38:23,226:INFO:Checking exceptions
2026-09-15 11:38:23,226:INFO:Importing libraries
2026-09-15 11:38:23,226:INFO:Copying training dataset
2026-09-15 11:38:23,227:INFO:Defining folds
2026-09-15 11:38:23,227:INFO:Declaring metric variables
2026-09-15 11:38:23,227:INFO:Importing untrained model
2026-09-15 11:38:23,228:INFO:Random Forest Classifier Imported successfully
2026-09-15 11:38:23,228:INFO:Starting cross validation
2026-09-15 11:38:23,228:INFO:Cross validating with StratifiedKFold(n_splits=10, random_state=None, shuffle=False), n_jobs=-1
2026-09-15 11:38:23,506:INFO:Calculating mean and std
2026-09-15 11:38:23,506:INFO:Creating metrics dataframe
2026-09-15 11:38:23,510:INFO:Uploading results into container
2026-09-15 11:38:23,510:INFO:Uploading model into container now
2026-09-15 11:38:23,510:INFO:_master_model_container: 7
2026-09-15 11:38:23,510:INFO:_display_container: 2
2026-09-15 11:38:23,510:INFO:RandomForestClassifier(bootstrap=True, ccp_alpha=0.0, class_weight=None,
                       criterion='gini', max_depth=None, max_features='sqrt',
                       max_leaf_nodes=None, max_samples=None,
                       min_impurity_decrease=0.0, min_samples_leaf=1,
                       min_samples_split=2, min_weight_fraction_leaf=0.0,
                       n_estimators=100, n_jobs=-1, oob_score=False,
                       random_state=6907, verbose=0, warm_start=False)
2026-09-15 11:38:23,510:INFO:create_model() successfully completed......................................
2026-09-15 11:38:23,554:INFO:SubProcess create_model() end ==================================
2026-09-15 11:38:23,554:INFO:Creating metrics dataframe
2026-09-15 11:38:23,557:INFO:Initializing Quadratic Discriminant Analysis
2026-09-15 11:38:23,557:INFO:Total runtime is 0.0729270577430725 minutes
2026-09-15 11:38:23,557:INFO:SubProcess create_model() called ==================================
2026-09-15 11:38:23,557:INFO:Initializing create_model()
2026-09-15 11:38:23,557:INFO:create_model(self=<pycaret.classification.oop.ClassificationExperiment object at 0x00000200A2358670>, estimator=qda, fold=StratifiedKFold(n_splits=10, random_state=None, shuffle=False), round=4, cross_validation=True, predict=True, fit_kwargs={}, groups=None, refit=False, probability_threshold=None, experiment_custom_tags=None, verbose=False, system=False, add_to_model_list=True, metrics=None, display=<pycaret.internal.display.display.CommonDisplay object at 0x00000200D9E3FCD0>, model_only=True, return_train_score=False, error_score=0.0, kwargs={})
2026-09-15 11:38:23,557:INFO:Checking exceptions
2026-09-15 11:38:23,557:INFO:Importing libraries
2026-09-15 11:38:23,557:INFO:Copying training dataset
2026-09-15 11:38:23,559:INFO:Defining folds
2026-09-15 11:38:23,559:INFO:Declaring metric variables
2026-09-15 11:38:23,559:INFO:Importing untrained model
2026-09-15 11:38:23,559:INFO:Quadratic Discriminant Analysis Imported successfully
2026-09-15 11:38:23,559:INFO:Starting cross validation
2026-09-15 11:38:23,561:INFO:Cross validating with StratifiedKFold(n_splits=10, random_state=None, shuffle=False), n_jobs=-1
2026-09-15 11:38:23,601:INFO:Calculating mean and std
2026-09-15 11:38:23,602:INFO:Creating metrics dataframe
2026-09-15 11:38:23,604:INFO:Uploading results into container
2026-09-15 11:38:23,605:INFO:Uploading model into container now
2026-09-15 11:38:23,605:INFO:_master_model_container: 8
2026-09-15 11:38:23,605:INFO:_display_container: 2
2026-09-15 11:38:23,605:INFO:QuadraticDiscriminantAnalysis(priors=None, reg_param=0.0,
                              store_covariance=False, tol=0.0001)
2026-09-15 11:38:23,605:INFO:create_model() successfully completed......................................
2026-09-15 11:38:23,649:INFO:SubProcess create_model() end ==================================
2026-09-15 11:38:23,649:INFO:Creating metrics dataframe
2026-09-15 11:38:23,652:INFO:Initializing Ada Boost Classifier
2026-09-15 11:38:23,652:INFO:Total runtime is 0.07451583544413247 minutes
2026-09-15 11:38:23,652:INFO:SubProcess create_model() called ==================================
2026-09-15 11:38:23,652:INFO:Initializing create_model()
2026-09-15 11:38:23,652:INFO:create_model(self=<pycaret.classification.oop.ClassificationExperiment object at 0x00000200A2358670>, estimator=ada, fold=StratifiedKFold(n_splits=10, random_state=None, shuffle=False), round=4, cross_validation=True, predict=True, fit_kwargs={}, groups=None, refit=False, probability_threshold=None, experiment_custom_tags=None, verbose=False, system=False, add_to_model_list=True, metrics=None, display=<pycaret.internal.display.display.CommonDisplay object at 0x00000200D9E3FCD0>, model_only=True, return_train_score=False, error_score=0.0, kwargs={})
2026-09-15 11:38:23,652:INFO:Checking exceptions
2026-09-15 11:38:23,652:INFO:Importing libraries
2026-09-15 11:38:23,653:INFO:Copying training dataset
2026-09-15 11:38:23,654:INFO:Defining folds
2026-09-15 11:38:23,654:INFO:Declaring metric variables
2026-09-15 11:38:23,655:INFO:Importing untrained model
2026-09-15 11:38:23,655:INFO:Ada Boost Classifier Imported successfully
2026-09-15 11:38:23,655:INFO:Starting cross validation
2026-09-15 11:38:23,656:INFO:Cross validating with StratifiedKFold(n_splits=10, random_state=None, shuffle=False), n_jobs=-1
2026-09-15 11:38:23,796:INFO:Calculating mean and std
2026-09-15 11:38:23,796:INFO:Creating metrics dataframe
2026-09-15 11:38:23,798:INFO:Uploading results into container
2026-09-15 11:38:23,798:INFO:Uploading model into container now
2026-09-15 11:38:23,798:INFO:_master_model_container: 9
2026-09-15 11:38:23,798:INFO:_display_container: 2
2026-09-15 11:38:23,799:INFO:AdaBoostClassifier(algorithm='SAMME.R', base_estimator='deprecated',
                   estimator=None, learning_rate=1.0, n_estimators=50,
                   random_state=6907)
2026-09-15 11:38:23,799:INFO:create_model() successfully completed......................................
2026-09-15 11:38:23,842:INFO:SubProcess create_model() end ==================================
2026-09-15 11:38:23,842:INFO:Creating metrics dataframe
2026-09-15 11:38:23,845:INFO:Initializing Gradient Boosting Classifier
2026-09-15 11:38:23,845:INFO:Total runtime is 0.0777312119801839 minutes
2026-09-15 11:38:23,845:INFO:SubProcess create_model() called ==================================
2026-09-15 11:38:23,845:INFO:Initializing create_model()
2026-09-15 11:38:23,845:INFO:create_model(self=<pycaret.classification.oop.ClassificationExperiment object at 0x00000200A2358670>, estimator=gbc, fold=StratifiedKFold(n_splits=10, random_state=None, shuffle=False), round=4, cross_validation=True, predict=True, fit_kwargs={}, groups=None, refit=False, probability_threshold=None, experiment_custom_tags=None, verbose=False, system=False, add_to_model_list=True, metrics=None, display=<pycaret.internal.display.display.CommonDisplay object at 0x00000200D9E3FCD0>, model_only=True, return_train_score=False, error_score=0.0, kwargs={})
2026-09-15 11:38:23,845:INFO:Checking exceptions
2026-09-15 11:38:23,845:INFO:Importing libraries
2026-09-15 11:38:23,845:INFO:Copying training dataset
2026-09-15 11:38:23,847:INFO:Defining folds
2026-09-15 11:38:23,847:INFO:Declaring metric variables
2026-09-15 11:38:23,847:INFO:Importing untrained model
2026-09-15 11:38:23,847:INFO:Gradient Boosting Classifier Imported successfully
2026-09-15 11:38:23,847:INFO:Starting cross validation
2026-09-15 11:38:23,848:INFO:Cross validating with StratifiedKFold(n_splits=10, random_state=None, shuffle=False), n_jobs=-1
2026-09-15 11:38:24,140:INFO:Calculating mean and std
2026-09-15 11:38:24,140:INFO:Creating metrics dataframe
2026-09-15 11:38:24,143:INFO:Uploading results into container
2026-09-15 11:38:24,143:INFO:Uploading model into container now
2026-09-15 11:38:24,144:INFO:_master_model_container: 10
2026-09-15 11:38:24,144:INFO:_display_container: 2
2026-09-15 11:38:24,144:INFO:GradientBoostingClassifier(ccp_alpha=0.0, criterion='friedman_mse', init=None,
                           learning_rate=0.1, loss='log_loss', max_depth=3,
                           max_features=None, max_leaf_nodes=None,
                           min_impurity_decrease=0.0, min_samples_leaf=1,
                           min_samples_split=2, min_weight_fraction_leaf=0.0,
                           n_estimators=100, n_iter_no_change=None,
                           random_state=6907, subsample=1.0, tol=0.0001,
                           validation_fraction=0.1, verbose=0,
                           warm_start=False)
2026-09-15 11:38:24,144:INFO:create_model() successfully completed......................................
2026-09-15 11:38:24,187:INFO:SubProcess create_model() end ==================================
2026-09-15 11:38:24,187:INFO:Creating metrics dataframe
2026-09-15 11:38:24,190:INFO:Initializing Linear Discriminant Analysis
2026-09-15 11:38:24,190:INFO:Total runtime is 0.08348289330800372 minutes
2026-09-15 11:38:24,190:INFO:SubProcess create_model() called ==================================
2026-09-15 11:38:24,190:INFO:Initializing create_model()
2026-09-15 11:38:24,190:INFO:create_model(self=<pycaret.classification.oop.ClassificationExperiment object at 0x00000200A2358670>, estimator=lda, fold=StratifiedKFold(n_splits=10, random_state=None, shuffle=False), round=4, cross_validation=True, predict=True, fit_kwargs={}, groups=None, refit=False, probability_threshold=None, experiment_custom_tags=None, verbose=False, system=False, add_to_model_list=True, metrics=None, display=<pycaret.internal.display.display.CommonDisplay object at 0x00000200D9E3FCD0>, model_only=True, return_train_score=False, error_score=0.0, kwargs={})
2026-09-15 11:38:24,190:INFO:Checking exceptions
2026-09-15 11:38:24,190:INFO:Importing libraries
2026-09-15 11:38:24,190:INFO:Copying training dataset
2026-09-15 11:38:24,192:INFO:Defining folds
2026-09-15 11:38:24,192:INFO:Declaring metric variables
2026-09-15 11:38:24,192:INFO:Importing untrained model
2026-09-15 11:38:24,192:INFO:Linear Discriminant Analysis Imported successfully
2026-09-15 11:38:24,192:INFO:Starting cross validation
2026-09-15 11:38:24,192:INFO:Cross validating with StratifiedKFold(n_splits=10, random_state=None, shuffle=False), n_jobs=-1
2026-09-15 11:38:24,232:INFO:Calculating mean and std
2026-09-15 11:38:24,232:INFO:Creating metrics dataframe
2026-09-15 11:38:24,233:INFO:Uploading results into container
2026-09-15 11:38:24,234:INFO:Uploading model into container now
2026-09-15 11:38:24,234:INFO:_master_model_container: 11
2026-09-15 11:38:24,234:INFO:_display_container: 2
2026-09-15 11:38:24,234:INFO:LinearDiscriminantAnalysis(covariance_estimator=None, n_components=None,
                           priors=None, shrinkage=None, solver='svd',
                           store_covariance=False, tol=0.0001)
2026-09-15 11:38:24,234:INFO:create_model() successfully completed......................................
2026-09-15 11:38:24,276:INFO:SubProcess create_model() end ==================================
2026-09-15 11:38:24,276:INFO:Creating metrics dataframe
2026-09-15 11:38:24,279:INFO:Initializing Extra Trees Classifier
2026-09-15 11:38:24,279:INFO:Total runtime is 0.08496919075647988 minutes
2026-09-15 11:38:24,279:INFO:SubProcess create_model() called ==================================
2026-09-15 11:38:24,279:INFO:Initializing create_model()
2026-09-15 11:38:24,279:INFO:create_model(self=<pycaret.classification.oop.ClassificationExperiment object at 0x00000200A2358670>, estimator=et, fold=StratifiedKFold(n_splits=10, random_state=None, shuffle=False), round=4, cross_validation=True, predict=True, fit_kwargs={}, groups=None, refit=False, probability_threshold=None, experiment_custom_tags=None, verbose=False, system=False, add_to_model_list=True, metrics=None, display=<pycaret.internal.display.display.CommonDisplay object at 0x00000200D9E3FCD0>, model_only=True, return_train_score=False, error_score=0.0, kwargs={})
2026-09-15 11:38:24,279:INFO:Checking exceptions
2026-09-15 11:38:24,279:INFO:Importing libraries
2026-09-15 11:38:24,279:INFO:Copying training dataset
2026-09-15 11:38:24,281:INFO:Defining folds
2026-09-15 11:38:24,281:INFO:Declaring metric variables
2026-09-15 11:38:24,281:INFO:Importing untrained model
2026-09-15 11:38:24,281:INFO:Extra Trees Classifier Imported successfully
2026-09-15 11:38:24,282:INFO:Starting cross validation
2026-09-15 11:38:24,282:INFO:Cross validating with StratifiedKFold(n_splits=10, random_state=None, shuffle=False), n_jobs=-1
2026-09-15 11:38:24,506:INFO:Calculating mean and std
2026-09-15 11:38:24,507:INFO:Creating metrics dataframe
2026-09-15 11:38:24,508:INFO:Uploading results into container
2026-09-15 11:38:24,509:INFO:Uploading model into container now
2026-09-15 11:38:24,509:INFO:_master_model_container: 12
2026-09-15 11:38:24,509:INFO:_display_container: 2
2026-09-15 11:38:24,509:INFO:ExtraTreesClassifier(bootstrap=False, ccp_alpha=0.0, class_weight=None,
                     criterion='gini', max_depth=None, max_features='sqrt',
                     max_leaf_nodes=None, max_samples=None,
                     min_impurity_decrease=0.0, min_samples_leaf=1,
                     min_samples_split=2, min_weight_fraction_leaf=0.0,
                     n_estimators=100, n_jobs=-1, oob_score=False,
                     random_state=6907, verbose=0, warm_start=False)
2026-09-15 11:38:24,509:INFO:create_model() successfully completed......................................
2026-09-15 11:38:24,551:INFO:SubProcess create_model() end ==================================
2026-09-15 11:38:24,551:INFO:Creating metrics dataframe
2026-09-15 11:38:24,554:INFO:Initializing Light Gradient Boosting Machine
2026-09-15 11:38:24,554:INFO:Total runtime is 0.0895427624384562 minutes
2026-09-15 11:38:24,555:INFO:SubProcess create_model() called ==================================
2026-09-15 11:38:24,555:INFO:Initializing create_model()
2026-09-15 11:38:24,555:INFO:create_model(self=<pycaret.classification.oop.ClassificationExperiment object at 0x00000200A2358670>, estimator=lightgbm, fold=StratifiedKFold(n_splits=10, random_state=None, shuffle=False), round=4, cross_validation=True, predict=True, fit_kwargs={}, groups=None, refit=False, probability_threshold=None, experiment_custom_tags=None, verbose=False, system=False, add_to_model_list=True, metrics=None, display=<pycaret.internal.display.display.CommonDisplay object at 0x00000200D9E3FCD0>, model_only=True, return_train_score=False, error_score=0.0, kwargs={})
2026-09-15 11:38:24,555:INFO:Checking exceptions
2026-09-15 11:38:24,555:INFO:Importing libraries
2026-09-15 11:38:24,555:INFO:Copying training dataset
2026-09-15 11:38:24,556:INFO:Defining folds
2026-09-15 11:38:24,556:INFO:Declaring metric variables
2026-09-15 11:38:24,556:INFO:Importing untrained model
2026-09-15 11:38:24,557:INFO:Light Gradient Boosting Machine Imported successfully
2026-09-15 11:38:24,557:INFO:Starting cross validation
2026-09-15 11:38:24,557:INFO:Cross validating with StratifiedKFold(n_splits=10, random_state=None, shuffle=False), n_jobs=-1
2026-09-15 11:38:25,257:INFO:Calculating mean and std
2026-09-15 11:38:25,258:INFO:Creating metrics dataframe
2026-09-15 11:38:25,260:INFO:Uploading results into container
2026-09-15 11:38:25,261:INFO:Uploading model into container now
2026-09-15 11:38:25,261:INFO:_master_model_container: 13
2026-09-15 11:38:25,261:INFO:_display_container: 2
2026-09-15 11:38:25,262:INFO:LGBMClassifier(boosting_type='gbdt', class_weight=None, colsample_bytree=1.0,
               importance_type='split', learning_rate=0.1, max_depth=-1,
               min_child_samples=20, min_child_weight=0.001, min_split_gain=0.0,
               n_estimators=100, n_jobs=-1, num_leaves=31, objective=None,
               random_state=6907, reg_alpha=0.0, reg_lambda=0.0, subsample=1.0,
               subsample_for_bin=200000, subsample_freq=0)
2026-09-15 11:38:25,262:INFO:create_model() successfully completed......................................
2026-09-15 11:38:25,316:INFO:SubProcess create_model() end ==================================
2026-09-15 11:38:25,316:INFO:Creating metrics dataframe
2026-09-15 11:38:25,319:INFO:Initializing Dummy Classifier
2026-09-15 11:38:25,319:INFO:Total runtime is 0.10229671001434325 minutes
2026-09-15 11:38:25,319:INFO:SubProcess create_model() called ==================================
2026-09-15 11:38:25,320:INFO:Initializing create_model()
2026-09-15 11:38:25,320:INFO:create_model(self=<pycaret.classification.oop.ClassificationExperiment object at 0x00000200A2358670>, estimator=dummy, fold=StratifiedKFold(n_splits=10, random_state=None, shuffle=False), round=4, cross_validation=True, predict=True, fit_kwargs={}, groups=None, refit=False, probability_threshold=None, experiment_custom_tags=None, verbose=False, system=False, add_to_model_list=True, metrics=None, display=<pycaret.internal.display.display.CommonDisplay object at 0x00000200D9E3FCD0>, model_only=True, return_train_score=False, error_score=0.0, kwargs={})
2026-09-15 11:38:25,320:INFO:Checking exceptions
2026-09-15 11:38:25,320:INFO:Importing libraries
2026-09-15 11:38:25,320:INFO:Copying training dataset
2026-09-15 11:38:25,322:INFO:Defining folds
2026-09-15 11:38:25,322:INFO:Declaring metric variables
2026-09-15 11:38:25,322:INFO:Importing untrained model
2026-09-15 11:38:25,322:INFO:Dummy Classifier Imported successfully
2026-09-15 11:38:25,322:INFO:Starting cross validation
2026-09-15 11:38:25,323:INFO:Cross validating with StratifiedKFold(n_splits=10, random_state=None, shuffle=False), n_jobs=-1
2026-09-15 11:38:25,351:WARNING:C:\Users\Telo Ryjeng\AppData\Local\Programs\Python\Python38\lib\site-packages\sklearn\metrics\_classification.py:1344: UndefinedMetricWarning: Precision is ill-defined and being set to 0.0 in labels with no predicted samples. Use `zero_division` parameter to control this behavior.
  _warn_prf(average, modifier, msg_start, len(result))

2026-09-15 11:38:25,351:WARNING:C:\Users\Telo Ryjeng\AppData\Local\Programs\Python\Python38\lib\site-packages\sklearn\metrics\_classification.py:1344: UndefinedMetricWarning: Precision is ill-defined and being set to 0.0 in labels with no predicted samples. Use `zero_division` parameter to control this behavior.
  _warn_prf(average, modifier, msg_start, len(result))

2026-09-15 11:38:25,353:WARNING:C:\Users\Telo Ryjeng\AppData\Local\Programs\Python\Python38\lib\site-packages\sklearn\metrics\_classification.py:1344: UndefinedMetricWarning: Precision is ill-defined and being set to 0.0 in labels with no predicted samples. Use `zero_division` parameter to control this behavior.
  _warn_prf(average, modifier, msg_start, len(result))

2026-09-15 11:38:25,353:WARNING:C:\Users\Telo Ryjeng\AppData\Local\Programs\Python\Python38\lib\site-packages\sklearn\metrics\_classification.py:1344: UndefinedMetricWarning: Precision is ill-defined and being set to 0.0 in labels with no predicted samples. Use `zero_division` parameter to control this behavior.
  _warn_prf(average, modifier, msg_start, len(result))

2026-09-15 11:38:25,355:WARNING:C:\Users\Telo Ryjeng\AppData\Local\Programs\Python\Python38\lib\site-packages\sklearn\metrics\_classification.py:1344: UndefinedMetricWarning: Precision is ill-defined and being set to 0.0 in labels with no predicted samples. Use `zero_division` parameter to control this behavior.
  _warn_prf(average, modifier, msg_start, len(result))

2026-09-15 11:38:25,356:WARNING:C:\Users\Telo Ryjeng\AppData\Local\Programs\Python\Python38\lib\site-packages\sklearn\metrics\_classification.py:1344: UndefinedMetricWarning: Precision is ill-defined and being set to 0.0 in labels with no predicted samples. Use `zero_division` parameter to control this behavior.
  _warn_prf(average, modifier, msg_start, len(result))

2026-09-15 11:38:25,357:WARNING:C:\Users\Telo Ryjeng\AppData\Local\Programs\Python\Python38\lib\site-packages\sklearn\metrics\_classification.py:1344: UndefinedMetricWarning: Precision is ill-defined and being set to 0.0 in labels with no predicted samples. Use `zero_division` parameter to control this behavior.
  _warn_prf(average, modifier, msg_start, len(result))

2026-09-15 11:38:25,358:WARNING:C:\Users\Telo Ryjeng\AppData\Local\Programs\Python\Python38\lib\site-packages\sklearn\metrics\_classification.py:1344: UndefinedMetricWarning: Precision is ill-defined and being set to 0.0 in labels with no predicted samples. Use `zero_division` parameter to control this behavior.
  _warn_prf(average, modifier, msg_start, len(result))

2026-09-15 11:38:25,365:WARNING:C:\Users\Telo Ryjeng\AppData\Local\Programs\Python\Python38\lib\site-packages\sklearn\metrics\_classification.py:1344: UndefinedMetricWarning: Precision is ill-defined and being set to 0.0 in labels with no predicted samples. Use `zero_division` parameter to control this behavior.
  _warn_prf(average, modifier, msg_start, len(result))

2026-09-15 11:38:25,367:WARNING:C:\Users\Telo Ryjeng\AppData\Local\Programs\Python\Python38\lib\site-packages\sklearn\metrics\_classification.py:1344: UndefinedMetricWarning: Precision is ill-defined and being set to 0.0 in labels with no predicted samples. Use `zero_division` parameter to control this behavior.
  _warn_prf(average, modifier, msg_start, len(result))

2026-09-15 11:38:25,371:INFO:Calculating mean and std
2026-09-15 11:38:25,372:INFO:Creating metrics dataframe
2026-09-15 11:38:25,375:INFO:Uploading results into container
2026-09-15 11:38:25,376:INFO:Uploading model into container now
2026-09-15 11:38:25,376:INFO:_master_model_container: 14
2026-09-15 11:38:25,376:INFO:_display_container: 2
2026-09-15 11:38:25,376:INFO:DummyClassifier(constant=None, random_state=6907, strategy='prior')
2026-09-15 11:38:25,376:INFO:create_model() successfully completed......................................
2026-09-15 11:38:25,424:INFO:SubProcess create_model() end ==================================
2026-09-15 11:38:25,424:INFO:Creating metrics dataframe
2026-09-15 11:38:25,427:INFO:Initializing create_model()
2026-09-15 11:38:25,427:INFO:create_model(self=<pycaret.classification.oop.ClassificationExperiment object at 0x00000200A2358670>, estimator=QuadraticDiscriminantAnalysis(priors=None, reg_param=0.0,
                              store_covariance=False, tol=0.0001), fold=StratifiedKFold(n_splits=10, random_state=None, shuffle=False), round=4, cross_validation=False, predict=False, fit_kwargs={}, groups=None, refit=True, probability_threshold=None, experiment_custom_tags=None, verbose=False, system=False, add_to_model_list=True, metrics=None, display=None, model_only=True, return_train_score=False, error_score=0.0, kwargs={})
2026-09-15 11:38:25,427:INFO:Checking exceptions
2026-09-15 11:38:25,428:INFO:Importing libraries
2026-09-15 11:38:25,428:INFO:Copying training dataset
2026-09-15 11:38:25,429:INFO:Defining folds
2026-09-15 11:38:25,429:INFO:Declaring metric variables
2026-09-15 11:38:25,430:INFO:Importing untrained model
2026-09-15 11:38:25,430:INFO:Declaring custom model
2026-09-15 11:38:25,430:INFO:Quadratic Discriminant Analysis Imported successfully
2026-09-15 11:38:25,430:INFO:Cross validation set to False
2026-09-15 11:38:25,430:INFO:Fitting Model
2026-09-15 11:38:25,435:INFO:QuadraticDiscriminantAnalysis(priors=None, reg_param=0.0,
                              store_covariance=False, tol=0.0001)
2026-09-15 11:38:25,435:INFO:create_model() successfully completed......................................
2026-09-15 11:38:25,485:INFO:_master_model_container: 14
2026-09-15 11:38:25,485:INFO:_display_container: 2
2026-09-15 11:38:25,485:INFO:QuadraticDiscriminantAnalysis(priors=None, reg_param=0.0,
                              store_covariance=False, tol=0.0001)
2026-09-15 11:38:25,485:INFO:compare_models() successfully completed......................................
2026-09-15 11:38:42,530:WARNING:
'cuml' is a soft dependency and not included in the pycaret installation. Please run: `pip install cuml` to install.
2026-09-15 11:38:42,530:WARNING:
'cuml' is a soft dependency and not included in the pycaret installation. Please run: `pip install cuml` to install.
2026-09-15 11:38:42,530:WARNING:
'cuml' is a soft dependency and not included in the pycaret installation. Please run: `pip install cuml` to install.
2026-09-15 11:38:42,530:WARNING:
'cuml' is a soft dependency and not included in the pycaret installation. Please run: `pip install cuml` to install.
2026-09-15 11:38:43,062:INFO:PyCaret ClassificationExperiment
2026-09-15 11:38:43,062:INFO:Logging name: clf-default-name
2026-09-15 11:38:43,062:INFO:ML Usecase: MLUsecase.CLASSIFICATION
2026-09-15 11:38:43,062:INFO:version 3.2.0
2026-09-15 11:38:43,062:INFO:Initializing setup()
2026-09-15 11:38:43,062:INFO:self.USI: b800
2026-09-15 11:38:43,062:INFO:self._variable_keys: {'fix_imbalance', 'idx', 'pipeline', 'exp_id', 'X', 'X_train', 'fold_generator', 'exp_name_log', 'gpu_n_jobs_param', 'is_multiclass', 'X_test', 'gpu_param', 'target_param', 'fold_groups_param', 'y', 'log_plots_param', 'fold_shuffle_param', 'y_test', 'logging_param', 'n_jobs_param', 'y_train', 'seed', 'memory', 'USI', '_ml_usecase', 'data', '_available_plots', 'html_param'}
2026-09-15 11:38:43,062:INFO:Checking environment
2026-09-15 11:38:43,062:INFO:python_version: 3.8.10
2026-09-15 11:38:43,062:INFO:python_build: ('tags/v3.8.10:3d8993a', 'May  3 2021 11:48:03')
2026-09-15 11:38:43,062:INFO:machine: AMD64
2026-09-15 11:38:43,072:INFO:platform: Windows-10-10.0.26200-SP0
2026-09-15 11:38:43,073:INFO:Memory: svmem(total=25463480320, available=13193990144, percent=48.2, used=12269490176, free=13193990144)
2026-09-15 11:38:43,073:INFO:Physical Core: 8
2026-09-15 11:38:43,073:INFO:Logical Core: 12
2026-09-15 11:38:43,073:INFO:Checking libraries
2026-09-15 11:38:43,073:INFO:System:
2026-09-15 11:38:43,073:INFO:    python: 3.8.10 (tags/v3.8.10:3d8993a, May  3 2021, 11:48:03) [MSC v.1928 64 bit (AMD64)]
2026-09-15 11:38:43,073:INFO:executable: C:\Users\Telo Ryjeng\AppData\Local\Programs\Python\Python38\python.exe
2026-09-15 11:38:43,073:INFO:   machine: Windows-10-10.0.26200-SP0
2026-09-15 11:38:43,073:INFO:PyCaret required dependencies:
2026-09-15 11:38:43,089:INFO:                 pip: 21.1.1
2026-09-15 11:38:43,089:INFO:          setuptools: 56.0.0
2026-09-15 11:38:43,089:INFO:             pycaret: 3.2.0
2026-09-15 11:38:43,089:INFO:             IPython: 8.12.3
2026-09-15 11:38:43,089:INFO:          ipywidgets: 8.1.9
2026-09-15 11:38:43,089:INFO:                tqdm: 4.70.1
2026-09-15 11:38:43,089:INFO:               numpy: 1.24.4
2026-09-15 11:38:43,089:INFO:              pandas: 1.5.3
2026-09-15 11:38:43,089:INFO:              jinja2: 3.1.6
2026-09-15 11:38:43,089:INFO:               scipy: 1.10.1
2026-09-15 11:38:43,089:INFO:              joblib: 1.2.0
2026-09-15 11:38:43,089:INFO:             sklearn: 1.2.2
2026-09-15 11:38:43,089:INFO:                pyod: 2.1.0
2026-09-15 11:38:43,089:INFO:            imblearn: 0.12.4
2026-09-15 11:38:43,089:INFO:   category_encoders: 2.6.4
2026-09-15 11:38:43,089:INFO:            lightgbm: 4.6.0
2026-09-15 11:38:43,089:INFO:               numba: 0.58.1
2026-09-15 11:38:43,089:INFO:            requests: 2.32.4
2026-09-15 11:38:43,089:INFO:          matplotlib: 3.6.0
2026-09-15 11:38:43,089:INFO:          scikitplot: 0.3.7
2026-09-15 11:38:43,089:INFO:         yellowbrick: 1.5
2026-09-15 11:38:43,089:INFO:              plotly: 6.9.0
2026-09-15 11:38:43,089:INFO:    plotly-resampler: Not installed
2026-09-15 11:38:43,089:INFO:             kaleido: 1.4.0
2026-09-15 11:38:43,089:INFO:           schemdraw: 0.15
2026-09-15 11:38:43,089:INFO:         statsmodels: 0.14.1
2026-09-15 11:38:43,089:INFO:              sktime: 0.21.1
2026-09-15 11:38:43,090:INFO:               tbats: 1.1.3
2026-09-15 11:38:43,090:INFO:            pmdarima: 2.0.4
2026-09-15 11:38:43,090:INFO:              psutil: 7.2.2
2026-09-15 11:38:43,090:INFO:          markupsafe: 2.1.5
2026-09-15 11:38:43,090:INFO:             pickle5: Not installed
2026-09-15 11:38:43,090:INFO:         cloudpickle: 3.1.2
2026-09-15 11:38:43,090:INFO:         deprecation: 2.1.0
2026-09-15 11:38:43,090:INFO:              xxhash: 3.8.1
2026-09-15 11:38:43,090:INFO:           wurlitzer: Not installed
2026-09-15 11:38:43,090:INFO:PyCaret optional dependencies:
2026-09-15 11:38:43,097:INFO:                shap: Not installed
2026-09-15 11:38:43,097:INFO:           interpret: Not installed
2026-09-15 11:38:43,097:INFO:                umap: Not installed
2026-09-15 11:38:43,097:INFO:     ydata_profiling: Not installed
2026-09-15 11:38:43,097:INFO:  explainerdashboard: Not installed
2026-09-15 11:38:43,097:INFO:             autoviz: Not installed
2026-09-15 11:38:43,097:INFO:           fairlearn: Not installed
2026-09-15 11:38:43,097:INFO:          deepchecks: Not installed
2026-09-15 11:38:43,097:INFO:             xgboost: Not installed
2026-09-15 11:38:43,097:INFO:            catboost: Not installed
2026-09-15 11:38:43,097:INFO:              kmodes: Not installed
2026-09-15 11:38:43,097:INFO:             mlxtend: Not installed
2026-09-15 11:38:43,097:INFO:       statsforecast: Not installed
2026-09-15 11:38:43,097:INFO:        tune_sklearn: Not installed
2026-09-15 11:38:43,097:INFO:                 ray: Not installed
2026-09-15 11:38:43,097:INFO:            hyperopt: Not installed
2026-09-15 11:38:43,097:INFO:              optuna: Not installed
2026-09-15 11:38:43,097:INFO:               skopt: Not installed
2026-09-15 11:38:43,097:INFO:              mlflow: Not installed
2026-09-15 11:38:43,097:INFO:              gradio: Not installed
2026-09-15 11:38:43,097:INFO:             fastapi: Not installed
2026-09-15 11:38:43,097:INFO:             uvicorn: Not installed
2026-09-15 11:38:43,097:INFO:              m2cgen: Not installed
2026-09-15 11:38:43,097:INFO:           evidently: Not installed
2026-09-15 11:38:43,097:INFO:               fugue: Not installed
2026-09-15 11:38:43,097:INFO:           streamlit: Not installed
2026-09-15 11:38:43,097:INFO:             prophet: Not installed
2026-09-15 11:38:43,098:INFO:None
2026-09-15 11:38:43,098:INFO:Set up data.
2026-09-15 11:38:43,100:INFO:Set up folding strategy.
2026-09-15 11:38:43,100:INFO:Set up train/test split.
2026-09-15 11:38:43,102:INFO:Set up index.
2026-09-15 11:38:43,103:INFO:Assigning column types.
2026-09-15 11:38:43,105:INFO:Engine successfully changes for model 'lr' to 'sklearn'.
2026-09-15 11:38:43,130:INFO:Engine for model 'knn' has not been set explicitly, hence returning None.
2026-09-15 11:38:43,131:INFO:Engine for model 'rbfsvm' has not been set explicitly, hence returning None.
2026-09-15 11:38:43,151:WARNING:
'xgboost' is a soft dependency and not included in the pycaret installation. Please run: `pip install xgboost` to install.
Alternately, you can install this by running `pip install pycaret[models]`
2026-09-15 11:38:43,151:WARNING:
'catboost' is a soft dependency and not included in the pycaret installation. Please run: `pip install catboost` to install.
Alternately, you can install this by running `pip install pycaret[models]`
2026-09-15 11:38:43,177:INFO:Engine for model 'knn' has not been set explicitly, hence returning None.
2026-09-15 11:38:43,178:INFO:Engine for model 'rbfsvm' has not been set explicitly, hence returning None.
2026-09-15 11:38:43,194:WARNING:
'xgboost' is a soft dependency and not included in the pycaret installation. Please run: `pip install xgboost` to install.
Alternately, you can install this by running `pip install pycaret[models]`
2026-09-15 11:38:43,194:WARNING:
'catboost' is a soft dependency and not included in the pycaret installation. Please run: `pip install catboost` to install.
Alternately, you can install this by running `pip install pycaret[models]`
2026-09-15 11:38:43,194:INFO:Engine successfully changes for model 'knn' to 'sklearn'.
2026-09-15 11:38:43,218:INFO:Engine for model 'rbfsvm' has not been set explicitly, hence returning None.
2026-09-15 11:38:43,232:WARNING:
'xgboost' is a soft dependency and not included in the pycaret installation. Please run: `pip install xgboost` to install.
Alternately, you can install this by running `pip install pycaret[models]`
2026-09-15 11:38:43,232:WARNING:
'catboost' is a soft dependency and not included in the pycaret installation. Please run: `pip install catboost` to install.
Alternately, you can install this by running `pip install pycaret[models]`
2026-09-15 11:38:43,258:INFO:Engine for model 'rbfsvm' has not been set explicitly, hence returning None.
2026-09-15 11:38:43,273:WARNING:
'xgboost' is a soft dependency and not included in the pycaret installation. Please run: `pip install xgboost` to install.
Alternately, you can install this by running `pip install pycaret[models]`
2026-09-15 11:38:43,273:WARNING:
'catboost' is a soft dependency and not included in the pycaret installation. Please run: `pip install catboost` to install.
Alternately, you can install this by running `pip install pycaret[models]`
2026-09-15 11:38:43,274:INFO:Engine successfully changes for model 'rbfsvm' to 'sklearn'.
2026-09-15 11:38:43,317:WARNING:
'xgboost' is a soft dependency and not included in the pycaret installation. Please run: `pip install xgboost` to install.
Alternately, you can install this by running `pip install pycaret[models]`
2026-09-15 11:38:43,318:WARNING:
'catboost' is a soft dependency and not included in the pycaret installation. Please run: `pip install catboost` to install.
Alternately, you can install this by running `pip install pycaret[models]`
2026-09-15 11:38:43,358:WARNING:
'xgboost' is a soft dependency and not included in the pycaret installation. Please run: `pip install xgboost` to install.
Alternately, you can install this by running `pip install pycaret[models]`
2026-09-15 11:38:43,358:WARNING:
'catboost' is a soft dependency and not included in the pycaret installation. Please run: `pip install catboost` to install.
Alternately, you can install this by running `pip install pycaret[models]`
2026-09-15 11:38:43,359:INFO:Preparing preprocessing pipeline...
2026-09-15 11:38:43,360:INFO:Set up simple imputation.
2026-09-15 11:38:43,360:INFO:Set up column name cleaning.
2026-09-15 11:38:43,372:INFO:Finished creating preprocessing pipeline.
2026-09-15 11:38:43,376:INFO:Pipeline: Pipeline(memory=FastMemory(location=C:\Users\TELORY~1\AppData\Local\Temp\joblib),
         steps=[('numerical_imputer',
                 TransformerWrapper(exclude=None,
                                    include=['sepal length (cm)',
                                             'sepal width (cm)',
                                             'petal length (cm)',
                                             'petal width (cm)'],
                                    transformer=SimpleImputer(add_indicator=False,
                                                              copy=True,
                                                              fill_value=None,
                                                              keep_empty_features=False,
                                                              missing_values=nan,
                                                              strategy='me...
                 TransformerWrapper(exclude=None, include=[],
                                    transformer=SimpleImputer(add_indicator=False,
                                                              copy=True,
                                                              fill_value=None,
                                                              keep_empty_features=False,
                                                              missing_values=nan,
                                                              strategy='most_frequent',
                                                              verbose='deprecated'))),
                ('clean_column_names',
                 TransformerWrapper(exclude=None, include=None,
                                    transformer=CleanColumnNames(match='[\\]\\[\\,\\{\\}\\"\\:]+')))],
         verbose=False)
2026-09-15 11:38:43,376:INFO:Creating final display dataframe.
2026-09-15 11:38:43,415:INFO:Setup _display_container:                     Description             Value
0                    Session id              3211
1                        Target            Target
2                   Target type        Multiclass
3           Original data shape          (150, 5)
4        Transformed data shape          (150, 5)
5   Transformed train set shape          (105, 5)
6    Transformed test set shape           (45, 5)
7              Numeric features                 4
8                    Preprocess              True
9               Imputation type            simple
10           Numeric imputation              mean
11       Categorical imputation              mode
12               Fold Generator   StratifiedKFold
13                  Fold Number                10
14                     CPU Jobs                -1
15                      Use GPU             False
16               Log Experiment             False
17              Experiment Name  clf-default-name
18                          USI              b800
2026-09-15 11:38:43,462:WARNING:
'xgboost' is a soft dependency and not included in the pycaret installation. Please run: `pip install xgboost` to install.
Alternately, you can install this by running `pip install pycaret[models]`
2026-09-15 11:38:43,462:WARNING:
'catboost' is a soft dependency and not included in the pycaret installation. Please run: `pip install catboost` to install.
Alternately, you can install this by running `pip install pycaret[models]`
2026-09-15 11:38:43,503:WARNING:
'xgboost' is a soft dependency and not included in the pycaret installation. Please run: `pip install xgboost` to install.
Alternately, you can install this by running `pip install pycaret[models]`
2026-09-15 11:38:43,503:WARNING:
'catboost' is a soft dependency and not included in the pycaret installation. Please run: `pip install catboost` to install.
Alternately, you can install this by running `pip install pycaret[models]`
2026-09-15 11:38:43,504:INFO:setup() successfully completed in 0.45s...............
2026-09-15 11:38:43,504:INFO:Initializing compare_models()
2026-09-15 11:38:43,504:INFO:compare_models(self=<pycaret.classification.oop.ClassificationExperiment object at 0x0000023286AF8670>, include=None, fold=None, round=4, cross_validation=True, sort=Accuracy, n_select=1, budget_time=None, turbo=True, errors=ignore, fit_kwargs=None, groups=None, experiment_custom_tags=None, probability_threshold=None, verbose=True, parallel=None, caller_params={'self': <pycaret.classification.oop.ClassificationExperiment object at 0x0000023286AF8670>, 'include': None, 'exclude': None, 'fold': None, 'round': 4, 'cross_validation': True, 'sort': 'Accuracy', 'n_select': 1, 'budget_time': None, 'turbo': True, 'errors': 'ignore', 'fit_kwargs': None, 'groups': None, 'experiment_custom_tags': None, 'probability_threshold': None, 'engine': None, 'verbose': True, 'parallel': None, '__class__': <class 'pycaret.classification.oop.ClassificationExperiment'>}, exclude=None)
2026-09-15 11:38:43,504:INFO:Checking exceptions
2026-09-15 11:38:43,506:INFO:Preparing display monitor
2026-09-15 11:38:43,508:INFO:Initializing Logistic Regression
2026-09-15 11:38:43,508:INFO:Total runtime is 0.0 minutes
2026-09-15 11:38:43,508:INFO:SubProcess create_model() called ==================================
2026-09-15 11:38:43,508:INFO:Initializing create_model()
2026-09-15 11:38:43,508:INFO:create_model(self=<pycaret.classification.oop.ClassificationExperiment object at 0x0000023286AF8670>, estimator=lr, fold=StratifiedKFold(n_splits=10, random_state=None, shuffle=False), round=4, cross_validation=True, predict=True, fit_kwargs={}, groups=None, refit=False, probability_threshold=None, experiment_custom_tags=None, verbose=False, system=False, add_to_model_list=True, metrics=None, display=<pycaret.internal.display.display.CommonDisplay object at 0x00000232BE5CDDC0>, model_only=True, return_train_score=False, error_score=0.0, kwargs={})
2026-09-15 11:38:43,508:INFO:Checking exceptions
2026-09-15 11:38:43,508:INFO:Importing libraries
2026-09-15 11:38:43,508:INFO:Copying training dataset
2026-09-15 11:38:43,511:INFO:Defining folds
2026-09-15 11:38:43,511:INFO:Declaring metric variables
2026-09-15 11:38:43,511:INFO:Importing untrained model
2026-09-15 11:38:43,511:INFO:Logistic Regression Imported successfully
2026-09-15 11:38:43,511:INFO:Starting cross validation
2026-09-15 11:38:43,512:INFO:Cross validating with StratifiedKFold(n_splits=10, random_state=None, shuffle=False), n_jobs=-1
2026-09-15 11:38:45,835:INFO:Calculating mean and std
2026-09-15 11:38:45,836:INFO:Creating metrics dataframe
2026-09-15 11:38:45,839:INFO:Uploading results into container
2026-09-15 11:38:45,839:INFO:Uploading model into container now
2026-09-15 11:38:45,839:INFO:_master_model_container: 1
2026-09-15 11:38:45,840:INFO:_display_container: 2
2026-09-15 11:38:45,840:INFO:LogisticRegression(C=1.0, class_weight=None, dual=False, fit_intercept=True,
                   intercept_scaling=1, l1_ratio=None, max_iter=1000,
                   multi_class='auto', n_jobs=None, penalty='l2',
                   random_state=3211, solver='lbfgs', tol=0.0001, verbose=0,
                   warm_start=False)
2026-09-15 11:38:45,840:INFO:create_model() successfully completed......................................
2026-09-15 11:38:45,901:INFO:SubProcess create_model() end ==================================
2026-09-15 11:38:45,901:INFO:Creating metrics dataframe
2026-09-15 11:38:45,904:INFO:Initializing K Neighbors Classifier
2026-09-15 11:38:45,904:INFO:Total runtime is 0.039927188555399576 minutes
2026-09-15 11:38:45,904:INFO:SubProcess create_model() called ==================================
2026-09-15 11:38:45,904:INFO:Initializing create_model()
2026-09-15 11:38:45,904:INFO:create_model(self=<pycaret.classification.oop.ClassificationExperiment object at 0x0000023286AF8670>, estimator=knn, fold=StratifiedKFold(n_splits=10, random_state=None, shuffle=False), round=4, cross_validation=True, predict=True, fit_kwargs={}, groups=None, refit=False, probability_threshold=None, experiment_custom_tags=None, verbose=False, system=False, add_to_model_list=True, metrics=None, display=<pycaret.internal.display.display.CommonDisplay object at 0x00000232BE5CDDC0>, model_only=True, return_train_score=False, error_score=0.0, kwargs={})
2026-09-15 11:38:45,904:INFO:Checking exceptions
2026-09-15 11:38:45,904:INFO:Importing libraries
2026-09-15 11:38:45,904:INFO:Copying training dataset
2026-09-15 11:38:45,906:INFO:Defining folds
2026-09-15 11:38:45,906:INFO:Declaring metric variables
2026-09-15 11:38:45,906:INFO:Importing untrained model
2026-09-15 11:38:45,906:INFO:K Neighbors Classifier Imported successfully
2026-09-15 11:38:45,906:INFO:Starting cross validation
2026-09-15 11:38:45,907:INFO:Cross validating with StratifiedKFold(n_splits=10, random_state=None, shuffle=False), n_jobs=-1
2026-09-15 11:38:47,023:INFO:Calculating mean and std
2026-09-15 11:38:47,024:INFO:Creating metrics dataframe
2026-09-15 11:38:47,026:INFO:Uploading results into container
2026-09-15 11:38:47,026:INFO:Uploading model into container now
2026-09-15 11:38:47,026:INFO:_master_model_container: 2
2026-09-15 11:38:47,026:INFO:_display_container: 2
2026-09-15 11:38:47,027:INFO:KNeighborsClassifier(algorithm='auto', leaf_size=30, metric='minkowski',
                     metric_params=None, n_jobs=-1, n_neighbors=5, p=2,
                     weights='uniform')
2026-09-15 11:38:47,027:INFO:create_model() successfully completed......................................
2026-09-15 11:38:47,076:INFO:SubProcess create_model() end ==================================
2026-09-15 11:38:47,076:INFO:Creating metrics dataframe
2026-09-15 11:38:47,079:INFO:Initializing Naive Bayes
2026-09-15 11:38:47,079:INFO:Total runtime is 0.05950945218404134 minutes
2026-09-15 11:38:47,079:INFO:SubProcess create_model() called ==================================
2026-09-15 11:38:47,079:INFO:Initializing create_model()
2026-09-15 11:38:47,079:INFO:create_model(self=<pycaret.classification.oop.ClassificationExperiment object at 0x0000023286AF8670>, estimator=nb, fold=StratifiedKFold(n_splits=10, random_state=None, shuffle=False), round=4, cross_validation=True, predict=True, fit_kwargs={}, groups=None, refit=False, probability_threshold=None, experiment_custom_tags=None, verbose=False, system=False, add_to_model_list=True, metrics=None, display=<pycaret.internal.display.display.CommonDisplay object at 0x00000232BE5CDDC0>, model_only=True, return_train_score=False, error_score=0.0, kwargs={})
2026-09-15 11:38:47,079:INFO:Checking exceptions
2026-09-15 11:38:47,079:INFO:Importing libraries
2026-09-15 11:38:47,079:INFO:Copying training dataset
2026-09-15 11:38:47,081:INFO:Defining folds
2026-09-15 11:38:47,081:INFO:Declaring metric variables
2026-09-15 11:38:47,081:INFO:Importing untrained model
2026-09-15 11:38:47,081:INFO:Naive Bayes Imported successfully
2026-09-15 11:38:47,081:INFO:Starting cross validation
2026-09-15 11:38:47,082:INFO:Cross validating with StratifiedKFold(n_splits=10, random_state=None, shuffle=False), n_jobs=-1
2026-09-15 11:38:47,124:INFO:Calculating mean and std
2026-09-15 11:38:47,125:INFO:Creating metrics dataframe
2026-09-15 11:38:47,127:INFO:Uploading results into container
2026-09-15 11:38:47,127:INFO:Uploading model into container now
2026-09-15 11:38:47,127:INFO:_master_model_container: 3
2026-09-15 11:38:47,127:INFO:_display_container: 2
2026-09-15 11:38:47,127:INFO:GaussianNB(priors=None, var_smoothing=1e-09)
2026-09-15 11:38:47,127:INFO:create_model() successfully completed......................................
2026-09-15 11:38:47,178:INFO:SubProcess create_model() end ==================================
2026-09-15 11:38:47,178:INFO:Creating metrics dataframe
2026-09-15 11:38:47,184:INFO:Initializing Decision Tree Classifier
2026-09-15 11:38:47,184:INFO:Total runtime is 0.0612642765045166 minutes
2026-09-15 11:38:47,185:INFO:SubProcess create_model() called ==================================
2026-09-15 11:38:47,185:INFO:Initializing create_model()
2026-09-15 11:38:47,185:INFO:create_model(self=<pycaret.classification.oop.ClassificationExperiment object at 0x0000023286AF8670>, estimator=dt, fold=StratifiedKFold(n_splits=10, random_state=None, shuffle=False), round=4, cross_validation=True, predict=True, fit_kwargs={}, groups=None, refit=False, probability_threshold=None, experiment_custom_tags=None, verbose=False, system=False, add_to_model_list=True, metrics=None, display=<pycaret.internal.display.display.CommonDisplay object at 0x00000232BE5CDDC0>, model_only=True, return_train_score=False, error_score=0.0, kwargs={})
2026-09-15 11:38:47,185:INFO:Checking exceptions
2026-09-15 11:38:47,185:INFO:Importing libraries
2026-09-15 11:38:47,185:INFO:Copying training dataset
2026-09-15 11:38:47,188:INFO:Defining folds
2026-09-15 11:38:47,188:INFO:Declaring metric variables
2026-09-15 11:38:47,188:INFO:Importing untrained model
2026-09-15 11:38:47,188:INFO:Decision Tree Classifier Imported successfully
2026-09-15 11:38:47,189:INFO:Starting cross validation
2026-09-15 11:38:47,189:INFO:Cross validating with StratifiedKFold(n_splits=10, random_state=None, shuffle=False), n_jobs=-1
2026-09-15 11:38:47,231:INFO:Calculating mean and std
2026-09-15 11:38:47,232:INFO:Creating metrics dataframe
2026-09-15 11:38:47,234:INFO:Uploading results into container
2026-09-15 11:38:47,235:INFO:Uploading model into container now
2026-09-15 11:38:47,235:INFO:_master_model_container: 4
2026-09-15 11:38:47,235:INFO:_display_container: 2
2026-09-15 11:38:47,235:INFO:DecisionTreeClassifier(ccp_alpha=0.0, class_weight=None, criterion='gini',
                       max_depth=None, max_features=None, max_leaf_nodes=None,
                       min_impurity_decrease=0.0, min_samples_leaf=1,
                       min_samples_split=2, min_weight_fraction_leaf=0.0,
                       random_state=3211, splitter='best')
2026-09-15 11:38:47,235:INFO:create_model() successfully completed......................................
2026-09-15 11:38:47,278:INFO:SubProcess create_model() end ==================================
2026-09-15 11:38:47,279:INFO:Creating metrics dataframe
2026-09-15 11:38:47,281:INFO:Initializing SVM - Linear Kernel
2026-09-15 11:38:47,281:INFO:Total runtime is 0.06287712256113688 minutes
2026-09-15 11:38:47,282:INFO:SubProcess create_model() called ==================================
2026-09-15 11:38:47,282:INFO:Initializing create_model()
2026-09-15 11:38:47,282:INFO:create_model(self=<pycaret.classification.oop.ClassificationExperiment object at 0x0000023286AF8670>, estimator=svm, fold=StratifiedKFold(n_splits=10, random_state=None, shuffle=False), round=4, cross_validation=True, predict=True, fit_kwargs={}, groups=None, refit=False, probability_threshold=None, experiment_custom_tags=None, verbose=False, system=False, add_to_model_list=True, metrics=None, display=<pycaret.internal.display.display.CommonDisplay object at 0x00000232BE5CDDC0>, model_only=True, return_train_score=False, error_score=0.0, kwargs={})
2026-09-15 11:38:47,282:INFO:Checking exceptions
2026-09-15 11:38:47,282:INFO:Importing libraries
2026-09-15 11:38:47,282:INFO:Copying training dataset
2026-09-15 11:38:47,283:INFO:Defining folds
2026-09-15 11:38:47,283:INFO:Declaring metric variables
2026-09-15 11:38:47,283:INFO:Importing untrained model
2026-09-15 11:38:47,284:INFO:SVM - Linear Kernel Imported successfully
2026-09-15 11:38:47,284:INFO:Starting cross validation
2026-09-15 11:38:47,284:INFO:Cross validating with StratifiedKFold(n_splits=10, random_state=None, shuffle=False), n_jobs=-1
2026-09-15 11:38:47,318:WARNING:C:\Users\Telo Ryjeng\AppData\Local\Programs\Python\Python38\lib\site-packages\pycaret\internal\metrics.py:190: FitFailedWarning: Metric 'make_scorer(roc_auc_score, needs_proba=True, error_score=0.0, average=weighted, multi_class=ovr)' failed and error score 0.0 has been returned instead. If this is a custom metric, this usually means that the error is in the metric code. Full exception below:
Traceback (most recent call last):
  File "C:\Users\Telo Ryjeng\AppData\Local\Programs\Python\Python38\lib\site-packages\sklearn\metrics\_scorer.py", line 76, in _cached_call
    return cache[method]
KeyError: 'predict_proba'

During handling of the above exception, another exception occurred:

Traceback (most recent call last):
  File "C:\Users\Telo Ryjeng\AppData\Local\Programs\Python\Python38\lib\site-packages\pycaret\internal\metrics.py", line 182, in _score
    return super()._score(
  File "C:\Users\Telo Ryjeng\AppData\Local\Programs\Python\Python38\lib\site-packages\sklearn\metrics\_scorer.py", line 316, in _score
    y_pred = method_caller(clf, "predict_proba", X)
  File "C:\Users\Telo Ryjeng\AppData\Local\Programs\Python\Python38\lib\site-packages\sklearn\metrics\_scorer.py", line 78, in _cached_call
    result = getattr(estimator, method)(*args, **kwargs)
  File "C:\Users\Telo Ryjeng\AppData\Local\Programs\Python\Python38\lib\site-packages\pycaret\internal\pipeline.py", line 127, in __getattr__
    return getattr(self._final_estimator, name)
  File "C:\Users\Telo Ryjeng\AppData\Local\Programs\Python\Python38\lib\site-packages\sklearn\utils\_available_if.py", line 32, in __get__
    if not self.check(obj):
  File "C:\Users\Telo Ryjeng\AppData\Local\Programs\Python\Python38\lib\site-packages\sklearn\linear_model\_stochastic_gradient.py", line 1235, in _check_proba
    raise AttributeError(
AttributeError: probability estimates are not available for loss='hinge'

  warnings.warn(

2026-09-15 11:38:47,319:WARNING:C:\Users\Telo Ryjeng\AppData\Local\Programs\Python\Python38\lib\site-packages\pycaret\internal\metrics.py:190: FitFailedWarning: Metric 'make_scorer(roc_auc_score, needs_proba=True, error_score=0.0, average=weighted, multi_class=ovr)' failed and error score 0.0 has been returned instead. If this is a custom metric, this usually means that the error is in the metric code. Full exception below:
Traceback (most recent call last):
  File "C:\Users\Telo Ryjeng\AppData\Local\Programs\Python\Python38\lib\site-packages\sklearn\metrics\_scorer.py", line 76, in _cached_call
    return cache[method]
KeyError: 'predict_proba'

During handling of the above exception, another exception occurred:

Traceback (most recent call last):
  File "C:\Users\Telo Ryjeng\AppData\Local\Programs\Python\Python38\lib\site-packages\pycaret\internal\metrics.py", line 182, in _score
    return super()._score(
  File "C:\Users\Telo Ryjeng\AppData\Local\Programs\Python\Python38\lib\site-packages\sklearn\metrics\_scorer.py", line 316, in _score
    y_pred = method_caller(clf, "predict_proba", X)
  File "C:\Users\Telo Ryjeng\AppData\Local\Programs\Python\Python38\lib\site-packages\sklearn\metrics\_scorer.py", line 78, in _cached_call
    result = getattr(estimator, method)(*args, **kwargs)
  File "C:\Users\Telo Ryjeng\AppData\Local\Programs\Python\Python38\lib\site-packages\pycaret\internal\pipeline.py", line 127, in __getattr__
    return getattr(self._final_estimator, name)
  File "C:\Users\Telo Ryjeng\AppData\Local\Programs\Python\Python38\lib\site-packages\sklearn\utils\_available_if.py", line 32, in __get__
    if not self.check(obj):
  File "C:\Users\Telo Ryjeng\AppData\Local\Programs\Python\Python38\lib\site-packages\sklearn\linear_model\_stochastic_gradient.py", line 1235, in _check_proba
    raise AttributeError(
AttributeError: probability estimates are not available for loss='hinge'

  warnings.warn(

2026-09-15 11:38:47,319:WARNING:C:\Users\Telo Ryjeng\AppData\Local\Programs\Python\Python38\lib\site-packages\pycaret\internal\metrics.py:190: FitFailedWarning: Metric 'make_scorer(roc_auc_score, needs_proba=True, error_score=0.0, average=weighted, multi_class=ovr)' failed and error score 0.0 has been returned instead. If this is a custom metric, this usually means that the error is in the metric code. Full exception below:
Traceback (most recent call last):
  File "C:\Users\Telo Ryjeng\AppData\Local\Programs\Python\Python38\lib\site-packages\sklearn\metrics\_scorer.py", line 76, in _cached_call
    return cache[method]
KeyError: 'predict_proba'

During handling of the above exception, another exception occurred:

Traceback (most recent call last):
  File "C:\Users\Telo Ryjeng\AppData\Local\Programs\Python\Python38\lib\site-packages\pycaret\internal\metrics.py", line 182, in _score
    return super()._score(
  File "C:\Users\Telo Ryjeng\AppData\Local\Programs\Python\Python38\lib\site-packages\sklearn\metrics\_scorer.py", line 316, in _score
    y_pred = method_caller(clf, "predict_proba", X)
  File "C:\Users\Telo Ryjeng\AppData\Local\Programs\Python\Python38\lib\site-packages\sklearn\metrics\_scorer.py", line 78, in _cached_call
    result = getattr(estimator, method)(*args, **kwargs)
  File "C:\Users\Telo Ryjeng\AppData\Local\Programs\Python\Python38\lib\site-packages\pycaret\internal\pipeline.py", line 127, in __getattr__
    return getattr(self._final_estimator, name)
  File "C:\Users\Telo Ryjeng\AppData\Local\Programs\Python\Python38\lib\site-packages\sklearn\utils\_available_if.py", line 32, in __get__
    if not self.check(obj):
  File "C:\Users\Telo Ryjeng\AppData\Local\Programs\Python\Python38\lib\site-packages\sklearn\linear_model\_stochastic_gradient.py", line 1235, in _check_proba
    raise AttributeError(
AttributeError: probability estimates are not available for loss='hinge'

  warnings.warn(

2026-09-15 11:38:47,319:WARNING:C:\Users\Telo Ryjeng\AppData\Local\Programs\Python\Python38\lib\site-packages\pycaret\internal\metrics.py:190: FitFailedWarning: Metric 'make_scorer(roc_auc_score, needs_proba=True, error_score=0.0, average=weighted, multi_class=ovr)' failed and error score 0.0 has been returned instead. If this is a custom metric, this usually means that the error is in the metric code. Full exception below:
Traceback (most recent call last):
  File "C:\Users\Telo Ryjeng\AppData\Local\Programs\Python\Python38\lib\site-packages\sklearn\metrics\_scorer.py", line 76, in _cached_call
    return cache[method]
KeyError: 'predict_proba'

During handling of the above exception, another exception occurred:

Traceback (most recent call last):
  File "C:\Users\Telo Ryjeng\AppData\Local\Programs\Python\Python38\lib\site-packages\pycaret\internal\metrics.py", line 182, in _score
    return super()._score(
  File "C:\Users\Telo Ryjeng\AppData\Local\Programs\Python\Python38\lib\site-packages\sklearn\metrics\_scorer.py", line 316, in _score
    y_pred = method_caller(clf, "predict_proba", X)
  File "C:\Users\Telo Ryjeng\AppData\Local\Programs\Python\Python38\lib\site-packages\sklearn\metrics\_scorer.py", line 78, in _cached_call
    result = getattr(estimator, method)(*args, **kwargs)
  File "C:\Users\Telo Ryjeng\AppData\Local\Programs\Python\Python38\lib\site-packages\pycaret\internal\pipeline.py", line 127, in __getattr__
    return getattr(self._final_estimator, name)
  File "C:\Users\Telo Ryjeng\AppData\Local\Programs\Python\Python38\lib\site-packages\sklearn\utils\_available_if.py", line 32, in __get__
    if not self.check(obj):
  File "C:\Users\Telo Ryjeng\AppData\Local\Programs\Python\Python38\lib\site-packages\sklearn\linear_model\_stochastic_gradient.py", line 1235, in _check_proba
    raise AttributeError(
AttributeError: probability estimates are not available for loss='hinge'

  warnings.warn(

2026-09-15 11:38:47,320:WARNING:C:\Users\Telo Ryjeng\AppData\Local\Programs\Python\Python38\lib\site-packages\pycaret\internal\metrics.py:190: FitFailedWarning: Metric 'make_scorer(roc_auc_score, needs_proba=True, error_score=0.0, average=weighted, multi_class=ovr)' failed and error score 0.0 has been returned instead. If this is a custom metric, this usually means that the error is in the metric code. Full exception below:
Traceback (most recent call last):
  File "C:\Users\Telo Ryjeng\AppData\Local\Programs\Python\Python38\lib\site-packages\sklearn\metrics\_scorer.py", line 76, in _cached_call
    return cache[method]
KeyError: 'predict_proba'

During handling of the above exception, another exception occurred:

Traceback (most recent call last):
  File "C:\Users\Telo Ryjeng\AppData\Local\Programs\Python\Python38\lib\site-packages\pycaret\internal\metrics.py", line 182, in _score
    return super()._score(
  File "C:\Users\Telo Ryjeng\AppData\Local\Programs\Python\Python38\lib\site-packages\sklearn\metrics\_scorer.py", line 316, in _score
    y_pred = method_caller(clf, "predict_proba", X)
  File "C:\Users\Telo Ryjeng\AppData\Local\Programs\Python\Python38\lib\site-packages\sklearn\metrics\_scorer.py", line 78, in _cached_call
    result = getattr(estimator, method)(*args, **kwargs)
  File "C:\Users\Telo Ryjeng\AppData\Local\Programs\Python\Python38\lib\site-packages\pycaret\internal\pipeline.py", line 127, in __getattr__
    return getattr(self._final_estimator, name)
  File "C:\Users\Telo Ryjeng\AppData\Local\Programs\Python\Python38\lib\site-packages\sklearn\utils\_available_if.py", line 32, in __get__
    if not self.check(obj):
  File "C:\Users\Telo Ryjeng\AppData\Local\Programs\Python\Python38\lib\site-packages\sklearn\linear_model\_stochastic_gradient.py", line 1235, in _check_proba
    raise AttributeError(
AttributeError: probability estimates are not available for loss='hinge'

  warnings.warn(

2026-09-15 11:38:47,322:WARNING:C:\Users\Telo Ryjeng\AppData\Local\Programs\Python\Python38\lib\site-packages\sklearn\metrics\_classification.py:1344: UndefinedMetricWarning: Precision is ill-defined and being set to 0.0 in labels with no predicted samples. Use `zero_division` parameter to control this behavior.
  _warn_prf(average, modifier, msg_start, len(result))

2026-09-15 11:38:47,325:WARNING:C:\Users\Telo Ryjeng\AppData\Local\Programs\Python\Python38\lib\site-packages\pycaret\internal\metrics.py:190: FitFailedWarning: Metric 'make_scorer(roc_auc_score, needs_proba=True, error_score=0.0, average=weighted, multi_class=ovr)' failed and error score 0.0 has been returned instead. If this is a custom metric, this usually means that the error is in the metric code. Full exception below:
Traceback (most recent call last):
  File "C:\Users\Telo Ryjeng\AppData\Local\Programs\Python\Python38\lib\site-packages\sklearn\metrics\_scorer.py", line 76, in _cached_call
    return cache[method]
KeyError: 'predict_proba'

During handling of the above exception, another exception occurred:

Traceback (most recent call last):
  File "C:\Users\Telo Ryjeng\AppData\Local\Programs\Python\Python38\lib\site-packages\pycaret\internal\metrics.py", line 182, in _score
    return super()._score(
  File "C:\Users\Telo Ryjeng\AppData\Local\Programs\Python\Python38\lib\site-packages\sklearn\metrics\_scorer.py", line 316, in _score
    y_pred = method_caller(clf, "predict_proba", X)
  File "C:\Users\Telo Ryjeng\AppData\Local\Programs\Python\Python38\lib\site-packages\sklearn\metrics\_scorer.py", line 78, in _cached_call
    result = getattr(estimator, method)(*args, **kwargs)
  File "C:\Users\Telo Ryjeng\AppData\Local\Programs\Python\Python38\lib\site-packages\pycaret\internal\pipeline.py", line 127, in __getattr__
    return getattr(self._final_estimator, name)
  File "C:\Users\Telo Ryjeng\AppData\Local\Programs\Python\Python38\lib\site-packages\sklearn\utils\_available_if.py", line 32, in __get__
    if not self.check(obj):
  File "C:\Users\Telo Ryjeng\AppData\Local\Programs\Python\Python38\lib\site-packages\sklearn\linear_model\_stochastic_gradient.py", line 1235, in _check_proba
    raise AttributeError(
AttributeError: probability estimates are not available for loss='hinge'

  warnings.warn(

2026-09-15 11:38:47,326:WARNING:C:\Users\Telo Ryjeng\AppData\Local\Programs\Python\Python38\lib\site-packages\pycaret\internal\metrics.py:190: FitFailedWarning: Metric 'make_scorer(roc_auc_score, needs_proba=True, error_score=0.0, average=weighted, multi_class=ovr)' failed and error score 0.0 has been returned instead. If this is a custom metric, this usually means that the error is in the metric code. Full exception below:
Traceback (most recent call last):
  File "C:\Users\Telo Ryjeng\AppData\Local\Programs\Python\Python38\lib\site-packages\sklearn\metrics\_scorer.py", line 76, in _cached_call
    return cache[method]
KeyError: 'predict_proba'

During handling of the above exception, another exception occurred:

Traceback (most recent call last):
  File "C:\Users\Telo Ryjeng\AppData\Local\Programs\Python\Python38\lib\site-packages\pycaret\internal\metrics.py", line 182, in _score
    return super()._score(
  File "C:\Users\Telo Ryjeng\AppData\Local\Programs\Python\Python38\lib\site-packages\sklearn\metrics\_scorer.py", line 316, in _score
    y_pred = method_caller(clf, "predict_proba", X)
  File "C:\Users\Telo Ryjeng\AppData\Local\Programs\Python\Python38\lib\site-packages\sklearn\metrics\_scorer.py", line 78, in _cached_call
    result = getattr(estimator, method)(*args, **kwargs)
  File "C:\Users\Telo Ryjeng\AppData\Local\Programs\Python\Python38\lib\site-packages\pycaret\internal\pipeline.py", line 127, in __getattr__
    return getattr(self._final_estimator, name)
  File "C:\Users\Telo Ryjeng\AppData\Local\Programs\Python\Python38\lib\site-packages\sklearn\utils\_available_if.py", line 32, in __get__
    if not self.check(obj):
  File "C:\Users\Telo Ryjeng\AppData\Local\Programs\Python\Python38\lib\site-packages\sklearn\linear_model\_stochastic_gradient.py", line 1235, in _check_proba
    raise AttributeError(
AttributeError: probability estimates are not available for loss='hinge'

  warnings.warn(

2026-09-15 11:38:47,327:WARNING:C:\Users\Telo Ryjeng\AppData\Local\Programs\Python\Python38\lib\site-packages\pycaret\internal\metrics.py:190: FitFailedWarning: Metric 'make_scorer(roc_auc_score, needs_proba=True, error_score=0.0, average=weighted, multi_class=ovr)' failed and error score 0.0 has been returned instead. If this is a custom metric, this usually means that the error is in the metric code. Full exception below:
Traceback (most recent call last):
  File "C:\Users\Telo Ryjeng\AppData\Local\Programs\Python\Python38\lib\site-packages\sklearn\metrics\_scorer.py", line 76, in _cached_call
    return cache[method]
KeyError: 'predict_proba'

During handling of the above exception, another exception occurred:

Traceback (most recent call last):
  File "C:\Users\Telo Ryjeng\AppData\Local\Programs\Python\Python38\lib\site-packages\pycaret\internal\metrics.py", line 182, in _score
    return super()._score(
  File "C:\Users\Telo Ryjeng\AppData\Local\Programs\Python\Python38\lib\site-packages\sklearn\metrics\_scorer.py", line 316, in _score
    y_pred = method_caller(clf, "predict_proba", X)
  File "C:\Users\Telo Ryjeng\AppData\Local\Programs\Python\Python38\lib\site-packages\sklearn\metrics\_scorer.py", line 78, in _cached_call
    result = getattr(estimator, method)(*args, **kwargs)
  File "C:\Users\Telo Ryjeng\AppData\Local\Programs\Python\Python38\lib\site-packages\pycaret\internal\pipeline.py", line 127, in __getattr__
    return getattr(self._final_estimator, name)
  File "C:\Users\Telo Ryjeng\AppData\Local\Programs\Python\Python38\lib\site-packages\sklearn\utils\_available_if.py", line 32, in __get__
    if not self.check(obj):
  File "C:\Users\Telo Ryjeng\AppData\Local\Programs\Python\Python38\lib\site-packages\sklearn\linear_model\_stochastic_gradient.py", line 1235, in _check_proba
    raise AttributeError(
AttributeError: probability estimates are not available for loss='hinge'

  warnings.warn(

2026-09-15 11:38:47,327:WARNING:C:\Users\Telo Ryjeng\AppData\Local\Programs\Python\Python38\lib\site-packages\pycaret\internal\metrics.py:190: FitFailedWarning: Metric 'make_scorer(roc_auc_score, needs_proba=True, error_score=0.0, average=weighted, multi_class=ovr)' failed and error score 0.0 has been returned instead. If this is a custom metric, this usually means that the error is in the metric code. Full exception below:
Traceback (most recent call last):
  File "C:\Users\Telo Ryjeng\AppData\Local\Programs\Python\Python38\lib\site-packages\sklearn\metrics\_scorer.py", line 76, in _cached_call
    return cache[method]
KeyError: 'predict_proba'

During handling of the above exception, another exception occurred:

Traceback (most recent call last):
  File "C:\Users\Telo Ryjeng\AppData\Local\Programs\Python\Python38\lib\site-packages\pycaret\internal\metrics.py", line 182, in _score
    return super()._score(
  File "C:\Users\Telo Ryjeng\AppData\Local\Programs\Python\Python38\lib\site-packages\sklearn\metrics\_scorer.py", line 316, in _score
    y_pred = method_caller(clf, "predict_proba", X)
  File "C:\Users\Telo Ryjeng\AppData\Local\Programs\Python\Python38\lib\site-packages\sklearn\metrics\_scorer.py", line 78, in _cached_call
    result = getattr(estimator, method)(*args, **kwargs)
  File "C:\Users\Telo Ryjeng\AppData\Local\Programs\Python\Python38\lib\site-packages\pycaret\internal\pipeline.py", line 127, in __getattr__
    return getattr(self._final_estimator, name)
  File "C:\Users\Telo Ryjeng\AppData\Local\Programs\Python\Python38\lib\site-packages\sklearn\utils\_available_if.py", line 32, in __get__
    if not self.check(obj):
  File "C:\Users\Telo Ryjeng\AppData\Local\Programs\Python\Python38\lib\site-packages\sklearn\linear_model\_stochastic_gradient.py", line 1235, in _check_proba
    raise AttributeError(
AttributeError: probability estimates are not available for loss='hinge'

  warnings.warn(

2026-09-15 11:38:47,330:WARNING:C:\Users\Telo Ryjeng\AppData\Local\Programs\Python\Python38\lib\site-packages\sklearn\metrics\_classification.py:1344: UndefinedMetricWarning: Precision is ill-defined and being set to 0.0 in labels with no predicted samples. Use `zero_division` parameter to control this behavior.
  _warn_prf(average, modifier, msg_start, len(result))

2026-09-15 11:38:47,330:WARNING:C:\Users\Telo Ryjeng\AppData\Local\Programs\Python\Python38\lib\site-packages\pycaret\internal\metrics.py:190: FitFailedWarning: Metric 'make_scorer(roc_auc_score, needs_proba=True, error_score=0.0, average=weighted, multi_class=ovr)' failed and error score 0.0 has been returned instead. If this is a custom metric, this usually means that the error is in the metric code. Full exception below:
Traceback (most recent call last):
  File "C:\Users\Telo Ryjeng\AppData\Local\Programs\Python\Python38\lib\site-packages\sklearn\metrics\_scorer.py", line 76, in _cached_call
    return cache[method]
KeyError: 'predict_proba'

During handling of the above exception, another exception occurred:

Traceback (most recent call last):
  File "C:\Users\Telo Ryjeng\AppData\Local\Programs\Python\Python38\lib\site-packages\pycaret\internal\metrics.py", line 182, in _score
    return super()._score(
  File "C:\Users\Telo Ryjeng\AppData\Local\Programs\Python\Python38\lib\site-packages\sklearn\metrics\_scorer.py", line 316, in _score
    y_pred = method_caller(clf, "predict_proba", X)
  File "C:\Users\Telo Ryjeng\AppData\Local\Programs\Python\Python38\lib\site-packages\sklearn\metrics\_scorer.py", line 78, in _cached_call
    result = getattr(estimator, method)(*args, **kwargs)
  File "C:\Users\Telo Ryjeng\AppData\Local\Programs\Python\Python38\lib\site-packages\pycaret\internal\pipeline.py", line 127, in __getattr__
    return getattr(self._final_estimator, name)
  File "C:\Users\Telo Ryjeng\AppData\Local\Programs\Python\Python38\lib\site-packages\sklearn\utils\_available_if.py", line 32, in __get__
    if not self.check(obj):
  File "C:\Users\Telo Ryjeng\AppData\Local\Programs\Python\Python38\lib\site-packages\sklearn\linear_model\_stochastic_gradient.py", line 1235, in _check_proba
    raise AttributeError(
AttributeError: probability estimates are not available for loss='hinge'

  warnings.warn(

2026-09-15 11:38:47,336:INFO:Calculating mean and std
2026-09-15 11:38:47,337:INFO:Creating metrics dataframe
2026-09-15 11:38:47,338:INFO:Uploading results into container
2026-09-15 11:38:47,339:INFO:Uploading model into container now
2026-09-15 11:38:47,339:INFO:_master_model_container: 5
2026-09-15 11:38:47,339:INFO:_display_container: 2
2026-09-15 11:38:47,339:INFO:SGDClassifier(alpha=0.0001, average=False, class_weight=None,
              early_stopping=False, epsilon=0.1, eta0=0.001, fit_intercept=True,
              l1_ratio=0.15, learning_rate='optimal', loss='hinge',
              max_iter=1000, n_iter_no_change=5, n_jobs=-1, penalty='l2',
              power_t=0.5, random_state=3211, shuffle=True, tol=0.001,
              validation_fraction=0.1, verbose=0, warm_start=False)
2026-09-15 11:38:47,339:INFO:create_model() successfully completed......................................
2026-09-15 11:38:47,384:INFO:SubProcess create_model() end ==================================
2026-09-15 11:38:47,384:INFO:Creating metrics dataframe
2026-09-15 11:38:47,387:INFO:Initializing Ridge Classifier
2026-09-15 11:38:47,387:INFO:Total runtime is 0.06464480956395467 minutes
2026-09-15 11:38:47,387:INFO:SubProcess create_model() called ==================================
2026-09-15 11:38:47,387:INFO:Initializing create_model()
2026-09-15 11:38:47,387:INFO:create_model(self=<pycaret.classification.oop.ClassificationExperiment object at 0x0000023286AF8670>, estimator=ridge, fold=StratifiedKFold(n_splits=10, random_state=None, shuffle=False), round=4, cross_validation=True, predict=True, fit_kwargs={}, groups=None, refit=False, probability_threshold=None, experiment_custom_tags=None, verbose=False, system=False, add_to_model_list=True, metrics=None, display=<pycaret.internal.display.display.CommonDisplay object at 0x00000232BE5CDDC0>, model_only=True, return_train_score=False, error_score=0.0, kwargs={})
2026-09-15 11:38:47,387:INFO:Checking exceptions
2026-09-15 11:38:47,387:INFO:Importing libraries
2026-09-15 11:38:47,387:INFO:Copying training dataset
2026-09-15 11:38:47,388:INFO:Defining folds
2026-09-15 11:38:47,388:INFO:Declaring metric variables
2026-09-15 11:38:47,389:INFO:Importing untrained model
2026-09-15 11:38:47,389:INFO:Ridge Classifier Imported successfully
2026-09-15 11:38:47,389:INFO:Starting cross validation
2026-09-15 11:38:47,389:INFO:Cross validating with StratifiedKFold(n_splits=10, random_state=None, shuffle=False), n_jobs=-1
2026-09-15 11:38:47,412:WARNING:C:\Users\Telo Ryjeng\AppData\Local\Programs\Python\Python38\lib\site-packages\pycaret\internal\metrics.py:190: FitFailedWarning: Metric 'make_scorer(roc_auc_score, needs_proba=True, error_score=0.0, average=weighted, multi_class=ovr)' failed and error score 0.0 has been returned instead. If this is a custom metric, this usually means that the error is in the metric code. Full exception below:
Traceback (most recent call last):
  File "C:\Users\Telo Ryjeng\AppData\Local\Programs\Python\Python38\lib\site-packages\sklearn\metrics\_scorer.py", line 76, in _cached_call
    return cache[method]
KeyError: 'predict_proba'

During handling of the above exception, another exception occurred:

Traceback (most recent call last):
  File "C:\Users\Telo Ryjeng\AppData\Local\Programs\Python\Python38\lib\site-packages\pycaret\internal\metrics.py", line 182, in _score
    return super()._score(
  File "C:\Users\Telo Ryjeng\AppData\Local\Programs\Python\Python38\lib\site-packages\sklearn\metrics\_scorer.py", line 316, in _score
    y_pred = method_caller(clf, "predict_proba", X)
  File "C:\Users\Telo Ryjeng\AppData\Local\Programs\Python\Python38\lib\site-packages\sklearn\metrics\_scorer.py", line 78, in _cached_call
    result = getattr(estimator, method)(*args, **kwargs)
  File "C:\Users\Telo Ryjeng\AppData\Local\Programs\Python\Python38\lib\site-packages\pycaret\internal\pipeline.py", line 127, in __getattr__
    return getattr(self._final_estimator, name)
AttributeError: 'RidgeClassifier' object has no attribute 'predict_proba'

  warnings.warn(

2026-09-15 11:38:47,413:WARNING:C:\Users\Telo Ryjeng\AppData\Local\Programs\Python\Python38\lib\site-packages\pycaret\internal\metrics.py:190: FitFailedWarning: Metric 'make_scorer(roc_auc_score, needs_proba=True, error_score=0.0, average=weighted, multi_class=ovr)' failed and error score 0.0 has been returned instead. If this is a custom metric, this usually means that the error is in the metric code. Full exception below:
Traceback (most recent call last):
  File "C:\Users\Telo Ryjeng\AppData\Local\Programs\Python\Python38\lib\site-packages\sklearn\metrics\_scorer.py", line 76, in _cached_call
    return cache[method]
KeyError: 'predict_proba'

During handling of the above exception, another exception occurred:

Traceback (most recent call last):
  File "C:\Users\Telo Ryjeng\AppData\Local\Programs\Python\Python38\lib\site-packages\pycaret\internal\metrics.py", line 182, in _score
    return super()._score(
  File "C:\Users\Telo Ryjeng\AppData\Local\Programs\Python\Python38\lib\site-packages\sklearn\metrics\_scorer.py", line 316, in _score
    y_pred = method_caller(clf, "predict_proba", X)
  File "C:\Users\Telo Ryjeng\AppData\Local\Programs\Python\Python38\lib\site-packages\sklearn\metrics\_scorer.py", line 78, in _cached_call
    result = getattr(estimator, method)(*args, **kwargs)
  File "C:\Users\Telo Ryjeng\AppData\Local\Programs\Python\Python38\lib\site-packages\pycaret\internal\pipeline.py", line 127, in __getattr__
    return getattr(self._final_estimator, name)
AttributeError: 'RidgeClassifier' object has no attribute 'predict_proba'

  warnings.warn(

2026-09-15 11:38:47,413:WARNING:C:\Users\Telo Ryjeng\AppData\Local\Programs\Python\Python38\lib\site-packages\pycaret\internal\metrics.py:190: FitFailedWarning: Metric 'make_scorer(roc_auc_score, needs_proba=True, error_score=0.0, average=weighted, multi_class=ovr)' failed and error score 0.0 has been returned instead. If this is a custom metric, this usually means that the error is in the metric code. Full exception below:
Traceback (most recent call last):
  File "C:\Users\Telo Ryjeng\AppData\Local\Programs\Python\Python38\lib\site-packages\sklearn\metrics\_scorer.py", line 76, in _cached_call
    return cache[method]
KeyError: 'predict_proba'

During handling of the above exception, another exception occurred:

Traceback (most recent call last):
  File "C:\Users\Telo Ryjeng\AppData\Local\Programs\Python\Python38\lib\site-packages\pycaret\internal\metrics.py", line 182, in _score
    return super()._score(
  File "C:\Users\Telo Ryjeng\AppData\Local\Programs\Python\Python38\lib\site-packages\sklearn\metrics\_scorer.py", line 316, in _score
    y_pred = method_caller(clf, "predict_proba", X)
  File "C:\Users\Telo Ryjeng\AppData\Local\Programs\Python\Python38\lib\site-packages\sklearn\metrics\_scorer.py", line 78, in _cached_call
    result = getattr(estimator, method)(*args, **kwargs)
  File "C:\Users\Telo Ryjeng\AppData\Local\Programs\Python\Python38\lib\site-packages\pycaret\internal\pipeline.py", line 127, in __getattr__
    return getattr(self._final_estimator, name)
AttributeError: 'RidgeClassifier' object has no attribute 'predict_proba'

  warnings.warn(

2026-09-15 11:38:47,414:WARNING:C:\Users\Telo Ryjeng\AppData\Local\Programs\Python\Python38\lib\site-packages\pycaret\internal\metrics.py:190: FitFailedWarning: Metric 'make_scorer(roc_auc_score, needs_proba=True, error_score=0.0, average=weighted, multi_class=ovr)' failed and error score 0.0 has been returned instead. If this is a custom metric, this usually means that the error is in the metric code. Full exception below:
Traceback (most recent call last):
  File "C:\Users\Telo Ryjeng\AppData\Local\Programs\Python\Python38\lib\site-packages\sklearn\metrics\_scorer.py", line 76, in _cached_call
    return cache[method]
KeyError: 'predict_proba'

During handling of the above exception, another exception occurred:

Traceback (most recent call last):
  File "C:\Users\Telo Ryjeng\AppData\Local\Programs\Python\Python38\lib\site-packages\pycaret\internal\metrics.py", line 182, in _score
    return super()._score(
  File "C:\Users\Telo Ryjeng\AppData\Local\Programs\Python\Python38\lib\site-packages\sklearn\metrics\_scorer.py", line 316, in _score
    y_pred = method_caller(clf, "predict_proba", X)
  File "C:\Users\Telo Ryjeng\AppData\Local\Programs\Python\Python38\lib\site-packages\sklearn\metrics\_scorer.py", line 78, in _cached_call
    result = getattr(estimator, method)(*args, **kwargs)
  File "C:\Users\Telo Ryjeng\AppData\Local\Programs\Python\Python38\lib\site-packages\pycaret\internal\pipeline.py", line 127, in __getattr__
    return getattr(self._final_estimator, name)
AttributeError: 'RidgeClassifier' object has no attribute 'predict_proba'

  warnings.warn(

2026-09-15 11:38:47,414:WARNING:C:\Users\Telo Ryjeng\AppData\Local\Programs\Python\Python38\lib\site-packages\pycaret\internal\metrics.py:190: FitFailedWarning: Metric 'make_scorer(roc_auc_score, needs_proba=True, error_score=0.0, average=weighted, multi_class=ovr)' failed and error score 0.0 has been returned instead. If this is a custom metric, this usually means that the error is in the metric code. Full exception below:
Traceback (most recent call last):
  File "C:\Users\Telo Ryjeng\AppData\Local\Programs\Python\Python38\lib\site-packages\sklearn\metrics\_scorer.py", line 76, in _cached_call
    return cache[method]
KeyError: 'predict_proba'

During handling of the above exception, another exception occurred:

Traceback (most recent call last):
  File "C:\Users\Telo Ryjeng\AppData\Local\Programs\Python\Python38\lib\site-packages\pycaret\internal\metrics.py", line 182, in _score
    return super()._score(
  File "C:\Users\Telo Ryjeng\AppData\Local\Programs\Python\Python38\lib\site-packages\sklearn\metrics\_scorer.py", line 316, in _score
    y_pred = method_caller(clf, "predict_proba", X)
  File "C:\Users\Telo Ryjeng\AppData\Local\Programs\Python\Python38\lib\site-packages\sklearn\metrics\_scorer.py", line 78, in _cached_call
    result = getattr(estimator, method)(*args, **kwargs)
  File "C:\Users\Telo Ryjeng\AppData\Local\Programs\Python\Python38\lib\site-packages\pycaret\internal\pipeline.py", line 127, in __getattr__
    return getattr(self._final_estimator, name)
AttributeError: 'RidgeClassifier' object has no attribute 'predict_proba'

  warnings.warn(

2026-09-15 11:38:47,415:WARNING:C:\Users\Telo Ryjeng\AppData\Local\Programs\Python\Python38\lib\site-packages\pycaret\internal\metrics.py:190: FitFailedWarning: Metric 'make_scorer(roc_auc_score, needs_proba=True, error_score=0.0, average=weighted, multi_class=ovr)' failed and error score 0.0 has been returned instead. If this is a custom metric, this usually means that the error is in the metric code. Full exception below:
Traceback (most recent call last):
  File "C:\Users\Telo Ryjeng\AppData\Local\Programs\Python\Python38\lib\site-packages\sklearn\metrics\_scorer.py", line 76, in _cached_call
    return cache[method]
KeyError: 'predict_proba'

During handling of the above exception, another exception occurred:

Traceback (most recent call last):
  File "C:\Users\Telo Ryjeng\AppData\Local\Programs\Python\Python38\lib\site-packages\pycaret\internal\metrics.py", line 182, in _score
    return super()._score(
  File "C:\Users\Telo Ryjeng\AppData\Local\Programs\Python\Python38\lib\site-packages\sklearn\metrics\_scorer.py", line 316, in _score
    y_pred = method_caller(clf, "predict_proba", X)
  File "C:\Users\Telo Ryjeng\AppData\Local\Programs\Python\Python38\lib\site-packages\sklearn\metrics\_scorer.py", line 78, in _cached_call
    result = getattr(estimator, method)(*args, **kwargs)
  File "C:\Users\Telo Ryjeng\AppData\Local\Programs\Python\Python38\lib\site-packages\pycaret\internal\pipeline.py", line 127, in __getattr__
    return getattr(self._final_estimator, name)
AttributeError: 'RidgeClassifier' object has no attribute 'predict_proba'

  warnings.warn(

2026-09-15 11:38:47,417:WARNING:C:\Users\Telo Ryjeng\AppData\Local\Programs\Python\Python38\lib\site-packages\pycaret\internal\metrics.py:190: FitFailedWarning: Metric 'make_scorer(roc_auc_score, needs_proba=True, error_score=0.0, average=weighted, multi_class=ovr)' failed and error score 0.0 has been returned instead. If this is a custom metric, this usually means that the error is in the metric code. Full exception below:
Traceback (most recent call last):
  File "C:\Users\Telo Ryjeng\AppData\Local\Programs\Python\Python38\lib\site-packages\sklearn\metrics\_scorer.py", line 76, in _cached_call
    return cache[method]
KeyError: 'predict_proba'

During handling of the above exception, another exception occurred:

Traceback (most recent call last):
  File "C:\Users\Telo Ryjeng\AppData\Local\Programs\Python\Python38\lib\site-packages\pycaret\internal\metrics.py", line 182, in _score
    return super()._score(
  File "C:\Users\Telo Ryjeng\AppData\Local\Programs\Python\Python38\lib\site-packages\sklearn\metrics\_scorer.py", line 316, in _score
    y_pred = method_caller(clf, "predict_proba", X)
  File "C:\Users\Telo Ryjeng\AppData\Local\Programs\Python\Python38\lib\site-packages\sklearn\metrics\_scorer.py", line 78, in _cached_call
    result = getattr(estimator, method)(*args, **kwargs)
  File "C:\Users\Telo Ryjeng\AppData\Local\Programs\Python\Python38\lib\site-packages\pycaret\internal\pipeline.py", line 127, in __getattr__
    return getattr(self._final_estimator, name)
AttributeError: 'RidgeClassifier' object has no attribute 'predict_proba'

  warnings.warn(

2026-09-15 11:38:47,419:WARNING:C:\Users\Telo Ryjeng\AppData\Local\Programs\Python\Python38\lib\site-packages\pycaret\internal\metrics.py:190: FitFailedWarning: Metric 'make_scorer(roc_auc_score, needs_proba=True, error_score=0.0, average=weighted, multi_class=ovr)' failed and error score 0.0 has been returned instead. If this is a custom metric, this usually means that the error is in the metric code. Full exception below:
Traceback (most recent call last):
  File "C:\Users\Telo Ryjeng\AppData\Local\Programs\Python\Python38\lib\site-packages\sklearn\metrics\_scorer.py", line 76, in _cached_call
    return cache[method]
KeyError: 'predict_proba'

During handling of the above exception, another exception occurred:

Traceback (most recent call last):
  File "C:\Users\Telo Ryjeng\AppData\Local\Programs\Python\Python38\lib\site-packages\pycaret\internal\metrics.py", line 182, in _score
    return super()._score(
  File "C:\Users\Telo Ryjeng\AppData\Local\Programs\Python\Python38\lib\site-packages\sklearn\metrics\_scorer.py", line 316, in _score
    y_pred = method_caller(clf, "predict_proba", X)
  File "C:\Users\Telo Ryjeng\AppData\Local\Programs\Python\Python38\lib\site-packages\sklearn\metrics\_scorer.py", line 78, in _cached_call
    result = getattr(estimator, method)(*args, **kwargs)
  File "C:\Users\Telo Ryjeng\AppData\Local\Programs\Python\Python38\lib\site-packages\pycaret\internal\pipeline.py", line 127, in __getattr__
    return getattr(self._final_estimator, name)
AttributeError: 'RidgeClassifier' object has no attribute 'predict_proba'

  warnings.warn(

2026-09-15 11:38:47,421:WARNING:C:\Users\Telo Ryjeng\AppData\Local\Programs\Python\Python38\lib\site-packages\pycaret\internal\metrics.py:190: FitFailedWarning: Metric 'make_scorer(roc_auc_score, needs_proba=True, error_score=0.0, average=weighted, multi_class=ovr)' failed and error score 0.0 has been returned instead. If this is a custom metric, this usually means that the error is in the metric code. Full exception below:
Traceback (most recent call last):
  File "C:\Users\Telo Ryjeng\AppData\Local\Programs\Python\Python38\lib\site-packages\sklearn\metrics\_scorer.py", line 76, in _cached_call
    return cache[method]
KeyError: 'predict_proba'

During handling of the above exception, another exception occurred:

Traceback (most recent call last):
  File "C:\Users\Telo Ryjeng\AppData\Local\Programs\Python\Python38\lib\site-packages\pycaret\internal\metrics.py", line 182, in _score
    return super()._score(
  File "C:\Users\Telo Ryjeng\AppData\Local\Programs\Python\Python38\lib\site-packages\sklearn\metrics\_scorer.py", line 316, in _score
    y_pred = method_caller(clf, "predict_proba", X)
  File "C:\Users\Telo Ryjeng\AppData\Local\Programs\Python\Python38\lib\site-packages\sklearn\metrics\_scorer.py", line 78, in _cached_call
    result = getattr(estimator, method)(*args, **kwargs)
  File "C:\Users\Telo Ryjeng\AppData\Local\Programs\Python\Python38\lib\site-packages\pycaret\internal\pipeline.py", line 127, in __getattr__
    return getattr(self._final_estimator, name)
AttributeError: 'RidgeClassifier' object has no attribute 'predict_proba'

  warnings.warn(

2026-09-15 11:38:47,422:WARNING:C:\Users\Telo Ryjeng\AppData\Local\Programs\Python\Python38\lib\site-packages\pycaret\internal\metrics.py:190: FitFailedWarning: Metric 'make_scorer(roc_auc_score, needs_proba=True, error_score=0.0, average=weighted, multi_class=ovr)' failed and error score 0.0 has been returned instead. If this is a custom metric, this usually means that the error is in the metric code. Full exception below:
Traceback (most recent call last):
  File "C:\Users\Telo Ryjeng\AppData\Local\Programs\Python\Python38\lib\site-packages\sklearn\metrics\_scorer.py", line 76, in _cached_call
    return cache[method]
KeyError: 'predict_proba'

During handling of the above exception, another exception occurred:

Traceback (most recent call last):
  File "C:\Users\Telo Ryjeng\AppData\Local\Programs\Python\Python38\lib\site-packages\pycaret\internal\metrics.py", line 182, in _score
    return super()._score(
  File "C:\Users\Telo Ryjeng\AppData\Local\Programs\Python\Python38\lib\site-packages\sklearn\metrics\_scorer.py", line 316, in _score
    y_pred = method_caller(clf, "predict_proba", X)
  File "C:\Users\Telo Ryjeng\AppData\Local\Programs\Python\Python38\lib\site-packages\sklearn\metrics\_scorer.py", line 78, in _cached_call
    result = getattr(estimator, method)(*args, **kwargs)
  File "C:\Users\Telo Ryjeng\AppData\Local\Programs\Python\Python38\lib\site-packages\pycaret\internal\pipeline.py", line 127, in __getattr__
    return getattr(self._final_estimator, name)
AttributeError: 'RidgeClassifier' object has no attribute 'predict_proba'

  warnings.warn(

2026-09-15 11:38:47,428:INFO:Calculating mean and std
2026-09-15 11:38:47,428:INFO:Creating metrics dataframe
2026-09-15 11:38:47,430:INFO:Uploading results into container
2026-09-15 11:38:47,430:INFO:Uploading model into container now
2026-09-15 11:38:47,431:INFO:_master_model_container: 6
2026-09-15 11:38:47,431:INFO:_display_container: 2
2026-09-15 11:38:47,431:INFO:RidgeClassifier(alpha=1.0, class_weight=None, copy_X=True, fit_intercept=True,
                max_iter=None, positive=False, random_state=3211, solver='auto',
                tol=0.0001)
2026-09-15 11:38:47,431:INFO:create_model() successfully completed......................................
2026-09-15 11:38:47,473:INFO:SubProcess create_model() end ==================================
2026-09-15 11:38:47,473:INFO:Creating metrics dataframe
2026-09-15 11:38:47,476:INFO:Initializing Random Forest Classifier
2026-09-15 11:38:47,476:INFO:Total runtime is 0.0661181370417277 minutes
2026-09-15 11:38:47,476:INFO:SubProcess create_model() called ==================================
2026-09-15 11:38:47,476:INFO:Initializing create_model()
2026-09-15 11:38:47,476:INFO:create_model(self=<pycaret.classification.oop.ClassificationExperiment object at 0x0000023286AF8670>, estimator=rf, fold=StratifiedKFold(n_splits=10, random_state=None, shuffle=False), round=4, cross_validation=True, predict=True, fit_kwargs={}, groups=None, refit=False, probability_threshold=None, experiment_custom_tags=None, verbose=False, system=False, add_to_model_list=True, metrics=None, display=<pycaret.internal.display.display.CommonDisplay object at 0x00000232BE5CDDC0>, model_only=True, return_train_score=False, error_score=0.0, kwargs={})
2026-09-15 11:38:47,476:INFO:Checking exceptions
2026-09-15 11:38:47,476:INFO:Importing libraries
2026-09-15 11:38:47,476:INFO:Copying training dataset
2026-09-15 11:38:47,478:INFO:Defining folds
2026-09-15 11:38:47,478:INFO:Declaring metric variables
2026-09-15 11:38:47,478:INFO:Importing untrained model
2026-09-15 11:38:47,478:INFO:Random Forest Classifier Imported successfully
2026-09-15 11:38:47,478:INFO:Starting cross validation
2026-09-15 11:38:47,478:INFO:Cross validating with StratifiedKFold(n_splits=10, random_state=None, shuffle=False), n_jobs=-1
2026-09-15 11:38:47,746:INFO:Calculating mean and std
2026-09-15 11:38:47,747:INFO:Creating metrics dataframe
2026-09-15 11:38:47,749:INFO:Uploading results into container
2026-09-15 11:38:47,749:INFO:Uploading model into container now
2026-09-15 11:38:47,750:INFO:_master_model_container: 7
2026-09-15 11:38:47,750:INFO:_display_container: 2
2026-09-15 11:38:47,750:INFO:RandomForestClassifier(bootstrap=True, ccp_alpha=0.0, class_weight=None,
                       criterion='gini', max_depth=None, max_features='sqrt',
                       max_leaf_nodes=None, max_samples=None,
                       min_impurity_decrease=0.0, min_samples_leaf=1,
                       min_samples_split=2, min_weight_fraction_leaf=0.0,
                       n_estimators=100, n_jobs=-1, oob_score=False,
                       random_state=3211, verbose=0, warm_start=False)
2026-09-15 11:38:47,750:INFO:create_model() successfully completed......................................
2026-09-15 11:38:47,794:INFO:SubProcess create_model() end ==================================
2026-09-15 11:38:47,794:INFO:Creating metrics dataframe
2026-09-15 11:38:47,798:INFO:Initializing Quadratic Discriminant Analysis
2026-09-15 11:38:47,798:INFO:Total runtime is 0.07149764696756998 minutes
2026-09-15 11:38:47,798:INFO:SubProcess create_model() called ==================================
2026-09-15 11:38:47,798:INFO:Initializing create_model()
2026-09-15 11:38:47,799:INFO:create_model(self=<pycaret.classification.oop.ClassificationExperiment object at 0x0000023286AF8670>, estimator=qda, fold=StratifiedKFold(n_splits=10, random_state=None, shuffle=False), round=4, cross_validation=True, predict=True, fit_kwargs={}, groups=None, refit=False, probability_threshold=None, experiment_custom_tags=None, verbose=False, system=False, add_to_model_list=True, metrics=None, display=<pycaret.internal.display.display.CommonDisplay object at 0x00000232BE5CDDC0>, model_only=True, return_train_score=False, error_score=0.0, kwargs={})
2026-09-15 11:38:47,799:INFO:Checking exceptions
2026-09-15 11:38:47,799:INFO:Importing libraries
2026-09-15 11:38:47,799:INFO:Copying training dataset
2026-09-15 11:38:47,801:INFO:Defining folds
2026-09-15 11:38:47,801:INFO:Declaring metric variables
2026-09-15 11:38:47,801:INFO:Importing untrained model
2026-09-15 11:38:47,801:INFO:Quadratic Discriminant Analysis Imported successfully
2026-09-15 11:38:47,801:INFO:Starting cross validation
2026-09-15 11:38:47,802:INFO:Cross validating with StratifiedKFold(n_splits=10, random_state=None, shuffle=False), n_jobs=-1
2026-09-15 11:38:47,848:INFO:Calculating mean and std
2026-09-15 11:38:47,848:INFO:Creating metrics dataframe
2026-09-15 11:38:47,850:INFO:Uploading results into container
2026-09-15 11:38:47,851:INFO:Uploading model into container now
2026-09-15 11:38:47,851:INFO:_master_model_container: 8
2026-09-15 11:38:47,851:INFO:_display_container: 2
2026-09-15 11:38:47,851:INFO:QuadraticDiscriminantAnalysis(priors=None, reg_param=0.0,
                              store_covariance=False, tol=0.0001)
2026-09-15 11:38:47,851:INFO:create_model() successfully completed......................................
2026-09-15 11:38:47,893:INFO:SubProcess create_model() end ==================================
2026-09-15 11:38:47,893:INFO:Creating metrics dataframe
2026-09-15 11:38:47,897:INFO:Initializing Ada Boost Classifier
2026-09-15 11:38:47,897:INFO:Total runtime is 0.07313615481058756 minutes
2026-09-15 11:38:47,897:INFO:SubProcess create_model() called ==================================
2026-09-15 11:38:47,897:INFO:Initializing create_model()
2026-09-15 11:38:47,897:INFO:create_model(self=<pycaret.classification.oop.ClassificationExperiment object at 0x0000023286AF8670>, estimator=ada, fold=StratifiedKFold(n_splits=10, random_state=None, shuffle=False), round=4, cross_validation=True, predict=True, fit_kwargs={}, groups=None, refit=False, probability_threshold=None, experiment_custom_tags=None, verbose=False, system=False, add_to_model_list=True, metrics=None, display=<pycaret.internal.display.display.CommonDisplay object at 0x00000232BE5CDDC0>, model_only=True, return_train_score=False, error_score=0.0, kwargs={})
2026-09-15 11:38:47,897:INFO:Checking exceptions
2026-09-15 11:38:47,897:INFO:Importing libraries
2026-09-15 11:38:47,897:INFO:Copying training dataset
2026-09-15 11:38:47,899:INFO:Defining folds
2026-09-15 11:38:47,899:INFO:Declaring metric variables
2026-09-15 11:38:47,899:INFO:Importing untrained model
2026-09-15 11:38:47,899:INFO:Ada Boost Classifier Imported successfully
2026-09-15 11:38:47,899:INFO:Starting cross validation
2026-09-15 11:38:47,900:INFO:Cross validating with StratifiedKFold(n_splits=10, random_state=None, shuffle=False), n_jobs=-1
2026-09-15 11:38:48,021:INFO:Calculating mean and std
2026-09-15 11:38:48,021:INFO:Creating metrics dataframe
2026-09-15 11:38:48,024:INFO:Uploading results into container
2026-09-15 11:38:48,024:INFO:Uploading model into container now
2026-09-15 11:38:48,025:INFO:_master_model_container: 9
2026-09-15 11:38:48,025:INFO:_display_container: 2
2026-09-15 11:38:48,025:INFO:AdaBoostClassifier(algorithm='SAMME.R', base_estimator='deprecated',
                   estimator=None, learning_rate=1.0, n_estimators=50,
                   random_state=3211)
2026-09-15 11:38:48,025:INFO:create_model() successfully completed......................................
2026-09-15 11:38:48,069:INFO:SubProcess create_model() end ==================================
2026-09-15 11:38:48,070:INFO:Creating metrics dataframe
2026-09-15 11:38:48,072:INFO:Initializing Gradient Boosting Classifier
2026-09-15 11:38:48,072:INFO:Total runtime is 0.07606215476989746 minutes
2026-09-15 11:38:48,072:INFO:SubProcess create_model() called ==================================
2026-09-15 11:38:48,073:INFO:Initializing create_model()
2026-09-15 11:38:48,073:INFO:create_model(self=<pycaret.classification.oop.ClassificationExperiment object at 0x0000023286AF8670>, estimator=gbc, fold=StratifiedKFold(n_splits=10, random_state=None, shuffle=False), round=4, cross_validation=True, predict=True, fit_kwargs={}, groups=None, refit=False, probability_threshold=None, experiment_custom_tags=None, verbose=False, system=False, add_to_model_list=True, metrics=None, display=<pycaret.internal.display.display.CommonDisplay object at 0x00000232BE5CDDC0>, model_only=True, return_train_score=False, error_score=0.0, kwargs={})
2026-09-15 11:38:48,073:INFO:Checking exceptions
2026-09-15 11:38:48,073:INFO:Importing libraries
2026-09-15 11:38:48,073:INFO:Copying training dataset
2026-09-15 11:38:48,075:INFO:Defining folds
2026-09-15 11:38:48,075:INFO:Declaring metric variables
2026-09-15 11:38:48,075:INFO:Importing untrained model
2026-09-15 11:38:48,075:INFO:Gradient Boosting Classifier Imported successfully
2026-09-15 11:38:48,075:INFO:Starting cross validation
2026-09-15 11:38:48,075:INFO:Cross validating with StratifiedKFold(n_splits=10, random_state=None, shuffle=False), n_jobs=-1
2026-09-15 11:38:48,357:INFO:Calculating mean and std
2026-09-15 11:38:48,358:INFO:Creating metrics dataframe
2026-09-15 11:38:48,361:INFO:Uploading results into container
2026-09-15 11:38:48,361:INFO:Uploading model into container now
2026-09-15 11:38:48,362:INFO:_master_model_container: 10
2026-09-15 11:38:48,362:INFO:_display_container: 2
2026-09-15 11:38:48,362:INFO:GradientBoostingClassifier(ccp_alpha=0.0, criterion='friedman_mse', init=None,
                           learning_rate=0.1, loss='log_loss', max_depth=3,
                           max_features=None, max_leaf_nodes=None,
                           min_impurity_decrease=0.0, min_samples_leaf=1,
                           min_samples_split=2, min_weight_fraction_leaf=0.0,
                           n_estimators=100, n_iter_no_change=None,
                           random_state=3211, subsample=1.0, tol=0.0001,
                           validation_fraction=0.1, verbose=0,
                           warm_start=False)
2026-09-15 11:38:48,362:INFO:create_model() successfully completed......................................
2026-09-15 11:38:48,409:INFO:SubProcess create_model() end ==================================
2026-09-15 11:38:48,409:INFO:Creating metrics dataframe
2026-09-15 11:38:48,412:INFO:Initializing Linear Discriminant Analysis
2026-09-15 11:38:48,412:INFO:Total runtime is 0.08172549804051717 minutes
2026-09-15 11:38:48,413:INFO:SubProcess create_model() called ==================================
2026-09-15 11:38:48,413:INFO:Initializing create_model()
2026-09-15 11:38:48,413:INFO:create_model(self=<pycaret.classification.oop.ClassificationExperiment object at 0x0000023286AF8670>, estimator=lda, fold=StratifiedKFold(n_splits=10, random_state=None, shuffle=False), round=4, cross_validation=True, predict=True, fit_kwargs={}, groups=None, refit=False, probability_threshold=None, experiment_custom_tags=None, verbose=False, system=False, add_to_model_list=True, metrics=None, display=<pycaret.internal.display.display.CommonDisplay object at 0x00000232BE5CDDC0>, model_only=True, return_train_score=False, error_score=0.0, kwargs={})
2026-09-15 11:38:48,413:INFO:Checking exceptions
2026-09-15 11:38:48,413:INFO:Importing libraries
2026-09-15 11:38:48,413:INFO:Copying training dataset
2026-09-15 11:38:48,415:INFO:Defining folds
2026-09-15 11:38:48,415:INFO:Declaring metric variables
2026-09-15 11:38:48,415:INFO:Importing untrained model
2026-09-15 11:38:48,415:INFO:Linear Discriminant Analysis Imported successfully
2026-09-15 11:38:48,415:INFO:Starting cross validation
2026-09-15 11:38:48,416:INFO:Cross validating with StratifiedKFold(n_splits=10, random_state=None, shuffle=False), n_jobs=-1
2026-09-15 11:38:48,461:INFO:Calculating mean and std
2026-09-15 11:38:48,462:INFO:Creating metrics dataframe
2026-09-15 11:38:48,465:INFO:Uploading results into container
2026-09-15 11:38:48,465:INFO:Uploading model into container now
2026-09-15 11:38:48,465:INFO:_master_model_container: 11
2026-09-15 11:38:48,465:INFO:_display_container: 2
2026-09-15 11:38:48,465:INFO:LinearDiscriminantAnalysis(covariance_estimator=None, n_components=None,
                           priors=None, shrinkage=None, solver='svd',
                           store_covariance=False, tol=0.0001)
2026-09-15 11:38:48,465:INFO:create_model() successfully completed......................................
2026-09-15 11:38:48,512:INFO:SubProcess create_model() end ==================================
2026-09-15 11:38:48,512:INFO:Creating metrics dataframe
2026-09-15 11:38:48,515:INFO:Initializing Extra Trees Classifier
2026-09-15 11:38:48,515:INFO:Total runtime is 0.08343502680460611 minutes
2026-09-15 11:38:48,515:INFO:SubProcess create_model() called ==================================
2026-09-15 11:38:48,516:INFO:Initializing create_model()
2026-09-15 11:38:48,516:INFO:create_model(self=<pycaret.classification.oop.ClassificationExperiment object at 0x0000023286AF8670>, estimator=et, fold=StratifiedKFold(n_splits=10, random_state=None, shuffle=False), round=4, cross_validation=True, predict=True, fit_kwargs={}, groups=None, refit=False, probability_threshold=None, experiment_custom_tags=None, verbose=False, system=False, add_to_model_list=True, metrics=None, display=<pycaret.internal.display.display.CommonDisplay object at 0x00000232BE5CDDC0>, model_only=True, return_train_score=False, error_score=0.0, kwargs={})
2026-09-15 11:38:48,516:INFO:Checking exceptions
2026-09-15 11:38:48,516:INFO:Importing libraries
2026-09-15 11:38:48,516:INFO:Copying training dataset
2026-09-15 11:38:48,517:INFO:Defining folds
2026-09-15 11:38:48,517:INFO:Declaring metric variables
2026-09-15 11:38:48,517:INFO:Importing untrained model
2026-09-15 11:38:48,517:INFO:Extra Trees Classifier Imported successfully
2026-09-15 11:38:48,517:INFO:Starting cross validation
2026-09-15 11:38:48,518:INFO:Cross validating with StratifiedKFold(n_splits=10, random_state=None, shuffle=False), n_jobs=-1
2026-09-15 11:38:48,760:INFO:Calculating mean and std
2026-09-15 11:38:48,761:INFO:Creating metrics dataframe
2026-09-15 11:38:48,763:INFO:Uploading results into container
2026-09-15 11:38:48,763:INFO:Uploading model into container now
2026-09-15 11:38:48,764:INFO:_master_model_container: 12
2026-09-15 11:38:48,764:INFO:_display_container: 2
2026-09-15 11:38:48,764:INFO:ExtraTreesClassifier(bootstrap=False, ccp_alpha=0.0, class_weight=None,
                     criterion='gini', max_depth=None, max_features='sqrt',
                     max_leaf_nodes=None, max_samples=None,
                     min_impurity_decrease=0.0, min_samples_leaf=1,
                     min_samples_split=2, min_weight_fraction_leaf=0.0,
                     n_estimators=100, n_jobs=-1, oob_score=False,
                     random_state=3211, verbose=0, warm_start=False)
2026-09-15 11:38:48,764:INFO:create_model() successfully completed......................................
2026-09-15 11:38:48,810:INFO:SubProcess create_model() end ==================================
2026-09-15 11:38:48,810:INFO:Creating metrics dataframe
2026-09-15 11:38:48,813:INFO:Initializing Light Gradient Boosting Machine
2026-09-15 11:38:48,813:INFO:Total runtime is 0.08841124375661213 minutes
2026-09-15 11:38:48,813:INFO:SubProcess create_model() called ==================================
2026-09-15 11:38:48,813:INFO:Initializing create_model()
2026-09-15 11:38:48,813:INFO:create_model(self=<pycaret.classification.oop.ClassificationExperiment object at 0x0000023286AF8670>, estimator=lightgbm, fold=StratifiedKFold(n_splits=10, random_state=None, shuffle=False), round=4, cross_validation=True, predict=True, fit_kwargs={}, groups=None, refit=False, probability_threshold=None, experiment_custom_tags=None, verbose=False, system=False, add_to_model_list=True, metrics=None, display=<pycaret.internal.display.display.CommonDisplay object at 0x00000232BE5CDDC0>, model_only=True, return_train_score=False, error_score=0.0, kwargs={})
2026-09-15 11:38:48,813:INFO:Checking exceptions
2026-09-15 11:38:48,813:INFO:Importing libraries
2026-09-15 11:38:48,813:INFO:Copying training dataset
2026-09-15 11:38:48,816:INFO:Defining folds
2026-09-15 11:38:48,817:INFO:Declaring metric variables
2026-09-15 11:38:48,817:INFO:Importing untrained model
2026-09-15 11:38:48,817:INFO:Light Gradient Boosting Machine Imported successfully
2026-09-15 11:38:48,817:INFO:Starting cross validation
2026-09-15 11:38:48,818:INFO:Cross validating with StratifiedKFold(n_splits=10, random_state=None, shuffle=False), n_jobs=-1
2026-09-15 11:38:49,612:INFO:Calculating mean and std
2026-09-15 11:38:49,612:INFO:Creating metrics dataframe
2026-09-15 11:38:49,616:INFO:Uploading results into container
2026-09-15 11:38:49,617:INFO:Uploading model into container now
2026-09-15 11:38:49,617:INFO:_master_model_container: 13
2026-09-15 11:38:49,617:INFO:_display_container: 2
2026-09-15 11:38:49,617:INFO:LGBMClassifier(boosting_type='gbdt', class_weight=None, colsample_bytree=1.0,
               importance_type='split', learning_rate=0.1, max_depth=-1,
               min_child_samples=20, min_child_weight=0.001, min_split_gain=0.0,
               n_estimators=100, n_jobs=-1, num_leaves=31, objective=None,
               random_state=3211, reg_alpha=0.0, reg_lambda=0.0, subsample=1.0,
               subsample_for_bin=200000, subsample_freq=0)
2026-09-15 11:38:49,617:INFO:create_model() successfully completed......................................
2026-09-15 11:38:49,671:INFO:SubProcess create_model() end ==================================
2026-09-15 11:38:49,671:INFO:Creating metrics dataframe
2026-09-15 11:38:49,675:INFO:Initializing Dummy Classifier
2026-09-15 11:38:49,675:INFO:Total runtime is 0.10276935100555419 minutes
2026-09-15 11:38:49,675:INFO:SubProcess create_model() called ==================================
2026-09-15 11:38:49,675:INFO:Initializing create_model()
2026-09-15 11:38:49,675:INFO:create_model(self=<pycaret.classification.oop.ClassificationExperiment object at 0x0000023286AF8670>, estimator=dummy, fold=StratifiedKFold(n_splits=10, random_state=None, shuffle=False), round=4, cross_validation=True, predict=True, fit_kwargs={}, groups=None, refit=False, probability_threshold=None, experiment_custom_tags=None, verbose=False, system=False, add_to_model_list=True, metrics=None, display=<pycaret.internal.display.display.CommonDisplay object at 0x00000232BE5CDDC0>, model_only=True, return_train_score=False, error_score=0.0, kwargs={})
2026-09-15 11:38:49,675:INFO:Checking exceptions
2026-09-15 11:38:49,675:INFO:Importing libraries
2026-09-15 11:38:49,675:INFO:Copying training dataset
2026-09-15 11:38:49,677:INFO:Defining folds
2026-09-15 11:38:49,677:INFO:Declaring metric variables
2026-09-15 11:38:49,677:INFO:Importing untrained model
2026-09-15 11:38:49,677:INFO:Dummy Classifier Imported successfully
2026-09-15 11:38:49,677:INFO:Starting cross validation
2026-09-15 11:38:49,678:INFO:Cross validating with StratifiedKFold(n_splits=10, random_state=None, shuffle=False), n_jobs=-1
2026-09-15 11:38:49,709:WARNING:C:\Users\Telo Ryjeng\AppData\Local\Programs\Python\Python38\lib\site-packages\sklearn\metrics\_classification.py:1344: UndefinedMetricWarning: Precision is ill-defined and being set to 0.0 in labels with no predicted samples. Use `zero_division` parameter to control this behavior.
  _warn_prf(average, modifier, msg_start, len(result))

2026-09-15 11:38:49,711:WARNING:C:\Users\Telo Ryjeng\AppData\Local\Programs\Python\Python38\lib\site-packages\sklearn\metrics\_classification.py:1344: UndefinedMetricWarning: Precision is ill-defined and being set to 0.0 in labels with no predicted samples. Use `zero_division` parameter to control this behavior.
  _warn_prf(average, modifier, msg_start, len(result))

2026-09-15 11:38:49,711:WARNING:C:\Users\Telo Ryjeng\AppData\Local\Programs\Python\Python38\lib\site-packages\sklearn\metrics\_classification.py:1344: UndefinedMetricWarning: Precision is ill-defined and being set to 0.0 in labels with no predicted samples. Use `zero_division` parameter to control this behavior.
  _warn_prf(average, modifier, msg_start, len(result))

2026-09-15 11:38:49,712:WARNING:C:\Users\Telo Ryjeng\AppData\Local\Programs\Python\Python38\lib\site-packages\sklearn\metrics\_classification.py:1344: UndefinedMetricWarning: Precision is ill-defined and being set to 0.0 in labels with no predicted samples. Use `zero_division` parameter to control this behavior.
  _warn_prf(average, modifier, msg_start, len(result))

2026-09-15 11:38:49,713:WARNING:C:\Users\Telo Ryjeng\AppData\Local\Programs\Python\Python38\lib\site-packages\sklearn\metrics\_classification.py:1344: UndefinedMetricWarning: Precision is ill-defined and being set to 0.0 in labels with no predicted samples. Use `zero_division` parameter to control this behavior.
  _warn_prf(average, modifier, msg_start, len(result))

2026-09-15 11:38:49,714:WARNING:C:\Users\Telo Ryjeng\AppData\Local\Programs\Python\Python38\lib\site-packages\sklearn\metrics\_classification.py:1344: UndefinedMetricWarning: Precision is ill-defined and being set to 0.0 in labels with no predicted samples. Use `zero_division` parameter to control this behavior.
  _warn_prf(average, modifier, msg_start, len(result))

2026-09-15 11:38:49,720:WARNING:C:\Users\Telo Ryjeng\AppData\Local\Programs\Python\Python38\lib\site-packages\sklearn\metrics\_classification.py:1344: UndefinedMetricWarning: Precision is ill-defined and being set to 0.0 in labels with no predicted samples. Use `zero_division` parameter to control this behavior.
  _warn_prf(average, modifier, msg_start, len(result))

2026-09-15 11:38:49,724:WARNING:C:\Users\Telo Ryjeng\AppData\Local\Programs\Python\Python38\lib\site-packages\sklearn\metrics\_classification.py:1344: UndefinedMetricWarning: Precision is ill-defined and being set to 0.0 in labels with no predicted samples. Use `zero_division` parameter to control this behavior.
  _warn_prf(average, modifier, msg_start, len(result))

2026-09-15 11:38:49,728:WARNING:C:\Users\Telo Ryjeng\AppData\Local\Programs\Python\Python38\lib\site-packages\sklearn\metrics\_classification.py:1344: UndefinedMetricWarning: Precision is ill-defined and being set to 0.0 in labels with no predicted samples. Use `zero_division` parameter to control this behavior.
  _warn_prf(average, modifier, msg_start, len(result))

2026-09-15 11:38:49,731:INFO:Calculating mean and std
2026-09-15 11:38:49,731:INFO:Creating metrics dataframe
2026-09-15 11:38:49,734:INFO:Uploading results into container
2026-09-15 11:38:49,734:INFO:Uploading model into container now
2026-09-15 11:38:49,734:INFO:_master_model_container: 14
2026-09-15 11:38:49,734:INFO:_display_container: 2
2026-09-15 11:38:49,734:INFO:DummyClassifier(constant=None, random_state=3211, strategy='prior')
2026-09-15 11:38:49,734:INFO:create_model() successfully completed......................................
2026-09-15 11:38:49,782:INFO:SubProcess create_model() end ==================================
2026-09-15 11:38:49,782:INFO:Creating metrics dataframe
2026-09-15 11:38:49,786:INFO:Initializing create_model()
2026-09-15 11:38:49,786:INFO:create_model(self=<pycaret.classification.oop.ClassificationExperiment object at 0x0000023286AF8670>, estimator=KNeighborsClassifier(algorithm='auto', leaf_size=30, metric='minkowski',
                     metric_params=None, n_jobs=-1, n_neighbors=5, p=2,
                     weights='uniform'), fold=StratifiedKFold(n_splits=10, random_state=None, shuffle=False), round=4, cross_validation=False, predict=False, fit_kwargs={}, groups=None, refit=True, probability_threshold=None, experiment_custom_tags=None, verbose=False, system=False, add_to_model_list=True, metrics=None, display=None, model_only=True, return_train_score=False, error_score=0.0, kwargs={})
2026-09-15 11:38:49,786:INFO:Checking exceptions
2026-09-15 11:38:49,786:INFO:Importing libraries
2026-09-15 11:38:49,786:INFO:Copying training dataset
2026-09-15 11:38:49,788:INFO:Defining folds
2026-09-15 11:38:49,788:INFO:Declaring metric variables
2026-09-15 11:38:49,788:INFO:Importing untrained model
2026-09-15 11:38:49,788:INFO:Declaring custom model
2026-09-15 11:38:49,789:INFO:K Neighbors Classifier Imported successfully
2026-09-15 11:38:49,789:INFO:Cross validation set to False
2026-09-15 11:38:49,789:INFO:Fitting Model
2026-09-15 11:38:49,794:INFO:KNeighborsClassifier(algorithm='auto', leaf_size=30, metric='minkowski',
                     metric_params=None, n_jobs=-1, n_neighbors=5, p=2,
                     weights='uniform')
2026-09-15 11:38:49,794:INFO:create_model() successfully completed......................................
2026-09-15 11:38:49,843:INFO:_master_model_container: 14
2026-09-15 11:38:49,843:INFO:_display_container: 2
2026-09-15 11:38:49,843:INFO:KNeighborsClassifier(algorithm='auto', leaf_size=30, metric='minkowski',
                     metric_params=None, n_jobs=-1, n_neighbors=5, p=2,
                     weights='uniform')
2026-09-15 11:38:49,843:INFO:compare_models() successfully completed......................................
2026-09-15 16:46:36,017:WARNING:
'cuml' is a soft dependency and not included in the pycaret installation. Please run: `pip install cuml` to install.
2026-09-15 16:46:36,018:WARNING:
'cuml' is a soft dependency and not included in the pycaret installation. Please run: `pip install cuml` to install.
2026-09-15 16:46:36,018:WARNING:
'cuml' is a soft dependency and not included in the pycaret installation. Please run: `pip install cuml` to install.
2026-09-15 16:46:36,018:WARNING:
'cuml' is a soft dependency and not included in the pycaret installation. Please run: `pip install cuml` to install.
2026-09-15 16:46:37,629:INFO:PyCaret ClassificationExperiment
2026-09-15 16:46:37,629:INFO:Logging name: clf-default-name
2026-09-15 16:46:37,629:INFO:ML Usecase: MLUsecase.CLASSIFICATION
2026-09-15 16:46:37,629:INFO:version 3.2.0
2026-09-15 16:46:37,629:INFO:Initializing setup()
2026-09-15 16:46:37,630:INFO:self.USI: 6a54
2026-09-15 16:46:37,630:INFO:self._variable_keys: {'y', 'html_param', 'data', 'idx', 'gpu_n_jobs_param', 'X_train', 'memory', 'y_test', 'fold_groups_param', 'USI', 'log_plots_param', '_available_plots', 'exp_id', 'n_jobs_param', 'is_multiclass', 'logging_param', 'pipeline', 'X', 'X_test', 'fix_imbalance', 'fold_generator', 'seed', 'fold_shuffle_param', 'y_train', 'exp_name_log', 'gpu_param', 'target_param', '_ml_usecase'}
2026-09-15 16:46:37,630:INFO:Checking environment
2026-09-15 16:46:37,630:INFO:python_version: 3.8.10
2026-09-15 16:46:37,630:INFO:python_build: ('tags/v3.8.10:3d8993a', 'May  3 2021 11:48:03')
2026-09-15 16:46:37,630:INFO:machine: AMD64
2026-09-15 16:46:37,640:INFO:platform: Windows-10-10.0.26200-SP0
2026-09-15 16:46:37,640:INFO:Memory: svmem(total=25463480320, available=9365266432, percent=63.2, used=16098213888, free=9365266432)
2026-09-15 16:46:37,640:INFO:Physical Core: 8
2026-09-15 16:46:37,640:INFO:Logical Core: 12
2026-09-15 16:46:37,640:INFO:Checking libraries
2026-09-15 16:46:37,640:INFO:System:
2026-09-15 16:46:37,640:INFO:    python: 3.8.10 (tags/v3.8.10:3d8993a, May  3 2021, 11:48:03) [MSC v.1928 64 bit (AMD64)]
2026-09-15 16:46:37,640:INFO:executable: C:\Users\Telo Ryjeng\AppData\Local\Programs\Python\Python38\python.exe
2026-09-15 16:46:37,640:INFO:   machine: Windows-10-10.0.26200-SP0
2026-09-15 16:46:37,640:INFO:PyCaret required dependencies:
2026-09-15 16:46:37,693:INFO:                 pip: 21.1.1
2026-09-15 16:46:37,693:INFO:          setuptools: 56.0.0
2026-09-15 16:46:37,693:INFO:             pycaret: 3.2.0
2026-09-15 16:46:37,693:INFO:             IPython: 8.12.3
2026-09-15 16:46:37,693:INFO:          ipywidgets: 8.1.9
2026-09-15 16:46:37,693:INFO:                tqdm: 4.70.1
2026-09-15 16:46:37,693:INFO:               numpy: 1.24.4
2026-09-15 16:46:37,693:INFO:              pandas: 1.5.3
2026-09-15 16:46:37,693:INFO:              jinja2: 3.1.6
2026-09-15 16:46:37,693:INFO:               scipy: 1.10.1
2026-09-15 16:46:37,693:INFO:              joblib: 1.2.0
2026-09-15 16:46:37,693:INFO:             sklearn: 1.2.2
2026-09-15 16:46:37,693:INFO:                pyod: 2.1.0
2026-09-15 16:46:37,693:INFO:            imblearn: 0.12.4
2026-09-15 16:46:37,693:INFO:   category_encoders: 2.6.4
2026-09-15 16:46:37,693:INFO:            lightgbm: 4.6.0
2026-09-15 16:46:37,693:INFO:               numba: 0.58.1
2026-09-15 16:46:37,693:INFO:            requests: 2.32.4
2026-09-15 16:46:37,693:INFO:          matplotlib: 3.6.0
2026-09-15 16:46:37,693:INFO:          scikitplot: 0.3.7
2026-09-15 16:46:37,693:INFO:         yellowbrick: 1.5
2026-09-15 16:46:37,693:INFO:              plotly: 6.9.0
2026-09-15 16:46:37,693:INFO:    plotly-resampler: Not installed
2026-09-15 16:46:37,693:INFO:             kaleido: 1.4.0
2026-09-15 16:46:37,693:INFO:           schemdraw: 0.15
2026-09-15 16:46:37,693:INFO:         statsmodels: 0.14.1
2026-09-15 16:46:37,693:INFO:              sktime: 0.21.1
2026-09-15 16:46:37,693:INFO:               tbats: 1.1.3
2026-09-15 16:46:37,693:INFO:            pmdarima: 2.0.4
2026-09-15 16:46:37,693:INFO:              psutil: 7.2.2
2026-09-15 16:46:37,693:INFO:          markupsafe: 2.1.5
2026-09-15 16:46:37,693:INFO:             pickle5: Not installed
2026-09-15 16:46:37,693:INFO:         cloudpickle: 3.1.2
2026-09-15 16:46:37,693:INFO:         deprecation: 2.1.0
2026-09-15 16:46:37,693:INFO:              xxhash: 3.8.1
2026-09-15 16:46:37,693:INFO:           wurlitzer: Not installed
2026-09-15 16:46:37,693:INFO:PyCaret optional dependencies:
2026-09-15 16:46:37,729:INFO:                shap: Not installed
2026-09-15 16:46:37,729:INFO:           interpret: Not installed
2026-09-15 16:46:37,729:INFO:                umap: Not installed
2026-09-15 16:46:37,729:INFO:     ydata_profiling: Not installed
2026-09-15 16:46:37,729:INFO:  explainerdashboard: Not installed
2026-09-15 16:46:37,729:INFO:             autoviz: Not installed
2026-09-15 16:46:37,729:INFO:           fairlearn: Not installed
2026-09-15 16:46:37,729:INFO:          deepchecks: Not installed
2026-09-15 16:46:37,729:INFO:             xgboost: 2.1.4
2026-09-15 16:46:37,729:INFO:            catboost: Not installed
2026-09-15 16:46:37,729:INFO:              kmodes: Not installed
2026-09-15 16:46:37,730:INFO:             mlxtend: Not installed
2026-09-15 16:46:37,730:INFO:       statsforecast: Not installed
2026-09-15 16:46:37,730:INFO:        tune_sklearn: Not installed
2026-09-15 16:46:37,730:INFO:                 ray: Not installed
2026-09-15 16:46:37,730:INFO:            hyperopt: Not installed
2026-09-15 16:46:37,730:INFO:              optuna: Not installed
2026-09-15 16:46:37,730:INFO:               skopt: Not installed
2026-09-15 16:46:37,730:INFO:              mlflow: 2.17.2
2026-09-15 16:46:37,730:INFO:              gradio: Not installed
2026-09-15 16:46:37,730:INFO:             fastapi: Not installed
2026-09-15 16:46:37,730:INFO:             uvicorn: Not installed
2026-09-15 16:46:37,730:INFO:              m2cgen: Not installed
2026-09-15 16:46:37,730:INFO:           evidently: Not installed
2026-09-15 16:46:37,730:INFO:               fugue: Not installed
2026-09-15 16:46:37,730:INFO:           streamlit: Not installed
2026-09-15 16:46:37,730:INFO:             prophet: Not installed
2026-09-15 16:46:37,730:INFO:None
2026-09-15 16:46:37,730:INFO:Set up data.
2026-09-15 16:46:37,734:INFO:Set up folding strategy.
2026-09-15 16:46:37,734:INFO:Set up train/test split.
2026-09-15 16:46:37,737:INFO:Set up index.
2026-09-15 16:46:37,739:INFO:Assigning column types.
2026-09-15 16:46:37,741:INFO:Engine successfully changes for model 'lr' to 'sklearn'.
2026-09-15 16:46:37,771:INFO:Engine for model 'knn' has not been set explicitly, hence returning None.
2026-09-15 16:46:37,772:INFO:Engine for model 'rbfsvm' has not been set explicitly, hence returning None.
2026-09-15 16:46:37,797:INFO:Soft dependency imported: xgboost: 2.1.4
2026-09-15 16:46:37,799:WARNING:
'catboost' is a soft dependency and not included in the pycaret installation. Please run: `pip install catboost` to install.
Alternately, you can install this by running `pip install pycaret[models]`
2026-09-15 16:46:37,828:INFO:Engine for model 'knn' has not been set explicitly, hence returning None.
2026-09-15 16:46:37,829:INFO:Engine for model 'rbfsvm' has not been set explicitly, hence returning None.
2026-09-15 16:46:37,848:INFO:Soft dependency imported: xgboost: 2.1.4
2026-09-15 16:46:37,849:WARNING:
'catboost' is a soft dependency and not included in the pycaret installation. Please run: `pip install catboost` to install.
Alternately, you can install this by running `pip install pycaret[models]`
2026-09-15 16:46:37,850:INFO:Engine successfully changes for model 'knn' to 'sklearn'.
2026-09-15 16:46:37,878:INFO:Engine for model 'rbfsvm' has not been set explicitly, hence returning None.
2026-09-15 16:46:37,896:INFO:Soft dependency imported: xgboost: 2.1.4
2026-09-15 16:46:37,897:WARNING:
'catboost' is a soft dependency and not included in the pycaret installation. Please run: `pip install catboost` to install.
Alternately, you can install this by running `pip install pycaret[models]`
2026-09-15 16:46:37,924:INFO:Engine for model 'rbfsvm' has not been set explicitly, hence returning None.
2026-09-15 16:46:37,943:INFO:Soft dependency imported: xgboost: 2.1.4
2026-09-15 16:46:37,945:WARNING:
'catboost' is a soft dependency and not included in the pycaret installation. Please run: `pip install catboost` to install.
Alternately, you can install this by running `pip install pycaret[models]`
2026-09-15 16:46:37,945:INFO:Engine successfully changes for model 'rbfsvm' to 'sklearn'.
2026-09-15 16:46:37,990:INFO:Soft dependency imported: xgboost: 2.1.4
2026-09-15 16:46:37,992:WARNING:
'catboost' is a soft dependency and not included in the pycaret installation. Please run: `pip install catboost` to install.
Alternately, you can install this by running `pip install pycaret[models]`
2026-09-15 16:46:38,038:INFO:Soft dependency imported: xgboost: 2.1.4
2026-09-15 16:46:38,041:WARNING:
'catboost' is a soft dependency and not included in the pycaret installation. Please run: `pip install catboost` to install.
Alternately, you can install this by running `pip install pycaret[models]`
2026-09-15 16:46:38,043:INFO:Preparing preprocessing pipeline...
2026-09-15 16:46:38,045:INFO:Set up simple imputation.
2026-09-15 16:46:38,045:INFO:Set up column name cleaning.
2026-09-15 16:46:38,063:INFO:Finished creating preprocessing pipeline.
2026-09-15 16:46:38,065:INFO:Pipeline: Pipeline(memory=FastMemory(location=C:\Users\TELORY~1\AppData\Local\Temp\joblib),
         steps=[('numerical_imputer',
                 TransformerWrapper(exclude=None,
                                    include=['sepal length (cm)',
                                             'sepal width (cm)',
                                             'petal length (cm)',
                                             'petal width (cm)'],
                                    transformer=SimpleImputer(add_indicator=False,
                                                              copy=True,
                                                              fill_value=None,
                                                              keep_empty_features=False,
                                                              missing_values=nan,
                                                              strategy='me...
                 TransformerWrapper(exclude=None, include=[],
                                    transformer=SimpleImputer(add_indicator=False,
                                                              copy=True,
                                                              fill_value=None,
                                                              keep_empty_features=False,
                                                              missing_values=nan,
                                                              strategy='most_frequent',
                                                              verbose='deprecated'))),
                ('clean_column_names',
                 TransformerWrapper(exclude=None, include=None,
                                    transformer=CleanColumnNames(match='[\\]\\[\\,\\{\\}\\"\\:]+')))],
         verbose=False)
2026-09-15 16:46:38,066:INFO:Creating final display dataframe.
2026-09-15 16:46:38,113:INFO:Setup _display_container:                     Description             Value
0                    Session id              2429
1                        Target            Target
2                   Target type        Multiclass
3           Original data shape          (150, 5)
4        Transformed data shape          (150, 5)
5   Transformed train set shape          (105, 5)
6    Transformed test set shape           (45, 5)
7              Numeric features                 4
8                    Preprocess              True
9               Imputation type            simple
10           Numeric imputation              mean
11       Categorical imputation              mode
12               Fold Generator   StratifiedKFold
13                  Fold Number                10
14                     CPU Jobs                -1
15                      Use GPU             False
16               Log Experiment             False
17              Experiment Name  clf-default-name
18                          USI              6a54
2026-09-15 16:46:38,168:INFO:Soft dependency imported: xgboost: 2.1.4
2026-09-15 16:46:38,171:WARNING:
'catboost' is a soft dependency and not included in the pycaret installation. Please run: `pip install catboost` to install.
Alternately, you can install this by running `pip install pycaret[models]`
2026-09-15 16:46:38,221:INFO:Soft dependency imported: xgboost: 2.1.4
2026-09-15 16:46:38,223:WARNING:
'catboost' is a soft dependency and not included in the pycaret installation. Please run: `pip install catboost` to install.
Alternately, you can install this by running `pip install pycaret[models]`
2026-09-15 16:46:38,224:INFO:setup() successfully completed in 0.6s...............
2026-09-15 16:46:38,224:INFO:Initializing compare_models()
2026-09-15 16:46:38,224:INFO:compare_models(self=<pycaret.classification.oop.ClassificationExperiment object at 0x000001F106708670>, include=None, fold=None, round=4, cross_validation=True, sort=Accuracy, n_select=1, budget_time=None, turbo=True, errors=ignore, fit_kwargs=None, groups=None, experiment_custom_tags=None, probability_threshold=None, verbose=True, parallel=None, caller_params={'self': <pycaret.classification.oop.ClassificationExperiment object at 0x000001F106708670>, 'include': None, 'exclude': None, 'fold': None, 'round': 4, 'cross_validation': True, 'sort': 'Accuracy', 'n_select': 1, 'budget_time': None, 'turbo': True, 'errors': 'ignore', 'fit_kwargs': None, 'groups': None, 'experiment_custom_tags': None, 'probability_threshold': None, 'engine': None, 'verbose': True, 'parallel': None, '__class__': <class 'pycaret.classification.oop.ClassificationExperiment'>}, exclude=None)
2026-09-15 16:46:38,224:INFO:Checking exceptions
2026-09-15 16:46:38,227:INFO:Preparing display monitor
2026-09-15 16:46:38,230:INFO:Initializing Logistic Regression
2026-09-15 16:46:38,230:INFO:Total runtime is 0.0 minutes
2026-09-15 16:46:38,231:INFO:SubProcess create_model() called ==================================
2026-09-15 16:46:38,231:INFO:Initializing create_model()
2026-09-15 16:46:38,231:INFO:create_model(self=<pycaret.classification.oop.ClassificationExperiment object at 0x000001F106708670>, estimator=lr, fold=StratifiedKFold(n_splits=10, random_state=None, shuffle=False), round=4, cross_validation=True, predict=True, fit_kwargs={}, groups=None, refit=False, probability_threshold=None, experiment_custom_tags=None, verbose=False, system=False, add_to_model_list=True, metrics=None, display=<pycaret.internal.display.display.CommonDisplay object at 0x000001F13FB76AF0>, model_only=True, return_train_score=False, error_score=0.0, kwargs={})
2026-09-15 16:46:38,231:INFO:Checking exceptions
2026-09-15 16:46:38,231:INFO:Importing libraries
2026-09-15 16:46:38,231:INFO:Copying training dataset
2026-09-15 16:46:38,233:INFO:Defining folds
2026-09-15 16:46:38,233:INFO:Declaring metric variables
2026-09-15 16:46:38,234:INFO:Importing untrained model
2026-09-15 16:46:38,234:INFO:Logistic Regression Imported successfully
2026-09-15 16:46:38,234:INFO:Starting cross validation
2026-09-15 16:46:38,234:INFO:Cross validating with StratifiedKFold(n_splits=10, random_state=None, shuffle=False), n_jobs=-1
2026-09-15 16:46:40,895:INFO:Calculating mean and std
2026-09-15 16:46:40,897:INFO:Creating metrics dataframe
2026-09-15 16:46:40,901:INFO:Uploading results into container
2026-09-15 16:46:40,902:INFO:Uploading model into container now
2026-09-15 16:46:40,902:INFO:_master_model_container: 1
2026-09-15 16:46:40,903:INFO:_display_container: 2
2026-09-15 16:46:40,903:INFO:LogisticRegression(C=1.0, class_weight=None, dual=False, fit_intercept=True,
                   intercept_scaling=1, l1_ratio=None, max_iter=1000,
                   multi_class='auto', n_jobs=None, penalty='l2',
                   random_state=2429, solver='lbfgs', tol=0.0001, verbose=0,
                   warm_start=False)
2026-09-15 16:46:40,903:INFO:create_model() successfully completed......................................
2026-09-15 16:46:40,969:INFO:SubProcess create_model() end ==================================
2026-09-15 16:46:40,969:INFO:Creating metrics dataframe
2026-09-15 16:46:40,973:INFO:Initializing K Neighbors Classifier
2026-09-15 16:46:40,973:INFO:Total runtime is 0.04571457306543986 minutes
2026-09-15 16:46:40,973:INFO:SubProcess create_model() called ==================================
2026-09-15 16:46:40,973:INFO:Initializing create_model()
2026-09-15 16:46:40,973:INFO:create_model(self=<pycaret.classification.oop.ClassificationExperiment object at 0x000001F106708670>, estimator=knn, fold=StratifiedKFold(n_splits=10, random_state=None, shuffle=False), round=4, cross_validation=True, predict=True, fit_kwargs={}, groups=None, refit=False, probability_threshold=None, experiment_custom_tags=None, verbose=False, system=False, add_to_model_list=True, metrics=None, display=<pycaret.internal.display.display.CommonDisplay object at 0x000001F13FB76AF0>, model_only=True, return_train_score=False, error_score=0.0, kwargs={})
2026-09-15 16:46:40,973:INFO:Checking exceptions
2026-09-15 16:46:40,973:INFO:Importing libraries
2026-09-15 16:46:40,973:INFO:Copying training dataset
2026-09-15 16:46:40,975:INFO:Defining folds
2026-09-15 16:46:40,975:INFO:Declaring metric variables
2026-09-15 16:46:40,975:INFO:Importing untrained model
2026-09-15 16:46:40,975:INFO:K Neighbors Classifier Imported successfully
2026-09-15 16:46:40,975:INFO:Starting cross validation
2026-09-15 16:46:40,976:INFO:Cross validating with StratifiedKFold(n_splits=10, random_state=None, shuffle=False), n_jobs=-1
2026-09-15 16:46:42,167:INFO:Calculating mean and std
2026-09-15 16:46:42,168:INFO:Creating metrics dataframe
2026-09-15 16:46:42,170:INFO:Uploading results into container
2026-09-15 16:46:42,171:INFO:Uploading model into container now
2026-09-15 16:46:42,171:INFO:_master_model_container: 2
2026-09-15 16:46:42,171:INFO:_display_container: 2
2026-09-15 16:46:42,171:INFO:KNeighborsClassifier(algorithm='auto', leaf_size=30, metric='minkowski',
                     metric_params=None, n_jobs=-1, n_neighbors=5, p=2,
                     weights='uniform')
2026-09-15 16:46:42,171:INFO:create_model() successfully completed......................................
2026-09-15 16:46:42,229:INFO:SubProcess create_model() end ==================================
2026-09-15 16:46:42,229:INFO:Creating metrics dataframe
2026-09-15 16:46:42,232:INFO:Initializing Naive Bayes
2026-09-15 16:46:42,232:INFO:Total runtime is 0.06669994990030925 minutes
2026-09-15 16:46:42,232:INFO:SubProcess create_model() called ==================================
2026-09-15 16:46:42,233:INFO:Initializing create_model()
2026-09-15 16:46:42,233:INFO:create_model(self=<pycaret.classification.oop.ClassificationExperiment object at 0x000001F106708670>, estimator=nb, fold=StratifiedKFold(n_splits=10, random_state=None, shuffle=False), round=4, cross_validation=True, predict=True, fit_kwargs={}, groups=None, refit=False, probability_threshold=None, experiment_custom_tags=None, verbose=False, system=False, add_to_model_list=True, metrics=None, display=<pycaret.internal.display.display.CommonDisplay object at 0x000001F13FB76AF0>, model_only=True, return_train_score=False, error_score=0.0, kwargs={})
2026-09-15 16:46:42,233:INFO:Checking exceptions
2026-09-15 16:46:42,233:INFO:Importing libraries
2026-09-15 16:46:42,233:INFO:Copying training dataset
2026-09-15 16:46:42,234:INFO:Defining folds
2026-09-15 16:46:42,234:INFO:Declaring metric variables
2026-09-15 16:46:42,234:INFO:Importing untrained model
2026-09-15 16:46:42,236:INFO:Naive Bayes Imported successfully
2026-09-15 16:46:42,236:INFO:Starting cross validation
2026-09-15 16:46:42,237:INFO:Cross validating with StratifiedKFold(n_splits=10, random_state=None, shuffle=False), n_jobs=-1
2026-09-15 16:46:42,275:INFO:Calculating mean and std
2026-09-15 16:46:42,275:INFO:Creating metrics dataframe
2026-09-15 16:46:42,278:INFO:Uploading results into container
2026-09-15 16:46:42,278:INFO:Uploading model into container now
2026-09-15 16:46:42,279:INFO:_master_model_container: 3
2026-09-15 16:46:42,279:INFO:_display_container: 2
2026-09-15 16:46:42,279:INFO:GaussianNB(priors=None, var_smoothing=1e-09)
2026-09-15 16:46:42,279:INFO:create_model() successfully completed......................................
2026-09-15 16:46:42,332:INFO:SubProcess create_model() end ==================================
2026-09-15 16:46:42,332:INFO:Creating metrics dataframe
2026-09-15 16:46:42,334:INFO:Initializing Decision Tree Classifier
2026-09-15 16:46:42,334:INFO:Total runtime is 0.06839993397394817 minutes
2026-09-15 16:46:42,336:INFO:SubProcess create_model() called ==================================
2026-09-15 16:46:42,336:INFO:Initializing create_model()
2026-09-15 16:46:42,336:INFO:create_model(self=<pycaret.classification.oop.ClassificationExperiment object at 0x000001F106708670>, estimator=dt, fold=StratifiedKFold(n_splits=10, random_state=None, shuffle=False), round=4, cross_validation=True, predict=True, fit_kwargs={}, groups=None, refit=False, probability_threshold=None, experiment_custom_tags=None, verbose=False, system=False, add_to_model_list=True, metrics=None, display=<pycaret.internal.display.display.CommonDisplay object at 0x000001F13FB76AF0>, model_only=True, return_train_score=False, error_score=0.0, kwargs={})
2026-09-15 16:46:42,336:INFO:Checking exceptions
2026-09-15 16:46:42,336:INFO:Importing libraries
2026-09-15 16:46:42,336:INFO:Copying training dataset
2026-09-15 16:46:42,338:INFO:Defining folds
2026-09-15 16:46:42,338:INFO:Declaring metric variables
2026-09-15 16:46:42,338:INFO:Importing untrained model
2026-09-15 16:46:42,338:INFO:Decision Tree Classifier Imported successfully
2026-09-15 16:46:42,338:INFO:Starting cross validation
2026-09-15 16:46:42,339:INFO:Cross validating with StratifiedKFold(n_splits=10, random_state=None, shuffle=False), n_jobs=-1
2026-09-15 16:46:42,378:INFO:Calculating mean and std
2026-09-15 16:46:42,379:INFO:Creating metrics dataframe
2026-09-15 16:46:42,380:INFO:Uploading results into container
2026-09-15 16:46:42,380:INFO:Uploading model into container now
2026-09-15 16:46:42,380:INFO:_master_model_container: 4
2026-09-15 16:46:42,380:INFO:_display_container: 2
2026-09-15 16:46:42,382:INFO:DecisionTreeClassifier(ccp_alpha=0.0, class_weight=None, criterion='gini',
                       max_depth=None, max_features=None, max_leaf_nodes=None,
                       min_impurity_decrease=0.0, min_samples_leaf=1,
                       min_samples_split=2, min_weight_fraction_leaf=0.0,
                       random_state=2429, splitter='best')
2026-09-15 16:46:42,382:INFO:create_model() successfully completed......................................
2026-09-15 16:46:42,437:INFO:SubProcess create_model() end ==================================
2026-09-15 16:46:42,437:INFO:Creating metrics dataframe
2026-09-15 16:46:42,441:INFO:Initializing SVM - Linear Kernel
2026-09-15 16:46:42,441:INFO:Total runtime is 0.07017218271891276 minutes
2026-09-15 16:46:42,441:INFO:SubProcess create_model() called ==================================
2026-09-15 16:46:42,441:INFO:Initializing create_model()
2026-09-15 16:46:42,441:INFO:create_model(self=<pycaret.classification.oop.ClassificationExperiment object at 0x000001F106708670>, estimator=svm, fold=StratifiedKFold(n_splits=10, random_state=None, shuffle=False), round=4, cross_validation=True, predict=True, fit_kwargs={}, groups=None, refit=False, probability_threshold=None, experiment_custom_tags=None, verbose=False, system=False, add_to_model_list=True, metrics=None, display=<pycaret.internal.display.display.CommonDisplay object at 0x000001F13FB76AF0>, model_only=True, return_train_score=False, error_score=0.0, kwargs={})
2026-09-15 16:46:42,441:INFO:Checking exceptions
2026-09-15 16:46:42,441:INFO:Importing libraries
2026-09-15 16:46:42,441:INFO:Copying training dataset
2026-09-15 16:46:42,442:INFO:Defining folds
2026-09-15 16:46:42,443:INFO:Declaring metric variables
2026-09-15 16:46:42,443:INFO:Importing untrained model
2026-09-15 16:46:42,443:INFO:SVM - Linear Kernel Imported successfully
2026-09-15 16:46:42,443:INFO:Starting cross validation
2026-09-15 16:46:42,443:INFO:Cross validating with StratifiedKFold(n_splits=10, random_state=None, shuffle=False), n_jobs=-1
2026-09-15 16:46:42,477:WARNING:C:\Users\Telo Ryjeng\AppData\Local\Programs\Python\Python38\lib\site-packages\pycaret\internal\metrics.py:190: FitFailedWarning: Metric 'make_scorer(roc_auc_score, needs_proba=True, error_score=0.0, average=weighted, multi_class=ovr)' failed and error score 0.0 has been returned instead. If this is a custom metric, this usually means that the error is in the metric code. Full exception below:
Traceback (most recent call last):
  File "C:\Users\Telo Ryjeng\AppData\Local\Programs\Python\Python38\lib\site-packages\sklearn\metrics\_scorer.py", line 76, in _cached_call
    return cache[method]
KeyError: 'predict_proba'

During handling of the above exception, another exception occurred:

Traceback (most recent call last):
  File "C:\Users\Telo Ryjeng\AppData\Local\Programs\Python\Python38\lib\site-packages\pycaret\internal\metrics.py", line 182, in _score
    return super()._score(
  File "C:\Users\Telo Ryjeng\AppData\Local\Programs\Python\Python38\lib\site-packages\sklearn\metrics\_scorer.py", line 316, in _score
    y_pred = method_caller(clf, "predict_proba", X)
  File "C:\Users\Telo Ryjeng\AppData\Local\Programs\Python\Python38\lib\site-packages\sklearn\metrics\_scorer.py", line 78, in _cached_call
    result = getattr(estimator, method)(*args, **kwargs)
  File "C:\Users\Telo Ryjeng\AppData\Local\Programs\Python\Python38\lib\site-packages\pycaret\internal\pipeline.py", line 127, in __getattr__
    return getattr(self._final_estimator, name)
  File "C:\Users\Telo Ryjeng\AppData\Local\Programs\Python\Python38\lib\site-packages\sklearn\utils\_available_if.py", line 32, in __get__
    if not self.check(obj):
  File "C:\Users\Telo Ryjeng\AppData\Local\Programs\Python\Python38\lib\site-packages\sklearn\linear_model\_stochastic_gradient.py", line 1235, in _check_proba
    raise AttributeError(
AttributeError: probability estimates are not available for loss='hinge'

  warnings.warn(

2026-09-15 16:46:42,477:WARNING:C:\Users\Telo Ryjeng\AppData\Local\Programs\Python\Python38\lib\site-packages\pycaret\internal\metrics.py:190: FitFailedWarning: Metric 'make_scorer(roc_auc_score, needs_proba=True, error_score=0.0, average=weighted, multi_class=ovr)' failed and error score 0.0 has been returned instead. If this is a custom metric, this usually means that the error is in the metric code. Full exception below:
Traceback (most recent call last):
  File "C:\Users\Telo Ryjeng\AppData\Local\Programs\Python\Python38\lib\site-packages\sklearn\metrics\_scorer.py", line 76, in _cached_call
    return cache[method]
KeyError: 'predict_proba'

During handling of the above exception, another exception occurred:

Traceback (most recent call last):
  File "C:\Users\Telo Ryjeng\AppData\Local\Programs\Python\Python38\lib\site-packages\pycaret\internal\metrics.py", line 182, in _score
    return super()._score(
  File "C:\Users\Telo Ryjeng\AppData\Local\Programs\Python\Python38\lib\site-packages\sklearn\metrics\_scorer.py", line 316, in _score
    y_pred = method_caller(clf, "predict_proba", X)
  File "C:\Users\Telo Ryjeng\AppData\Local\Programs\Python\Python38\lib\site-packages\sklearn\metrics\_scorer.py", line 78, in _cached_call
    result = getattr(estimator, method)(*args, **kwargs)
  File "C:\Users\Telo Ryjeng\AppData\Local\Programs\Python\Python38\lib\site-packages\pycaret\internal\pipeline.py", line 127, in __getattr__
    return getattr(self._final_estimator, name)
  File "C:\Users\Telo Ryjeng\AppData\Local\Programs\Python\Python38\lib\site-packages\sklearn\utils\_available_if.py", line 32, in __get__
    if not self.check(obj):
  File "C:\Users\Telo Ryjeng\AppData\Local\Programs\Python\Python38\lib\site-packages\sklearn\linear_model\_stochastic_gradient.py", line 1235, in _check_proba
    raise AttributeError(
AttributeError: probability estimates are not available for loss='hinge'

  warnings.warn(

2026-09-15 16:46:42,480:WARNING:C:\Users\Telo Ryjeng\AppData\Local\Programs\Python\Python38\lib\site-packages\pycaret\internal\metrics.py:190: FitFailedWarning: Metric 'make_scorer(roc_auc_score, needs_proba=True, error_score=0.0, average=weighted, multi_class=ovr)' failed and error score 0.0 has been returned instead. If this is a custom metric, this usually means that the error is in the metric code. Full exception below:
Traceback (most recent call last):
  File "C:\Users\Telo Ryjeng\AppData\Local\Programs\Python\Python38\lib\site-packages\sklearn\metrics\_scorer.py", line 76, in _cached_call
    return cache[method]
KeyError: 'predict_proba'

During handling of the above exception, another exception occurred:

Traceback (most recent call last):
  File "C:\Users\Telo Ryjeng\AppData\Local\Programs\Python\Python38\lib\site-packages\pycaret\internal\metrics.py", line 182, in _score
    return super()._score(
  File "C:\Users\Telo Ryjeng\AppData\Local\Programs\Python\Python38\lib\site-packages\sklearn\metrics\_scorer.py", line 316, in _score
    y_pred = method_caller(clf, "predict_proba", X)
  File "C:\Users\Telo Ryjeng\AppData\Local\Programs\Python\Python38\lib\site-packages\sklearn\metrics\_scorer.py", line 78, in _cached_call
    result = getattr(estimator, method)(*args, **kwargs)
  File "C:\Users\Telo Ryjeng\AppData\Local\Programs\Python\Python38\lib\site-packages\pycaret\internal\pipeline.py", line 127, in __getattr__
    return getattr(self._final_estimator, name)
  File "C:\Users\Telo Ryjeng\AppData\Local\Programs\Python\Python38\lib\site-packages\sklearn\utils\_available_if.py", line 32, in __get__
    if not self.check(obj):
  File "C:\Users\Telo Ryjeng\AppData\Local\Programs\Python\Python38\lib\site-packages\sklearn\linear_model\_stochastic_gradient.py", line 1235, in _check_proba
    raise AttributeError(
AttributeError: probability estimates are not available for loss='hinge'

  warnings.warn(

2026-09-15 16:46:42,483:WARNING:C:\Users\Telo Ryjeng\AppData\Local\Programs\Python\Python38\lib\site-packages\sklearn\metrics\_classification.py:1344: UndefinedMetricWarning: Precision is ill-defined and being set to 0.0 in labels with no predicted samples. Use `zero_division` parameter to control this behavior.
  _warn_prf(average, modifier, msg_start, len(result))

2026-09-15 16:46:42,483:WARNING:C:\Users\Telo Ryjeng\AppData\Local\Programs\Python\Python38\lib\site-packages\sklearn\metrics\_classification.py:1344: UndefinedMetricWarning: Precision is ill-defined and being set to 0.0 in labels with no predicted samples. Use `zero_division` parameter to control this behavior.
  _warn_prf(average, modifier, msg_start, len(result))

2026-09-15 16:46:42,486:WARNING:C:\Users\Telo Ryjeng\AppData\Local\Programs\Python\Python38\lib\site-packages\sklearn\metrics\_classification.py:1344: UndefinedMetricWarning: Precision is ill-defined and being set to 0.0 in labels with no predicted samples. Use `zero_division` parameter to control this behavior.
  _warn_prf(average, modifier, msg_start, len(result))

2026-09-15 16:46:42,487:WARNING:C:\Users\Telo Ryjeng\AppData\Local\Programs\Python\Python38\lib\site-packages\pycaret\internal\metrics.py:190: FitFailedWarning: Metric 'make_scorer(roc_auc_score, needs_proba=True, error_score=0.0, average=weighted, multi_class=ovr)' failed and error score 0.0 has been returned instead. If this is a custom metric, this usually means that the error is in the metric code. Full exception below:
Traceback (most recent call last):
  File "C:\Users\Telo Ryjeng\AppData\Local\Programs\Python\Python38\lib\site-packages\sklearn\metrics\_scorer.py", line 76, in _cached_call
    return cache[method]
KeyError: 'predict_proba'

During handling of the above exception, another exception occurred:

Traceback (most recent call last):
  File "C:\Users\Telo Ryjeng\AppData\Local\Programs\Python\Python38\lib\site-packages\pycaret\internal\metrics.py", line 182, in _score
    return super()._score(
  File "C:\Users\Telo Ryjeng\AppData\Local\Programs\Python\Python38\lib\site-packages\sklearn\metrics\_scorer.py", line 316, in _score
    y_pred = method_caller(clf, "predict_proba", X)
  File "C:\Users\Telo Ryjeng\AppData\Local\Programs\Python\Python38\lib\site-packages\sklearn\metrics\_scorer.py", line 78, in _cached_call
    result = getattr(estimator, method)(*args, **kwargs)
  File "C:\Users\Telo Ryjeng\AppData\Local\Programs\Python\Python38\lib\site-packages\pycaret\internal\pipeline.py", line 127, in __getattr__
    return getattr(self._final_estimator, name)
  File "C:\Users\Telo Ryjeng\AppData\Local\Programs\Python\Python38\lib\site-packages\sklearn\utils\_available_if.py", line 32, in __get__
    if not self.check(obj):
  File "C:\Users\Telo Ryjeng\AppData\Local\Programs\Python\Python38\lib\site-packages\sklearn\linear_model\_stochastic_gradient.py", line 1235, in _check_proba
    raise AttributeError(
AttributeError: probability estimates are not available for loss='hinge'

  warnings.warn(

2026-09-15 16:46:42,487:WARNING:C:\Users\Telo Ryjeng\AppData\Local\Programs\Python\Python38\lib\site-packages\pycaret\internal\metrics.py:190: FitFailedWarning: Metric 'make_scorer(roc_auc_score, needs_proba=True, error_score=0.0, average=weighted, multi_class=ovr)' failed and error score 0.0 has been returned instead. If this is a custom metric, this usually means that the error is in the metric code. Full exception below:
Traceback (most recent call last):
  File "C:\Users\Telo Ryjeng\AppData\Local\Programs\Python\Python38\lib\site-packages\sklearn\metrics\_scorer.py", line 76, in _cached_call
    return cache[method]
KeyError: 'predict_proba'

During handling of the above exception, another exception occurred:

Traceback (most recent call last):
  File "C:\Users\Telo Ryjeng\AppData\Local\Programs\Python\Python38\lib\site-packages\pycaret\internal\metrics.py", line 182, in _score
    return super()._score(
  File "C:\Users\Telo Ryjeng\AppData\Local\Programs\Python\Python38\lib\site-packages\sklearn\metrics\_scorer.py", line 316, in _score
    y_pred = method_caller(clf, "predict_proba", X)
  File "C:\Users\Telo Ryjeng\AppData\Local\Programs\Python\Python38\lib\site-packages\sklearn\metrics\_scorer.py", line 78, in _cached_call
    result = getattr(estimator, method)(*args, **kwargs)
  File "C:\Users\Telo Ryjeng\AppData\Local\Programs\Python\Python38\lib\site-packages\pycaret\internal\pipeline.py", line 127, in __getattr__
    return getattr(self._final_estimator, name)
  File "C:\Users\Telo Ryjeng\AppData\Local\Programs\Python\Python38\lib\site-packages\sklearn\utils\_available_if.py", line 32, in __get__
    if not self.check(obj):
  File "C:\Users\Telo Ryjeng\AppData\Local\Programs\Python\Python38\lib\site-packages\sklearn\linear_model\_stochastic_gradient.py", line 1235, in _check_proba
    raise AttributeError(
AttributeError: probability estimates are not available for loss='hinge'

  warnings.warn(

2026-09-15 16:46:42,487:WARNING:C:\Users\Telo Ryjeng\AppData\Local\Programs\Python\Python38\lib\site-packages\pycaret\internal\metrics.py:190: FitFailedWarning: Metric 'make_scorer(roc_auc_score, needs_proba=True, error_score=0.0, average=weighted, multi_class=ovr)' failed and error score 0.0 has been returned instead. If this is a custom metric, this usually means that the error is in the metric code. Full exception below:
Traceback (most recent call last):
  File "C:\Users\Telo Ryjeng\AppData\Local\Programs\Python\Python38\lib\site-packages\sklearn\metrics\_scorer.py", line 76, in _cached_call
    return cache[method]
KeyError: 'predict_proba'

During handling of the above exception, another exception occurred:

Traceback (most recent call last):
  File "C:\Users\Telo Ryjeng\AppData\Local\Programs\Python\Python38\lib\site-packages\pycaret\internal\metrics.py", line 182, in _score
    return super()._score(
  File "C:\Users\Telo Ryjeng\AppData\Local\Programs\Python\Python38\lib\site-packages\sklearn\metrics\_scorer.py", line 316, in _score
    y_pred = method_caller(clf, "predict_proba", X)
  File "C:\Users\Telo Ryjeng\AppData\Local\Programs\Python\Python38\lib\site-packages\sklearn\metrics\_scorer.py", line 78, in _cached_call
    result = getattr(estimator, method)(*args, **kwargs)
  File "C:\Users\Telo Ryjeng\AppData\Local\Programs\Python\Python38\lib\site-packages\pycaret\internal\pipeline.py", line 127, in __getattr__
    return getattr(self._final_estimator, name)
  File "C:\Users\Telo Ryjeng\AppData\Local\Programs\Python\Python38\lib\site-packages\sklearn\utils\_available_if.py", line 32, in __get__
    if not self.check(obj):
  File "C:\Users\Telo Ryjeng\AppData\Local\Programs\Python\Python38\lib\site-packages\sklearn\linear_model\_stochastic_gradient.py", line 1235, in _check_proba
    raise AttributeError(
AttributeError: probability estimates are not available for loss='hinge'

  warnings.warn(

2026-09-15 16:46:42,488:WARNING:C:\Users\Telo Ryjeng\AppData\Local\Programs\Python\Python38\lib\site-packages\pycaret\internal\metrics.py:190: FitFailedWarning: Metric 'make_scorer(roc_auc_score, needs_proba=True, error_score=0.0, average=weighted, multi_class=ovr)' failed and error score 0.0 has been returned instead. If this is a custom metric, this usually means that the error is in the metric code. Full exception below:
Traceback (most recent call last):
  File "C:\Users\Telo Ryjeng\AppData\Local\Programs\Python\Python38\lib\site-packages\sklearn\metrics\_scorer.py", line 76, in _cached_call
    return cache[method]
KeyError: 'predict_proba'

During handling of the above exception, another exception occurred:

Traceback (most recent call last):
  File "C:\Users\Telo Ryjeng\AppData\Local\Programs\Python\Python38\lib\site-packages\pycaret\internal\metrics.py", line 182, in _score
    return super()._score(
  File "C:\Users\Telo Ryjeng\AppData\Local\Programs\Python\Python38\lib\site-packages\sklearn\metrics\_scorer.py", line 316, in _score
    y_pred = method_caller(clf, "predict_proba", X)
  File "C:\Users\Telo Ryjeng\AppData\Local\Programs\Python\Python38\lib\site-packages\sklearn\metrics\_scorer.py", line 78, in _cached_call
    result = getattr(estimator, method)(*args, **kwargs)
  File "C:\Users\Telo Ryjeng\AppData\Local\Programs\Python\Python38\lib\site-packages\pycaret\internal\pipeline.py", line 127, in __getattr__
    return getattr(self._final_estimator, name)
  File "C:\Users\Telo Ryjeng\AppData\Local\Programs\Python\Python38\lib\site-packages\sklearn\utils\_available_if.py", line 32, in __get__
    if not self.check(obj):
  File "C:\Users\Telo Ryjeng\AppData\Local\Programs\Python\Python38\lib\site-packages\sklearn\linear_model\_stochastic_gradient.py", line 1235, in _check_proba
    raise AttributeError(
AttributeError: probability estimates are not available for loss='hinge'

  warnings.warn(

2026-09-15 16:46:42,489:WARNING:C:\Users\Telo Ryjeng\AppData\Local\Programs\Python\Python38\lib\site-packages\pycaret\internal\metrics.py:190: FitFailedWarning: Metric 'make_scorer(roc_auc_score, needs_proba=True, error_score=0.0, average=weighted, multi_class=ovr)' failed and error score 0.0 has been returned instead. If this is a custom metric, this usually means that the error is in the metric code. Full exception below:
Traceback (most recent call last):
  File "C:\Users\Telo Ryjeng\AppData\Local\Programs\Python\Python38\lib\site-packages\sklearn\metrics\_scorer.py", line 76, in _cached_call
    return cache[method]
KeyError: 'predict_proba'

During handling of the above exception, another exception occurred:

Traceback (most recent call last):
  File "C:\Users\Telo Ryjeng\AppData\Local\Programs\Python\Python38\lib\site-packages\pycaret\internal\metrics.py", line 182, in _score
    return super()._score(
  File "C:\Users\Telo Ryjeng\AppData\Local\Programs\Python\Python38\lib\site-packages\sklearn\metrics\_scorer.py", line 316, in _score
    y_pred = method_caller(clf, "predict_proba", X)
  File "C:\Users\Telo Ryjeng\AppData\Local\Programs\Python\Python38\lib\site-packages\sklearn\metrics\_scorer.py", line 78, in _cached_call
    result = getattr(estimator, method)(*args, **kwargs)
  File "C:\Users\Telo Ryjeng\AppData\Local\Programs\Python\Python38\lib\site-packages\pycaret\internal\pipeline.py", line 127, in __getattr__
    return getattr(self._final_estimator, name)
  File "C:\Users\Telo Ryjeng\AppData\Local\Programs\Python\Python38\lib\site-packages\sklearn\utils\_available_if.py", line 32, in __get__
    if not self.check(obj):
  File "C:\Users\Telo Ryjeng\AppData\Local\Programs\Python\Python38\lib\site-packages\sklearn\linear_model\_stochastic_gradient.py", line 1235, in _check_proba
    raise AttributeError(
AttributeError: probability estimates are not available for loss='hinge'

  warnings.warn(

2026-09-15 16:46:42,491:WARNING:C:\Users\Telo Ryjeng\AppData\Local\Programs\Python\Python38\lib\site-packages\pycaret\internal\metrics.py:190: FitFailedWarning: Metric 'make_scorer(roc_auc_score, needs_proba=True, error_score=0.0, average=weighted, multi_class=ovr)' failed and error score 0.0 has been returned instead. If this is a custom metric, this usually means that the error is in the metric code. Full exception below:
Traceback (most recent call last):
  File "C:\Users\Telo Ryjeng\AppData\Local\Programs\Python\Python38\lib\site-packages\sklearn\metrics\_scorer.py", line 76, in _cached_call
    return cache[method]
KeyError: 'predict_proba'

During handling of the above exception, another exception occurred:

Traceback (most recent call last):
  File "C:\Users\Telo Ryjeng\AppData\Local\Programs\Python\Python38\lib\site-packages\pycaret\internal\metrics.py", line 182, in _score
    return super()._score(
  File "C:\Users\Telo Ryjeng\AppData\Local\Programs\Python\Python38\lib\site-packages\sklearn\metrics\_scorer.py", line 316, in _score
    y_pred = method_caller(clf, "predict_proba", X)
  File "C:\Users\Telo Ryjeng\AppData\Local\Programs\Python\Python38\lib\site-packages\sklearn\metrics\_scorer.py", line 78, in _cached_call
    result = getattr(estimator, method)(*args, **kwargs)
  File "C:\Users\Telo Ryjeng\AppData\Local\Programs\Python\Python38\lib\site-packages\pycaret\internal\pipeline.py", line 127, in __getattr__
    return getattr(self._final_estimator, name)
  File "C:\Users\Telo Ryjeng\AppData\Local\Programs\Python\Python38\lib\site-packages\sklearn\utils\_available_if.py", line 32, in __get__
    if not self.check(obj):
  File "C:\Users\Telo Ryjeng\AppData\Local\Programs\Python\Python38\lib\site-packages\sklearn\linear_model\_stochastic_gradient.py", line 1235, in _check_proba
    raise AttributeError(
AttributeError: probability estimates are not available for loss='hinge'

  warnings.warn(

2026-09-15 16:46:42,495:WARNING:C:\Users\Telo Ryjeng\AppData\Local\Programs\Python\Python38\lib\site-packages\sklearn\metrics\_classification.py:1344: UndefinedMetricWarning: Precision is ill-defined and being set to 0.0 in labels with no predicted samples. Use `zero_division` parameter to control this behavior.
  _warn_prf(average, modifier, msg_start, len(result))

2026-09-15 16:46:42,499:INFO:Calculating mean and std
2026-09-15 16:46:42,500:INFO:Creating metrics dataframe
2026-09-15 16:46:42,503:INFO:Uploading results into container
2026-09-15 16:46:42,503:INFO:Uploading model into container now
2026-09-15 16:46:42,503:INFO:_master_model_container: 5
2026-09-15 16:46:42,504:INFO:_display_container: 2
2026-09-15 16:46:42,504:INFO:SGDClassifier(alpha=0.0001, average=False, class_weight=None,
              early_stopping=False, epsilon=0.1, eta0=0.001, fit_intercept=True,
              l1_ratio=0.15, learning_rate='optimal', loss='hinge',
              max_iter=1000, n_iter_no_change=5, n_jobs=-1, penalty='l2',
              power_t=0.5, random_state=2429, shuffle=True, tol=0.001,
              validation_fraction=0.1, verbose=0, warm_start=False)
2026-09-15 16:46:42,504:INFO:create_model() successfully completed......................................
2026-09-15 16:46:42,561:INFO:SubProcess create_model() end ==================================
2026-09-15 16:46:42,562:INFO:Creating metrics dataframe
2026-09-15 16:46:42,564:INFO:Initializing Ridge Classifier
2026-09-15 16:46:42,564:INFO:Total runtime is 0.0722334106763204 minutes
2026-09-15 16:46:42,564:INFO:SubProcess create_model() called ==================================
2026-09-15 16:46:42,564:INFO:Initializing create_model()
2026-09-15 16:46:42,564:INFO:create_model(self=<pycaret.classification.oop.ClassificationExperiment object at 0x000001F106708670>, estimator=ridge, fold=StratifiedKFold(n_splits=10, random_state=None, shuffle=False), round=4, cross_validation=True, predict=True, fit_kwargs={}, groups=None, refit=False, probability_threshold=None, experiment_custom_tags=None, verbose=False, system=False, add_to_model_list=True, metrics=None, display=<pycaret.internal.display.display.CommonDisplay object at 0x000001F13FB76AF0>, model_only=True, return_train_score=False, error_score=0.0, kwargs={})
2026-09-15 16:46:42,564:INFO:Checking exceptions
2026-09-15 16:46:42,566:INFO:Importing libraries
2026-09-15 16:46:42,566:INFO:Copying training dataset
2026-09-15 16:46:42,568:INFO:Defining folds
2026-09-15 16:46:42,568:INFO:Declaring metric variables
2026-09-15 16:46:42,568:INFO:Importing untrained model
2026-09-15 16:46:42,568:INFO:Ridge Classifier Imported successfully
2026-09-15 16:46:42,568:INFO:Starting cross validation
2026-09-15 16:46:42,568:INFO:Cross validating with StratifiedKFold(n_splits=10, random_state=None, shuffle=False), n_jobs=-1
2026-09-15 16:46:42,599:WARNING:C:\Users\Telo Ryjeng\AppData\Local\Programs\Python\Python38\lib\site-packages\pycaret\internal\metrics.py:190: FitFailedWarning: Metric 'make_scorer(roc_auc_score, needs_proba=True, error_score=0.0, average=weighted, multi_class=ovr)' failed and error score 0.0 has been returned instead. If this is a custom metric, this usually means that the error is in the metric code. Full exception below:
Traceback (most recent call last):
  File "C:\Users\Telo Ryjeng\AppData\Local\Programs\Python\Python38\lib\site-packages\sklearn\metrics\_scorer.py", line 76, in _cached_call
    return cache[method]
KeyError: 'predict_proba'

During handling of the above exception, another exception occurred:

Traceback (most recent call last):
  File "C:\Users\Telo Ryjeng\AppData\Local\Programs\Python\Python38\lib\site-packages\pycaret\internal\metrics.py", line 182, in _score
    return super()._score(
  File "C:\Users\Telo Ryjeng\AppData\Local\Programs\Python\Python38\lib\site-packages\sklearn\metrics\_scorer.py", line 316, in _score
    y_pred = method_caller(clf, "predict_proba", X)
  File "C:\Users\Telo Ryjeng\AppData\Local\Programs\Python\Python38\lib\site-packages\sklearn\metrics\_scorer.py", line 78, in _cached_call
    result = getattr(estimator, method)(*args, **kwargs)
  File "C:\Users\Telo Ryjeng\AppData\Local\Programs\Python\Python38\lib\site-packages\pycaret\internal\pipeline.py", line 127, in __getattr__
    return getattr(self._final_estimator, name)
AttributeError: 'RidgeClassifier' object has no attribute 'predict_proba'

  warnings.warn(

2026-09-15 16:46:42,599:WARNING:C:\Users\Telo Ryjeng\AppData\Local\Programs\Python\Python38\lib\site-packages\pycaret\internal\metrics.py:190: FitFailedWarning: Metric 'make_scorer(roc_auc_score, needs_proba=True, error_score=0.0, average=weighted, multi_class=ovr)' failed and error score 0.0 has been returned instead. If this is a custom metric, this usually means that the error is in the metric code. Full exception below:
Traceback (most recent call last):
  File "C:\Users\Telo Ryjeng\AppData\Local\Programs\Python\Python38\lib\site-packages\sklearn\metrics\_scorer.py", line 76, in _cached_call
    return cache[method]
KeyError: 'predict_proba'

During handling of the above exception, another exception occurred:

Traceback (most recent call last):
  File "C:\Users\Telo Ryjeng\AppData\Local\Programs\Python\Python38\lib\site-packages\pycaret\internal\metrics.py", line 182, in _score
    return super()._score(
  File "C:\Users\Telo Ryjeng\AppData\Local\Programs\Python\Python38\lib\site-packages\sklearn\metrics\_scorer.py", line 316, in _score
    y_pred = method_caller(clf, "predict_proba", X)
  File "C:\Users\Telo Ryjeng\AppData\Local\Programs\Python\Python38\lib\site-packages\sklearn\metrics\_scorer.py", line 78, in _cached_call
    result = getattr(estimator, method)(*args, **kwargs)
  File "C:\Users\Telo Ryjeng\AppData\Local\Programs\Python\Python38\lib\site-packages\pycaret\internal\pipeline.py", line 127, in __getattr__
    return getattr(self._final_estimator, name)
AttributeError: 'RidgeClassifier' object has no attribute 'predict_proba'

  warnings.warn(

2026-09-15 16:46:42,599:WARNING:C:\Users\Telo Ryjeng\AppData\Local\Programs\Python\Python38\lib\site-packages\pycaret\internal\metrics.py:190: FitFailedWarning: Metric 'make_scorer(roc_auc_score, needs_proba=True, error_score=0.0, average=weighted, multi_class=ovr)' failed and error score 0.0 has been returned instead. If this is a custom metric, this usually means that the error is in the metric code. Full exception below:
Traceback (most recent call last):
  File "C:\Users\Telo Ryjeng\AppData\Local\Programs\Python\Python38\lib\site-packages\sklearn\metrics\_scorer.py", line 76, in _cached_call
    return cache[method]
KeyError: 'predict_proba'

During handling of the above exception, another exception occurred:

Traceback (most recent call last):
  File "C:\Users\Telo Ryjeng\AppData\Local\Programs\Python\Python38\lib\site-packages\pycaret\internal\metrics.py", line 182, in _score
    return super()._score(
  File "C:\Users\Telo Ryjeng\AppData\Local\Programs\Python\Python38\lib\site-packages\sklearn\metrics\_scorer.py", line 316, in _score
    y_pred = method_caller(clf, "predict_proba", X)
  File "C:\Users\Telo Ryjeng\AppData\Local\Programs\Python\Python38\lib\site-packages\sklearn\metrics\_scorer.py", line 78, in _cached_call
    result = getattr(estimator, method)(*args, **kwargs)
  File "C:\Users\Telo Ryjeng\AppData\Local\Programs\Python\Python38\lib\site-packages\pycaret\internal\pipeline.py", line 127, in __getattr__
    return getattr(self._final_estimator, name)
AttributeError: 'RidgeClassifier' object has no attribute 'predict_proba'

  warnings.warn(

2026-09-15 16:46:42,599:WARNING:C:\Users\Telo Ryjeng\AppData\Local\Programs\Python\Python38\lib\site-packages\pycaret\internal\metrics.py:190: FitFailedWarning: Metric 'make_scorer(roc_auc_score, needs_proba=True, error_score=0.0, average=weighted, multi_class=ovr)' failed and error score 0.0 has been returned instead. If this is a custom metric, this usually means that the error is in the metric code. Full exception below:
Traceback (most recent call last):
  File "C:\Users\Telo Ryjeng\AppData\Local\Programs\Python\Python38\lib\site-packages\sklearn\metrics\_scorer.py", line 76, in _cached_call
    return cache[method]
KeyError: 'predict_proba'

During handling of the above exception, another exception occurred:

Traceback (most recent call last):
  File "C:\Users\Telo Ryjeng\AppData\Local\Programs\Python\Python38\lib\site-packages\pycaret\internal\metrics.py", line 182, in _score
    return super()._score(
  File "C:\Users\Telo Ryjeng\AppData\Local\Programs\Python\Python38\lib\site-packages\sklearn\metrics\_scorer.py", line 316, in _score
    y_pred = method_caller(clf, "predict_proba", X)
  File "C:\Users\Telo Ryjeng\AppData\Local\Programs\Python\Python38\lib\site-packages\sklearn\metrics\_scorer.py", line 78, in _cached_call
    result = getattr(estimator, method)(*args, **kwargs)
  File "C:\Users\Telo Ryjeng\AppData\Local\Programs\Python\Python38\lib\site-packages\pycaret\internal\pipeline.py", line 127, in __getattr__
    return getattr(self._final_estimator, name)
AttributeError: 'RidgeClassifier' object has no attribute 'predict_proba'

  warnings.warn(

2026-09-15 16:46:42,600:WARNING:C:\Users\Telo Ryjeng\AppData\Local\Programs\Python\Python38\lib\site-packages\pycaret\internal\metrics.py:190: FitFailedWarning: Metric 'make_scorer(roc_auc_score, needs_proba=True, error_score=0.0, average=weighted, multi_class=ovr)' failed and error score 0.0 has been returned instead. If this is a custom metric, this usually means that the error is in the metric code. Full exception below:
Traceback (most recent call last):
  File "C:\Users\Telo Ryjeng\AppData\Local\Programs\Python\Python38\lib\site-packages\sklearn\metrics\_scorer.py", line 76, in _cached_call
    return cache[method]
KeyError: 'predict_proba'

During handling of the above exception, another exception occurred:

Traceback (most recent call last):
  File "C:\Users\Telo Ryjeng\AppData\Local\Programs\Python\Python38\lib\site-packages\pycaret\internal\metrics.py", line 182, in _score
    return super()._score(
  File "C:\Users\Telo Ryjeng\AppData\Local\Programs\Python\Python38\lib\site-packages\sklearn\metrics\_scorer.py", line 316, in _score
    y_pred = method_caller(clf, "predict_proba", X)
  File "C:\Users\Telo Ryjeng\AppData\Local\Programs\Python\Python38\lib\site-packages\sklearn\metrics\_scorer.py", line 78, in _cached_call
    result = getattr(estimator, method)(*args, **kwargs)
  File "C:\Users\Telo Ryjeng\AppData\Local\Programs\Python\Python38\lib\site-packages\pycaret\internal\pipeline.py", line 127, in __getattr__
    return getattr(self._final_estimator, name)
AttributeError: 'RidgeClassifier' object has no attribute 'predict_proba'

  warnings.warn(

2026-09-15 16:46:42,600:WARNING:C:\Users\Telo Ryjeng\AppData\Local\Programs\Python\Python38\lib\site-packages\pycaret\internal\metrics.py:190: FitFailedWarning: Metric 'make_scorer(roc_auc_score, needs_proba=True, error_score=0.0, average=weighted, multi_class=ovr)' failed and error score 0.0 has been returned instead. If this is a custom metric, this usually means that the error is in the metric code. Full exception below:
Traceback (most recent call last):
  File "C:\Users\Telo Ryjeng\AppData\Local\Programs\Python\Python38\lib\site-packages\sklearn\metrics\_scorer.py", line 76, in _cached_call
    return cache[method]
KeyError: 'predict_proba'

During handling of the above exception, another exception occurred:

Traceback (most recent call last):
  File "C:\Users\Telo Ryjeng\AppData\Local\Programs\Python\Python38\lib\site-packages\pycaret\internal\metrics.py", line 182, in _score
    return super()._score(
  File "C:\Users\Telo Ryjeng\AppData\Local\Programs\Python\Python38\lib\site-packages\sklearn\metrics\_scorer.py", line 316, in _score
    y_pred = method_caller(clf, "predict_proba", X)
  File "C:\Users\Telo Ryjeng\AppData\Local\Programs\Python\Python38\lib\site-packages\sklearn\metrics\_scorer.py", line 78, in _cached_call
    result = getattr(estimator, method)(*args, **kwargs)
  File "C:\Users\Telo Ryjeng\AppData\Local\Programs\Python\Python38\lib\site-packages\pycaret\internal\pipeline.py", line 127, in __getattr__
    return getattr(self._final_estimator, name)
AttributeError: 'RidgeClassifier' object has no attribute 'predict_proba'

  warnings.warn(

2026-09-15 16:46:42,600:WARNING:C:\Users\Telo Ryjeng\AppData\Local\Programs\Python\Python38\lib\site-packages\pycaret\internal\metrics.py:190: FitFailedWarning: Metric 'make_scorer(roc_auc_score, needs_proba=True, error_score=0.0, average=weighted, multi_class=ovr)' failed and error score 0.0 has been returned instead. If this is a custom metric, this usually means that the error is in the metric code. Full exception below:
Traceback (most recent call last):
  File "C:\Users\Telo Ryjeng\AppData\Local\Programs\Python\Python38\lib\site-packages\sklearn\metrics\_scorer.py", line 76, in _cached_call
    return cache[method]
KeyError: 'predict_proba'

During handling of the above exception, another exception occurred:

Traceback (most recent call last):
  File "C:\Users\Telo Ryjeng\AppData\Local\Programs\Python\Python38\lib\site-packages\pycaret\internal\metrics.py", line 182, in _score
    return super()._score(
  File "C:\Users\Telo Ryjeng\AppData\Local\Programs\Python\Python38\lib\site-packages\sklearn\metrics\_scorer.py", line 316, in _score
    y_pred = method_caller(clf, "predict_proba", X)
  File "C:\Users\Telo Ryjeng\AppData\Local\Programs\Python\Python38\lib\site-packages\sklearn\metrics\_scorer.py", line 78, in _cached_call
    result = getattr(estimator, method)(*args, **kwargs)
  File "C:\Users\Telo Ryjeng\AppData\Local\Programs\Python\Python38\lib\site-packages\pycaret\internal\pipeline.py", line 127, in __getattr__
    return getattr(self._final_estimator, name)
AttributeError: 'RidgeClassifier' object has no attribute 'predict_proba'

  warnings.warn(

2026-09-15 16:46:42,600:WARNING:C:\Users\Telo Ryjeng\AppData\Local\Programs\Python\Python38\lib\site-packages\pycaret\internal\metrics.py:190: FitFailedWarning: Metric 'make_scorer(roc_auc_score, needs_proba=True, error_score=0.0, average=weighted, multi_class=ovr)' failed and error score 0.0 has been returned instead. If this is a custom metric, this usually means that the error is in the metric code. Full exception below:
Traceback (most recent call last):
  File "C:\Users\Telo Ryjeng\AppData\Local\Programs\Python\Python38\lib\site-packages\sklearn\metrics\_scorer.py", line 76, in _cached_call
    return cache[method]
KeyError: 'predict_proba'

During handling of the above exception, another exception occurred:

Traceback (most recent call last):
  File "C:\Users\Telo Ryjeng\AppData\Local\Programs\Python\Python38\lib\site-packages\pycaret\internal\metrics.py", line 182, in _score
    return super()._score(
  File "C:\Users\Telo Ryjeng\AppData\Local\Programs\Python\Python38\lib\site-packages\sklearn\metrics\_scorer.py", line 316, in _score
    y_pred = method_caller(clf, "predict_proba", X)
  File "C:\Users\Telo Ryjeng\AppData\Local\Programs\Python\Python38\lib\site-packages\sklearn\metrics\_scorer.py", line 78, in _cached_call
    result = getattr(estimator, method)(*args, **kwargs)
  File "C:\Users\Telo Ryjeng\AppData\Local\Programs\Python\Python38\lib\site-packages\pycaret\internal\pipeline.py", line 127, in __getattr__
    return getattr(self._final_estimator, name)
AttributeError: 'RidgeClassifier' object has no attribute 'predict_proba'

  warnings.warn(

2026-09-15 16:46:42,601:WARNING:C:\Users\Telo Ryjeng\AppData\Local\Programs\Python\Python38\lib\site-packages\pycaret\internal\metrics.py:190: FitFailedWarning: Metric 'make_scorer(roc_auc_score, needs_proba=True, error_score=0.0, average=weighted, multi_class=ovr)' failed and error score 0.0 has been returned instead. If this is a custom metric, this usually means that the error is in the metric code. Full exception below:
Traceback (most recent call last):
  File "C:\Users\Telo Ryjeng\AppData\Local\Programs\Python\Python38\lib\site-packages\sklearn\metrics\_scorer.py", line 76, in _cached_call
    return cache[method]
KeyError: 'predict_proba'

During handling of the above exception, another exception occurred:

Traceback (most recent call last):
  File "C:\Users\Telo Ryjeng\AppData\Local\Programs\Python\Python38\lib\site-packages\pycaret\internal\metrics.py", line 182, in _score
    return super()._score(
  File "C:\Users\Telo Ryjeng\AppData\Local\Programs\Python\Python38\lib\site-packages\sklearn\metrics\_scorer.py", line 316, in _score
    y_pred = method_caller(clf, "predict_proba", X)
  File "C:\Users\Telo Ryjeng\AppData\Local\Programs\Python\Python38\lib\site-packages\sklearn\metrics\_scorer.py", line 78, in _cached_call
    result = getattr(estimator, method)(*args, **kwargs)
  File "C:\Users\Telo Ryjeng\AppData\Local\Programs\Python\Python38\lib\site-packages\pycaret\internal\pipeline.py", line 127, in __getattr__
    return getattr(self._final_estimator, name)
AttributeError: 'RidgeClassifier' object has no attribute 'predict_proba'

  warnings.warn(

2026-09-15 16:46:42,601:WARNING:C:\Users\Telo Ryjeng\AppData\Local\Programs\Python\Python38\lib\site-packages\pycaret\internal\metrics.py:190: FitFailedWarning: Metric 'make_scorer(roc_auc_score, needs_proba=True, error_score=0.0, average=weighted, multi_class=ovr)' failed and error score 0.0 has been returned instead. If this is a custom metric, this usually means that the error is in the metric code. Full exception below:
Traceback (most recent call last):
  File "C:\Users\Telo Ryjeng\AppData\Local\Programs\Python\Python38\lib\site-packages\sklearn\metrics\_scorer.py", line 76, in _cached_call
    return cache[method]
KeyError: 'predict_proba'

During handling of the above exception, another exception occurred:

Traceback (most recent call last):
  File "C:\Users\Telo Ryjeng\AppData\Local\Programs\Python\Python38\lib\site-packages\pycaret\internal\metrics.py", line 182, in _score
    return super()._score(
  File "C:\Users\Telo Ryjeng\AppData\Local\Programs\Python\Python38\lib\site-packages\sklearn\metrics\_scorer.py", line 316, in _score
    y_pred = method_caller(clf, "predict_proba", X)
  File "C:\Users\Telo Ryjeng\AppData\Local\Programs\Python\Python38\lib\site-packages\sklearn\metrics\_scorer.py", line 78, in _cached_call
    result = getattr(estimator, method)(*args, **kwargs)
  File "C:\Users\Telo Ryjeng\AppData\Local\Programs\Python\Python38\lib\site-packages\pycaret\internal\pipeline.py", line 127, in __getattr__
    return getattr(self._final_estimator, name)
AttributeError: 'RidgeClassifier' object has no attribute 'predict_proba'

  warnings.warn(

2026-09-15 16:46:42,609:INFO:Calculating mean and std
2026-09-15 16:46:42,609:INFO:Creating metrics dataframe
2026-09-15 16:46:42,612:INFO:Uploading results into container
2026-09-15 16:46:42,612:INFO:Uploading model into container now
2026-09-15 16:46:42,612:INFO:_master_model_container: 6
2026-09-15 16:46:42,612:INFO:_display_container: 2
2026-09-15 16:46:42,613:INFO:RidgeClassifier(alpha=1.0, class_weight=None, copy_X=True, fit_intercept=True,
                max_iter=None, positive=False, random_state=2429, solver='auto',
                tol=0.0001)
2026-09-15 16:46:42,613:INFO:create_model() successfully completed......................................
2026-09-15 16:46:42,675:INFO:SubProcess create_model() end ==================================
2026-09-15 16:46:42,675:INFO:Creating metrics dataframe
2026-09-15 16:46:42,678:INFO:Initializing Random Forest Classifier
2026-09-15 16:46:42,679:INFO:Total runtime is 0.0741398294766744 minutes
2026-09-15 16:46:42,679:INFO:SubProcess create_model() called ==================================
2026-09-15 16:46:42,679:INFO:Initializing create_model()
2026-09-15 16:46:42,679:INFO:create_model(self=<pycaret.classification.oop.ClassificationExperiment object at 0x000001F106708670>, estimator=rf, fold=StratifiedKFold(n_splits=10, random_state=None, shuffle=False), round=4, cross_validation=True, predict=True, fit_kwargs={}, groups=None, refit=False, probability_threshold=None, experiment_custom_tags=None, verbose=False, system=False, add_to_model_list=True, metrics=None, display=<pycaret.internal.display.display.CommonDisplay object at 0x000001F13FB76AF0>, model_only=True, return_train_score=False, error_score=0.0, kwargs={})
2026-09-15 16:46:42,679:INFO:Checking exceptions
2026-09-15 16:46:42,679:INFO:Importing libraries
2026-09-15 16:46:42,679:INFO:Copying training dataset
2026-09-15 16:46:42,680:INFO:Defining folds
2026-09-15 16:46:42,681:INFO:Declaring metric variables
2026-09-15 16:46:42,681:INFO:Importing untrained model
2026-09-15 16:46:42,681:INFO:Random Forest Classifier Imported successfully
2026-09-15 16:46:42,681:INFO:Starting cross validation
2026-09-15 16:46:42,681:INFO:Cross validating with StratifiedKFold(n_splits=10, random_state=None, shuffle=False), n_jobs=-1
2026-09-15 16:46:43,052:INFO:Calculating mean and std
2026-09-15 16:46:43,052:INFO:Creating metrics dataframe
2026-09-15 16:46:43,054:INFO:Uploading results into container
2026-09-15 16:46:43,055:INFO:Uploading model into container now
2026-09-15 16:46:43,055:INFO:_master_model_container: 7
2026-09-15 16:46:43,055:INFO:_display_container: 2
2026-09-15 16:46:43,055:INFO:RandomForestClassifier(bootstrap=True, ccp_alpha=0.0, class_weight=None,
                       criterion='gini', max_depth=None, max_features='sqrt',
                       max_leaf_nodes=None, max_samples=None,
                       min_impurity_decrease=0.0, min_samples_leaf=1,
                       min_samples_split=2, min_weight_fraction_leaf=0.0,
                       n_estimators=100, n_jobs=-1, oob_score=False,
                       random_state=2429, verbose=0, warm_start=False)
2026-09-15 16:46:43,055:INFO:create_model() successfully completed......................................
2026-09-15 16:46:43,111:INFO:SubProcess create_model() end ==================================
2026-09-15 16:46:43,112:INFO:Creating metrics dataframe
2026-09-15 16:46:43,115:INFO:Initializing Quadratic Discriminant Analysis
2026-09-15 16:46:43,115:INFO:Total runtime is 0.08141491015752157 minutes
2026-09-15 16:46:43,115:INFO:SubProcess create_model() called ==================================
2026-09-15 16:46:43,115:INFO:Initializing create_model()
2026-09-15 16:46:43,115:INFO:create_model(self=<pycaret.classification.oop.ClassificationExperiment object at 0x000001F106708670>, estimator=qda, fold=StratifiedKFold(n_splits=10, random_state=None, shuffle=False), round=4, cross_validation=True, predict=True, fit_kwargs={}, groups=None, refit=False, probability_threshold=None, experiment_custom_tags=None, verbose=False, system=False, add_to_model_list=True, metrics=None, display=<pycaret.internal.display.display.CommonDisplay object at 0x000001F13FB76AF0>, model_only=True, return_train_score=False, error_score=0.0, kwargs={})
2026-09-15 16:46:43,115:INFO:Checking exceptions
2026-09-15 16:46:43,115:INFO:Importing libraries
2026-09-15 16:46:43,115:INFO:Copying training dataset
2026-09-15 16:46:43,117:INFO:Defining folds
2026-09-15 16:46:43,117:INFO:Declaring metric variables
2026-09-15 16:46:43,118:INFO:Importing untrained model
2026-09-15 16:46:43,118:INFO:Quadratic Discriminant Analysis Imported successfully
2026-09-15 16:46:43,118:INFO:Starting cross validation
2026-09-15 16:46:43,118:INFO:Cross validating with StratifiedKFold(n_splits=10, random_state=None, shuffle=False), n_jobs=-1
2026-09-15 16:46:43,161:INFO:Calculating mean and std
2026-09-15 16:46:43,162:INFO:Creating metrics dataframe
2026-09-15 16:46:43,164:INFO:Uploading results into container
2026-09-15 16:46:43,164:INFO:Uploading model into container now
2026-09-15 16:46:43,165:INFO:_master_model_container: 8
2026-09-15 16:46:43,165:INFO:_display_container: 2
2026-09-15 16:46:43,165:INFO:QuadraticDiscriminantAnalysis(priors=None, reg_param=0.0,
                              store_covariance=False, tol=0.0001)
2026-09-15 16:46:43,165:INFO:create_model() successfully completed......................................
2026-09-15 16:46:43,220:INFO:SubProcess create_model() end ==================================
2026-09-15 16:46:43,220:INFO:Creating metrics dataframe
2026-09-15 16:46:43,223:INFO:Initializing Ada Boost Classifier
2026-09-15 16:46:43,223:INFO:Total runtime is 0.08320753574371338 minutes
2026-09-15 16:46:43,223:INFO:SubProcess create_model() called ==================================
2026-09-15 16:46:43,223:INFO:Initializing create_model()
2026-09-15 16:46:43,223:INFO:create_model(self=<pycaret.classification.oop.ClassificationExperiment object at 0x000001F106708670>, estimator=ada, fold=StratifiedKFold(n_splits=10, random_state=None, shuffle=False), round=4, cross_validation=True, predict=True, fit_kwargs={}, groups=None, refit=False, probability_threshold=None, experiment_custom_tags=None, verbose=False, system=False, add_to_model_list=True, metrics=None, display=<pycaret.internal.display.display.CommonDisplay object at 0x000001F13FB76AF0>, model_only=True, return_train_score=False, error_score=0.0, kwargs={})
2026-09-15 16:46:43,223:INFO:Checking exceptions
2026-09-15 16:46:43,223:INFO:Importing libraries
2026-09-15 16:46:43,223:INFO:Copying training dataset
2026-09-15 16:46:43,225:INFO:Defining folds
2026-09-15 16:46:43,225:INFO:Declaring metric variables
2026-09-15 16:46:43,225:INFO:Importing untrained model
2026-09-15 16:46:43,225:INFO:Ada Boost Classifier Imported successfully
2026-09-15 16:46:43,225:INFO:Starting cross validation
2026-09-15 16:46:43,226:INFO:Cross validating with StratifiedKFold(n_splits=10, random_state=None, shuffle=False), n_jobs=-1
2026-09-15 16:46:43,351:INFO:Calculating mean and std
2026-09-15 16:46:43,351:INFO:Creating metrics dataframe
2026-09-15 16:46:43,353:INFO:Uploading results into container
2026-09-15 16:46:43,354:INFO:Uploading model into container now
2026-09-15 16:46:43,354:INFO:_master_model_container: 9
2026-09-15 16:46:43,354:INFO:_display_container: 2
2026-09-15 16:46:43,354:INFO:AdaBoostClassifier(algorithm='SAMME.R', base_estimator='deprecated',
                   estimator=None, learning_rate=1.0, n_estimators=50,
                   random_state=2429)
2026-09-15 16:46:43,354:INFO:create_model() successfully completed......................................
2026-09-15 16:46:43,408:INFO:SubProcess create_model() end ==================================
2026-09-15 16:46:43,408:INFO:Creating metrics dataframe
2026-09-15 16:46:43,411:INFO:Initializing Gradient Boosting Classifier
2026-09-15 16:46:43,411:INFO:Total runtime is 0.08635042508443197 minutes
2026-09-15 16:46:43,411:INFO:SubProcess create_model() called ==================================
2026-09-15 16:46:43,412:INFO:Initializing create_model()
2026-09-15 16:46:43,412:INFO:create_model(self=<pycaret.classification.oop.ClassificationExperiment object at 0x000001F106708670>, estimator=gbc, fold=StratifiedKFold(n_splits=10, random_state=None, shuffle=False), round=4, cross_validation=True, predict=True, fit_kwargs={}, groups=None, refit=False, probability_threshold=None, experiment_custom_tags=None, verbose=False, system=False, add_to_model_list=True, metrics=None, display=<pycaret.internal.display.display.CommonDisplay object at 0x000001F13FB76AF0>, model_only=True, return_train_score=False, error_score=0.0, kwargs={})
2026-09-15 16:46:43,412:INFO:Checking exceptions
2026-09-15 16:46:43,412:INFO:Importing libraries
2026-09-15 16:46:43,412:INFO:Copying training dataset
2026-09-15 16:46:43,413:INFO:Defining folds
2026-09-15 16:46:43,413:INFO:Declaring metric variables
2026-09-15 16:46:43,414:INFO:Importing untrained model
2026-09-15 16:46:43,414:INFO:Gradient Boosting Classifier Imported successfully
2026-09-15 16:46:43,414:INFO:Starting cross validation
2026-09-15 16:46:43,414:INFO:Cross validating with StratifiedKFold(n_splits=10, random_state=None, shuffle=False), n_jobs=-1
2026-09-15 16:46:43,717:INFO:Calculating mean and std
2026-09-15 16:46:43,718:INFO:Creating metrics dataframe
2026-09-15 16:46:43,721:INFO:Uploading results into container
2026-09-15 16:46:43,721:INFO:Uploading model into container now
2026-09-15 16:46:43,721:INFO:_master_model_container: 10
2026-09-15 16:46:43,721:INFO:_display_container: 2
2026-09-15 16:46:43,722:INFO:GradientBoostingClassifier(ccp_alpha=0.0, criterion='friedman_mse', init=None,
                           learning_rate=0.1, loss='log_loss', max_depth=3,
                           max_features=None, max_leaf_nodes=None,
                           min_impurity_decrease=0.0, min_samples_leaf=1,
                           min_samples_split=2, min_weight_fraction_leaf=0.0,
                           n_estimators=100, n_iter_no_change=None,
                           random_state=2429, subsample=1.0, tol=0.0001,
                           validation_fraction=0.1, verbose=0,
                           warm_start=False)
2026-09-15 16:46:43,722:INFO:create_model() successfully completed......................................
2026-09-15 16:46:43,778:INFO:SubProcess create_model() end ==================================
2026-09-15 16:46:43,778:INFO:Creating metrics dataframe
2026-09-15 16:46:43,781:INFO:Initializing Linear Discriminant Analysis
2026-09-15 16:46:43,781:INFO:Total runtime is 0.09250187079111735 minutes
2026-09-15 16:46:43,781:INFO:SubProcess create_model() called ==================================
2026-09-15 16:46:43,782:INFO:Initializing create_model()
2026-09-15 16:46:43,782:INFO:create_model(self=<pycaret.classification.oop.ClassificationExperiment object at 0x000001F106708670>, estimator=lda, fold=StratifiedKFold(n_splits=10, random_state=None, shuffle=False), round=4, cross_validation=True, predict=True, fit_kwargs={}, groups=None, refit=False, probability_threshold=None, experiment_custom_tags=None, verbose=False, system=False, add_to_model_list=True, metrics=None, display=<pycaret.internal.display.display.CommonDisplay object at 0x000001F13FB76AF0>, model_only=True, return_train_score=False, error_score=0.0, kwargs={})
2026-09-15 16:46:43,782:INFO:Checking exceptions
2026-09-15 16:46:43,782:INFO:Importing libraries
2026-09-15 16:46:43,782:INFO:Copying training dataset
2026-09-15 16:46:43,783:INFO:Defining folds
2026-09-15 16:46:43,783:INFO:Declaring metric variables
2026-09-15 16:46:43,784:INFO:Importing untrained model
2026-09-15 16:46:43,784:INFO:Linear Discriminant Analysis Imported successfully
2026-09-15 16:46:43,784:INFO:Starting cross validation
2026-09-15 16:46:43,784:INFO:Cross validating with StratifiedKFold(n_splits=10, random_state=None, shuffle=False), n_jobs=-1
2026-09-15 16:46:43,825:INFO:Calculating mean and std
2026-09-15 16:46:43,826:INFO:Creating metrics dataframe
2026-09-15 16:46:43,828:INFO:Uploading results into container
2026-09-15 16:46:43,828:INFO:Uploading model into container now
2026-09-15 16:46:43,829:INFO:_master_model_container: 11
2026-09-15 16:46:43,829:INFO:_display_container: 2
2026-09-15 16:46:43,829:INFO:LinearDiscriminantAnalysis(covariance_estimator=None, n_components=None,
                           priors=None, shrinkage=None, solver='svd',
                           store_covariance=False, tol=0.0001)
2026-09-15 16:46:43,829:INFO:create_model() successfully completed......................................
2026-09-15 16:46:43,884:INFO:SubProcess create_model() end ==================================
2026-09-15 16:46:43,884:INFO:Creating metrics dataframe
2026-09-15 16:46:43,887:INFO:Initializing Extra Trees Classifier
2026-09-15 16:46:43,888:INFO:Total runtime is 0.09429978529612223 minutes
2026-09-15 16:46:43,888:INFO:SubProcess create_model() called ==================================
2026-09-15 16:46:43,888:INFO:Initializing create_model()
2026-09-15 16:46:43,888:INFO:create_model(self=<pycaret.classification.oop.ClassificationExperiment object at 0x000001F106708670>, estimator=et, fold=StratifiedKFold(n_splits=10, random_state=None, shuffle=False), round=4, cross_validation=True, predict=True, fit_kwargs={}, groups=None, refit=False, probability_threshold=None, experiment_custom_tags=None, verbose=False, system=False, add_to_model_list=True, metrics=None, display=<pycaret.internal.display.display.CommonDisplay object at 0x000001F13FB76AF0>, model_only=True, return_train_score=False, error_score=0.0, kwargs={})
2026-09-15 16:46:43,888:INFO:Checking exceptions
2026-09-15 16:46:43,888:INFO:Importing libraries
2026-09-15 16:46:43,888:INFO:Copying training dataset
2026-09-15 16:46:43,891:INFO:Defining folds
2026-09-15 16:46:43,891:INFO:Declaring metric variables
2026-09-15 16:46:43,891:INFO:Importing untrained model
2026-09-15 16:46:43,891:INFO:Extra Trees Classifier Imported successfully
2026-09-15 16:46:43,891:INFO:Starting cross validation
2026-09-15 16:46:43,892:INFO:Cross validating with StratifiedKFold(n_splits=10, random_state=None, shuffle=False), n_jobs=-1
2026-09-15 16:46:44,137:INFO:Calculating mean and std
2026-09-15 16:46:44,138:INFO:Creating metrics dataframe
2026-09-15 16:46:44,142:INFO:Uploading results into container
2026-09-15 16:46:44,143:INFO:Uploading model into container now
2026-09-15 16:46:44,144:INFO:_master_model_container: 12
2026-09-15 16:46:44,144:INFO:_display_container: 2
2026-09-15 16:46:44,144:INFO:ExtraTreesClassifier(bootstrap=False, ccp_alpha=0.0, class_weight=None,
                     criterion='gini', max_depth=None, max_features='sqrt',
                     max_leaf_nodes=None, max_samples=None,
                     min_impurity_decrease=0.0, min_samples_leaf=1,
                     min_samples_split=2, min_weight_fraction_leaf=0.0,
                     n_estimators=100, n_jobs=-1, oob_score=False,
                     random_state=2429, verbose=0, warm_start=False)
2026-09-15 16:46:44,145:INFO:create_model() successfully completed......................................
2026-09-15 16:46:44,219:INFO:SubProcess create_model() end ==================================
2026-09-15 16:46:44,219:INFO:Creating metrics dataframe
2026-09-15 16:46:44,226:INFO:Initializing Extreme Gradient Boosting
2026-09-15 16:46:44,227:INFO:Total runtime is 0.09993855953216553 minutes
2026-09-15 16:46:44,227:INFO:SubProcess create_model() called ==================================
2026-09-15 16:46:44,227:INFO:Initializing create_model()
2026-09-15 16:46:44,228:INFO:create_model(self=<pycaret.classification.oop.ClassificationExperiment object at 0x000001F106708670>, estimator=xgboost, fold=StratifiedKFold(n_splits=10, random_state=None, shuffle=False), round=4, cross_validation=True, predict=True, fit_kwargs={}, groups=None, refit=False, probability_threshold=None, experiment_custom_tags=None, verbose=False, system=False, add_to_model_list=True, metrics=None, display=<pycaret.internal.display.display.CommonDisplay object at 0x000001F13FB76AF0>, model_only=True, return_train_score=False, error_score=0.0, kwargs={})
2026-09-15 16:46:44,228:INFO:Checking exceptions
2026-09-15 16:46:44,228:INFO:Importing libraries
2026-09-15 16:46:44,228:INFO:Copying training dataset
2026-09-15 16:46:44,231:INFO:Defining folds
2026-09-15 16:46:44,232:INFO:Declaring metric variables
2026-09-15 16:46:44,232:INFO:Importing untrained model
2026-09-15 16:46:44,232:INFO:Extreme Gradient Boosting Imported successfully
2026-09-15 16:46:44,233:INFO:Starting cross validation
2026-09-15 16:46:44,234:INFO:Cross validating with StratifiedKFold(n_splits=10, random_state=None, shuffle=False), n_jobs=-1
2026-09-15 16:46:45,046:INFO:Calculating mean and std
2026-09-15 16:46:45,047:INFO:Creating metrics dataframe
2026-09-15 16:46:45,052:INFO:Uploading results into container
2026-09-15 16:46:45,053:INFO:Uploading model into container now
2026-09-15 16:46:45,053:INFO:_master_model_container: 13
2026-09-15 16:46:45,053:INFO:_display_container: 2
2026-09-15 16:46:45,054:INFO:XGBClassifier(base_score=None, booster='gbtree', callbacks=None,
              colsample_bylevel=None, colsample_bynode=None,
              colsample_bytree=None, device='cpu', early_stopping_rounds=None,
              enable_categorical=False, eval_metric=None, feature_types=None,
              gamma=None, grow_policy=None, importance_type=None,
              interaction_constraints=None, learning_rate=None, max_bin=None,
              max_cat_threshold=None, max_cat_to_onehot=None,
              max_delta_step=None, max_depth=None, max_leaves=None,
              min_child_weight=None, missing=nan, monotone_constraints=None,
              multi_strategy=None, n_estimators=None, n_jobs=-1,
              num_parallel_tree=None, objective='binary:logistic', ...)
2026-09-15 16:46:45,054:INFO:create_model() successfully completed......................................
2026-09-15 16:46:45,137:INFO:SubProcess create_model() end ==================================
2026-09-15 16:46:45,137:INFO:Creating metrics dataframe
2026-09-15 16:46:45,144:INFO:Initializing Light Gradient Boosting Machine
2026-09-15 16:46:45,144:INFO:Total runtime is 0.11523301204045613 minutes
2026-09-15 16:46:45,144:INFO:SubProcess create_model() called ==================================
2026-09-15 16:46:45,144:INFO:Initializing create_model()
2026-09-15 16:46:45,144:INFO:create_model(self=<pycaret.classification.oop.ClassificationExperiment object at 0x000001F106708670>, estimator=lightgbm, fold=StratifiedKFold(n_splits=10, random_state=None, shuffle=False), round=4, cross_validation=True, predict=True, fit_kwargs={}, groups=None, refit=False, probability_threshold=None, experiment_custom_tags=None, verbose=False, system=False, add_to_model_list=True, metrics=None, display=<pycaret.internal.display.display.CommonDisplay object at 0x000001F13FB76AF0>, model_only=True, return_train_score=False, error_score=0.0, kwargs={})
2026-09-15 16:46:45,144:INFO:Checking exceptions
2026-09-15 16:46:45,144:INFO:Importing libraries
2026-09-15 16:46:45,144:INFO:Copying training dataset
2026-09-15 16:46:45,148:INFO:Defining folds
2026-09-15 16:46:45,148:INFO:Declaring metric variables
2026-09-15 16:46:45,148:INFO:Importing untrained model
2026-09-15 16:46:45,149:INFO:Light Gradient Boosting Machine Imported successfully
2026-09-15 16:46:45,149:INFO:Starting cross validation
2026-09-15 16:46:45,151:INFO:Cross validating with StratifiedKFold(n_splits=10, random_state=None, shuffle=False), n_jobs=-1
2026-09-15 16:46:48,323:INFO:Calculating mean and std
2026-09-15 16:46:48,324:INFO:Creating metrics dataframe
2026-09-15 16:46:48,329:INFO:Uploading results into container
2026-09-15 16:46:48,331:INFO:Uploading model into container now
2026-09-15 16:46:48,331:INFO:_master_model_container: 14
2026-09-15 16:46:48,331:INFO:_display_container: 2
2026-09-15 16:46:48,332:INFO:LGBMClassifier(boosting_type='gbdt', class_weight=None, colsample_bytree=1.0,
               importance_type='split', learning_rate=0.1, max_depth=-1,
               min_child_samples=20, min_child_weight=0.001, min_split_gain=0.0,
               n_estimators=100, n_jobs=-1, num_leaves=31, objective=None,
               random_state=2429, reg_alpha=0.0, reg_lambda=0.0, subsample=1.0,
               subsample_for_bin=200000, subsample_freq=0)
2026-09-15 16:46:48,332:INFO:create_model() successfully completed......................................
2026-09-15 16:46:48,423:INFO:SubProcess create_model() end ==================================
2026-09-15 16:46:48,424:INFO:Creating metrics dataframe
2026-09-15 16:46:48,432:INFO:Initializing Dummy Classifier
2026-09-15 16:46:48,432:INFO:Total runtime is 0.17002076307932534 minutes
2026-09-15 16:46:48,432:INFO:SubProcess create_model() called ==================================
2026-09-15 16:46:48,433:INFO:Initializing create_model()
2026-09-15 16:46:48,433:INFO:create_model(self=<pycaret.classification.oop.ClassificationExperiment object at 0x000001F106708670>, estimator=dummy, fold=StratifiedKFold(n_splits=10, random_state=None, shuffle=False), round=4, cross_validation=True, predict=True, fit_kwargs={}, groups=None, refit=False, probability_threshold=None, experiment_custom_tags=None, verbose=False, system=False, add_to_model_list=True, metrics=None, display=<pycaret.internal.display.display.CommonDisplay object at 0x000001F13FB76AF0>, model_only=True, return_train_score=False, error_score=0.0, kwargs={})
2026-09-15 16:46:48,433:INFO:Checking exceptions
2026-09-15 16:46:48,433:INFO:Importing libraries
2026-09-15 16:46:48,433:INFO:Copying training dataset
2026-09-15 16:46:48,438:INFO:Defining folds
2026-09-15 16:46:48,438:INFO:Declaring metric variables
2026-09-15 16:46:48,439:INFO:Importing untrained model
2026-09-15 16:46:48,439:INFO:Dummy Classifier Imported successfully
2026-09-15 16:46:48,439:INFO:Starting cross validation
2026-09-15 16:46:48,440:INFO:Cross validating with StratifiedKFold(n_splits=10, random_state=None, shuffle=False), n_jobs=-1
2026-09-15 16:46:48,532:WARNING:C:\Users\Telo Ryjeng\AppData\Local\Programs\Python\Python38\lib\site-packages\sklearn\metrics\_classification.py:1344: UndefinedMetricWarning: Precision is ill-defined and being set to 0.0 in labels with no predicted samples. Use `zero_division` parameter to control this behavior.
  _warn_prf(average, modifier, msg_start, len(result))

2026-09-15 16:46:48,534:WARNING:C:\Users\Telo Ryjeng\AppData\Local\Programs\Python\Python38\lib\site-packages\sklearn\metrics\_classification.py:1344: UndefinedMetricWarning: Precision is ill-defined and being set to 0.0 in labels with no predicted samples. Use `zero_division` parameter to control this behavior.
  _warn_prf(average, modifier, msg_start, len(result))

2026-09-15 16:46:48,535:WARNING:C:\Users\Telo Ryjeng\AppData\Local\Programs\Python\Python38\lib\site-packages\sklearn\metrics\_classification.py:1344: UndefinedMetricWarning: Precision is ill-defined and being set to 0.0 in labels with no predicted samples. Use `zero_division` parameter to control this behavior.
  _warn_prf(average, modifier, msg_start, len(result))

2026-09-15 16:46:48,535:WARNING:C:\Users\Telo Ryjeng\AppData\Local\Programs\Python\Python38\lib\site-packages\sklearn\metrics\_classification.py:1344: UndefinedMetricWarning: Precision is ill-defined and being set to 0.0 in labels with no predicted samples. Use `zero_division` parameter to control this behavior.
  _warn_prf(average, modifier, msg_start, len(result))

2026-09-15 16:46:48,535:WARNING:C:\Users\Telo Ryjeng\AppData\Local\Programs\Python\Python38\lib\site-packages\sklearn\metrics\_classification.py:1344: UndefinedMetricWarning: Precision is ill-defined and being set to 0.0 in labels with no predicted samples. Use `zero_division` parameter to control this behavior.
  _warn_prf(average, modifier, msg_start, len(result))

2026-09-15 16:46:48,536:WARNING:C:\Users\Telo Ryjeng\AppData\Local\Programs\Python\Python38\lib\site-packages\sklearn\metrics\_classification.py:1344: UndefinedMetricWarning: Precision is ill-defined and being set to 0.0 in labels with no predicted samples. Use `zero_division` parameter to control this behavior.
  _warn_prf(average, modifier, msg_start, len(result))

2026-09-15 16:46:48,539:WARNING:C:\Users\Telo Ryjeng\AppData\Local\Programs\Python\Python38\lib\site-packages\sklearn\metrics\_classification.py:1344: UndefinedMetricWarning: Precision is ill-defined and being set to 0.0 in labels with no predicted samples. Use `zero_division` parameter to control this behavior.
  _warn_prf(average, modifier, msg_start, len(result))

2026-09-15 16:46:48,546:WARNING:C:\Users\Telo Ryjeng\AppData\Local\Programs\Python\Python38\lib\site-packages\sklearn\metrics\_classification.py:1344: UndefinedMetricWarning: Precision is ill-defined and being set to 0.0 in labels with no predicted samples. Use `zero_division` parameter to control this behavior.
  _warn_prf(average, modifier, msg_start, len(result))

2026-09-15 16:46:48,547:WARNING:C:\Users\Telo Ryjeng\AppData\Local\Programs\Python\Python38\lib\site-packages\sklearn\metrics\_classification.py:1344: UndefinedMetricWarning: Precision is ill-defined and being set to 0.0 in labels with no predicted samples. Use `zero_division` parameter to control this behavior.
  _warn_prf(average, modifier, msg_start, len(result))

2026-09-15 16:46:48,554:INFO:Calculating mean and std
2026-09-15 16:46:48,554:INFO:Creating metrics dataframe
2026-09-15 16:46:48,559:INFO:Uploading results into container
2026-09-15 16:46:48,559:INFO:Uploading model into container now
2026-09-15 16:46:48,561:INFO:_master_model_container: 15
2026-09-15 16:46:48,561:INFO:_display_container: 2
2026-09-15 16:46:48,561:INFO:DummyClassifier(constant=None, random_state=2429, strategy='prior')
2026-09-15 16:46:48,561:INFO:create_model() successfully completed......................................
2026-09-15 16:46:48,645:INFO:SubProcess create_model() end ==================================
2026-09-15 16:46:48,645:INFO:Creating metrics dataframe
2026-09-15 16:46:48,652:INFO:Initializing create_model()
2026-09-15 16:46:48,653:INFO:create_model(self=<pycaret.classification.oop.ClassificationExperiment object at 0x000001F106708670>, estimator=QuadraticDiscriminantAnalysis(priors=None, reg_param=0.0,
                              store_covariance=False, tol=0.0001), fold=StratifiedKFold(n_splits=10, random_state=None, shuffle=False), round=4, cross_validation=False, predict=False, fit_kwargs={}, groups=None, refit=True, probability_threshold=None, experiment_custom_tags=None, verbose=False, system=False, add_to_model_list=True, metrics=None, display=None, model_only=True, return_train_score=False, error_score=0.0, kwargs={})
2026-09-15 16:46:48,653:INFO:Checking exceptions
2026-09-15 16:46:48,654:INFO:Importing libraries
2026-09-15 16:46:48,654:INFO:Copying training dataset
2026-09-15 16:46:48,656:INFO:Defining folds
2026-09-15 16:46:48,656:INFO:Declaring metric variables
2026-09-15 16:46:48,657:INFO:Importing untrained model
2026-09-15 16:46:48,657:INFO:Declaring custom model
2026-09-15 16:46:48,657:INFO:Quadratic Discriminant Analysis Imported successfully
2026-09-15 16:46:48,658:INFO:Cross validation set to False
2026-09-15 16:46:48,658:INFO:Fitting Model
2026-09-15 16:46:48,668:INFO:QuadraticDiscriminantAnalysis(priors=None, reg_param=0.0,
                              store_covariance=False, tol=0.0001)
2026-09-15 16:46:48,668:INFO:create_model() successfully completed......................................
2026-09-15 16:46:48,768:INFO:_master_model_container: 15
2026-09-15 16:46:48,769:INFO:_display_container: 2
2026-09-15 16:46:48,769:INFO:QuadraticDiscriminantAnalysis(priors=None, reg_param=0.0,
                              store_covariance=False, tol=0.0001)
2026-09-15 16:46:48,769:INFO:compare_models() successfully completed......................................
2026-09-15 17:04:09,780:WARNING:
'cuml' is a soft dependency and not included in the pycaret installation. Please run: `pip install cuml` to install.
2026-09-15 17:04:09,781:WARNING:
'cuml' is a soft dependency and not included in the pycaret installation. Please run: `pip install cuml` to install.
2026-09-15 17:04:09,781:WARNING:
'cuml' is a soft dependency and not included in the pycaret installation. Please run: `pip install cuml` to install.
2026-09-15 17:04:09,781:WARNING:
'cuml' is a soft dependency and not included in the pycaret installation. Please run: `pip install cuml` to install.
2026-09-15 17:04:10,657:INFO:PyCaret ClassificationExperiment
2026-09-15 17:04:10,658:INFO:Logging name: clf-default-name
2026-09-15 17:04:10,658:INFO:ML Usecase: MLUsecase.CLASSIFICATION
2026-09-15 17:04:10,658:INFO:version 3.2.0
2026-09-15 17:04:10,658:INFO:Initializing setup()
2026-09-15 17:04:10,658:INFO:self.USI: 37bd
2026-09-15 17:04:10,658:INFO:self._variable_keys: {'X_test', '_available_plots', 'X', 'log_plots_param', 'n_jobs_param', 'logging_param', 'gpu_param', 'target_param', 'fix_imbalance', 'is_multiclass', 'exp_name_log', 'fold_generator', 'exp_id', 'fold_groups_param', 'gpu_n_jobs_param', 'html_param', 'memory', '_ml_usecase', 'X_train', 'idx', 'USI', 'data', 'seed', 'pipeline', 'y_train', 'y', 'y_test', 'fold_shuffle_param'}
2026-09-15 17:04:10,658:INFO:Checking environment
2026-09-15 17:04:10,658:INFO:python_version: 3.8.10
2026-09-15 17:04:10,658:INFO:python_build: ('tags/v3.8.10:3d8993a', 'May  3 2021 11:48:03')
2026-09-15 17:04:10,658:INFO:machine: AMD64
2026-09-15 17:04:10,667:INFO:platform: Windows-10-10.0.26200-SP0
2026-09-15 17:04:10,667:INFO:Memory: svmem(total=25463480320, available=10102657024, percent=60.3, used=15360823296, free=10102657024)
2026-09-15 17:04:10,667:INFO:Physical Core: 8
2026-09-15 17:04:10,667:INFO:Logical Core: 12
2026-09-15 17:04:10,667:INFO:Checking libraries
2026-09-15 17:04:10,667:INFO:System:
2026-09-15 17:04:10,667:INFO:    python: 3.8.10 (tags/v3.8.10:3d8993a, May  3 2021, 11:48:03) [MSC v.1928 64 bit (AMD64)]
2026-09-15 17:04:10,667:INFO:executable: C:\Users\Telo Ryjeng\AppData\Local\Programs\Python\Python38\python.exe
2026-09-15 17:04:10,667:INFO:   machine: Windows-10-10.0.26200-SP0
2026-09-15 17:04:10,667:INFO:PyCaret required dependencies:
2026-09-15 17:04:10,699:INFO:                 pip: 21.1.1
2026-09-15 17:04:10,699:INFO:          setuptools: 56.0.0
2026-09-15 17:04:10,699:INFO:             pycaret: 3.2.0
2026-09-15 17:04:10,699:INFO:             IPython: 8.12.3
2026-09-15 17:04:10,699:INFO:          ipywidgets: 8.1.9
2026-09-15 17:04:10,699:INFO:                tqdm: 4.70.1
2026-09-15 17:04:10,699:INFO:               numpy: 1.24.4
2026-09-15 17:04:10,699:INFO:              pandas: 1.5.3
2026-09-15 17:04:10,699:INFO:              jinja2: 3.1.6
2026-09-15 17:04:10,699:INFO:               scipy: 1.10.1
2026-09-15 17:04:10,699:INFO:              joblib: 1.2.0
2026-09-15 17:04:10,699:INFO:             sklearn: 1.2.2
2026-09-15 17:04:10,699:INFO:                pyod: 2.1.0
2026-09-15 17:04:10,699:INFO:            imblearn: 0.12.4
2026-09-15 17:04:10,699:INFO:   category_encoders: 2.6.4
2026-09-15 17:04:10,699:INFO:            lightgbm: 4.6.0
2026-09-15 17:04:10,699:INFO:               numba: 0.58.1
2026-09-15 17:04:10,699:INFO:            requests: 2.32.4
2026-09-15 17:04:10,699:INFO:          matplotlib: 3.6.0
2026-09-15 17:04:10,699:INFO:          scikitplot: 0.3.7
2026-09-15 17:04:10,699:INFO:         yellowbrick: 1.5
2026-09-15 17:04:10,699:INFO:              plotly: 6.9.0
2026-09-15 17:04:10,699:INFO:    plotly-resampler: Not installed
2026-09-15 17:04:10,699:INFO:             kaleido: 1.4.0
2026-09-15 17:04:10,699:INFO:           schemdraw: 0.15
2026-09-15 17:04:10,699:INFO:         statsmodels: 0.14.1
2026-09-15 17:04:10,700:INFO:              sktime: 0.21.1
2026-09-15 17:04:10,700:INFO:               tbats: 1.1.3
2026-09-15 17:04:10,700:INFO:            pmdarima: 2.0.4
2026-09-15 17:04:10,700:INFO:              psutil: 7.2.2
2026-09-15 17:04:10,700:INFO:          markupsafe: 2.1.5
2026-09-15 17:04:10,700:INFO:             pickle5: Not installed
2026-09-15 17:04:10,700:INFO:         cloudpickle: 3.1.2
2026-09-15 17:04:10,700:INFO:         deprecation: 2.1.0
2026-09-15 17:04:10,700:INFO:              xxhash: 3.8.1
2026-09-15 17:04:10,700:INFO:           wurlitzer: Not installed
2026-09-15 17:04:10,700:INFO:PyCaret optional dependencies:
2026-09-15 17:04:10,722:INFO:                shap: Not installed
2026-09-15 17:04:10,722:INFO:           interpret: Not installed
2026-09-15 17:04:10,722:INFO:                umap: Not installed
2026-09-15 17:04:10,722:INFO:     ydata_profiling: Not installed
2026-09-15 17:04:10,722:INFO:  explainerdashboard: Not installed
2026-09-15 17:04:10,722:INFO:             autoviz: Not installed
2026-09-15 17:04:10,722:INFO:           fairlearn: Not installed
2026-09-15 17:04:10,722:INFO:          deepchecks: Not installed
2026-09-15 17:04:10,722:INFO:             xgboost: 2.1.4
2026-09-15 17:04:10,722:INFO:            catboost: Not installed
2026-09-15 17:04:10,722:INFO:              kmodes: Not installed
2026-09-15 17:04:10,722:INFO:             mlxtend: Not installed
2026-09-15 17:04:10,722:INFO:       statsforecast: Not installed
2026-09-15 17:04:10,722:INFO:        tune_sklearn: Not installed
2026-09-15 17:04:10,722:INFO:                 ray: Not installed
2026-09-15 17:04:10,722:INFO:            hyperopt: Not installed
2026-09-15 17:04:10,722:INFO:              optuna: Not installed
2026-09-15 17:04:10,722:INFO:               skopt: Not installed
2026-09-15 17:04:10,722:INFO:              mlflow: 2.17.2
2026-09-15 17:04:10,722:INFO:              gradio: Not installed
2026-09-15 17:04:10,722:INFO:             fastapi: Not installed
2026-09-15 17:04:10,722:INFO:             uvicorn: Not installed
2026-09-15 17:04:10,722:INFO:              m2cgen: Not installed
2026-09-15 17:04:10,722:INFO:           evidently: Not installed
2026-09-15 17:04:10,722:INFO:               fugue: Not installed
2026-09-15 17:04:10,722:INFO:           streamlit: Not installed
2026-09-15 17:04:10,722:INFO:             prophet: Not installed
2026-09-15 17:04:10,722:INFO:None
2026-09-15 17:04:10,722:INFO:Set up data.
2026-09-15 17:04:10,728:INFO:Set up folding strategy.
2026-09-15 17:04:10,729:INFO:Set up train/test split.
2026-09-15 17:04:10,731:INFO:Set up index.
2026-09-15 17:04:10,731:INFO:Assigning column types.
2026-09-15 17:04:10,733:INFO:Engine successfully changes for model 'lr' to 'sklearn'.
2026-09-15 17:04:10,757:INFO:Engine for model 'knn' has not been set explicitly, hence returning None.
2026-09-15 17:04:10,758:INFO:Engine for model 'rbfsvm' has not been set explicitly, hence returning None.
2026-09-15 17:04:10,776:INFO:Soft dependency imported: xgboost: 2.1.4
2026-09-15 17:04:10,778:WARNING:
'catboost' is a soft dependency and not included in the pycaret installation. Please run: `pip install catboost` to install.
Alternately, you can install this by running `pip install pycaret[models]`
2026-09-15 17:04:10,802:INFO:Engine for model 'knn' has not been set explicitly, hence returning None.
2026-09-15 17:04:10,803:INFO:Engine for model 'rbfsvm' has not been set explicitly, hence returning None.
2026-09-15 17:04:10,818:INFO:Soft dependency imported: xgboost: 2.1.4
2026-09-15 17:04:10,820:WARNING:
'catboost' is a soft dependency and not included in the pycaret installation. Please run: `pip install catboost` to install.
Alternately, you can install this by running `pip install pycaret[models]`
2026-09-15 17:04:10,820:INFO:Engine successfully changes for model 'knn' to 'sklearn'.
2026-09-15 17:04:10,848:INFO:Engine for model 'rbfsvm' has not been set explicitly, hence returning None.
2026-09-15 17:04:10,865:INFO:Soft dependency imported: xgboost: 2.1.4
2026-09-15 17:04:10,866:WARNING:
'catboost' is a soft dependency and not included in the pycaret installation. Please run: `pip install catboost` to install.
Alternately, you can install this by running `pip install pycaret[models]`
2026-09-15 17:04:10,892:INFO:Engine for model 'rbfsvm' has not been set explicitly, hence returning None.
2026-09-15 17:04:10,908:INFO:Soft dependency imported: xgboost: 2.1.4
2026-09-15 17:04:10,909:WARNING:
'catboost' is a soft dependency and not included in the pycaret installation. Please run: `pip install catboost` to install.
Alternately, you can install this by running `pip install pycaret[models]`
2026-09-15 17:04:10,910:INFO:Engine successfully changes for model 'rbfsvm' to 'sklearn'.
2026-09-15 17:04:10,951:INFO:Soft dependency imported: xgboost: 2.1.4
2026-09-15 17:04:10,952:WARNING:
'catboost' is a soft dependency and not included in the pycaret installation. Please run: `pip install catboost` to install.
Alternately, you can install this by running `pip install pycaret[models]`
2026-09-15 17:04:10,992:INFO:Soft dependency imported: xgboost: 2.1.4
2026-09-15 17:04:10,993:WARNING:
'catboost' is a soft dependency and not included in the pycaret installation. Please run: `pip install catboost` to install.
Alternately, you can install this by running `pip install pycaret[models]`
2026-09-15 17:04:10,994:INFO:Preparing preprocessing pipeline...
2026-09-15 17:04:10,996:INFO:Set up simple imputation.
2026-09-15 17:04:10,997:INFO:Set up column name cleaning.
2026-09-15 17:04:11,010:INFO:Finished creating preprocessing pipeline.
2026-09-15 17:04:11,013:INFO:Pipeline: Pipeline(memory=FastMemory(location=C:\Users\TELORY~1\AppData\Local\Temp\joblib),
         steps=[('numerical_imputer',
                 TransformerWrapper(exclude=None,
                                    include=['mean radius', 'mean texture',
                                             'mean perimeter', 'mean area',
                                             'mean smoothness',
                                             'mean compactness',
                                             'mean concavity',
                                             'mean concave points',
                                             'mean symmetry',
                                             'mean fractal dimension',
                                             'radius error', 'texture error',
                                             'perimet...
                 TransformerWrapper(exclude=None, include=[],
                                    transformer=SimpleImputer(add_indicator=False,
                                                              copy=True,
                                                              fill_value=None,
                                                              keep_empty_features=False,
                                                              missing_values=nan,
                                                              strategy='most_frequent',
                                                              verbose='deprecated'))),
                ('clean_column_names',
                 TransformerWrapper(exclude=None, include=None,
                                    transformer=CleanColumnNames(match='[\\]\\[\\,\\{\\}\\"\\:]+')))],
         verbose=False)
2026-09-15 17:04:11,014:INFO:Creating final display dataframe.
2026-09-15 17:04:11,061:INFO:Setup _display_container:                     Description             Value
0                    Session id                42
1                        Target            target
2                   Target type            Binary
3           Original data shape         (569, 31)
4        Transformed data shape         (569, 31)
5   Transformed train set shape         (398, 31)
6    Transformed test set shape         (171, 31)
7              Numeric features                30
8                    Preprocess              True
9               Imputation type            simple
10           Numeric imputation              mean
11       Categorical imputation              mode
12               Fold Generator   StratifiedKFold
13                  Fold Number                10
14                     CPU Jobs                -1
15                      Use GPU             False
16               Log Experiment             False
17              Experiment Name  clf-default-name
18                          USI              37bd
2026-09-15 17:04:11,112:INFO:Soft dependency imported: xgboost: 2.1.4
2026-09-15 17:04:11,114:WARNING:
'catboost' is a soft dependency and not included in the pycaret installation. Please run: `pip install catboost` to install.
Alternately, you can install this by running `pip install pycaret[models]`
2026-09-15 17:04:11,159:INFO:Soft dependency imported: xgboost: 2.1.4
2026-09-15 17:04:11,160:WARNING:
'catboost' is a soft dependency and not included in the pycaret installation. Please run: `pip install catboost` to install.
Alternately, you can install this by running `pip install pycaret[models]`
2026-09-15 17:04:11,161:INFO:setup() successfully completed in 0.51s...............
2026-09-15 17:04:11,161:INFO:Initializing compare_models()
2026-09-15 17:04:11,161:INFO:compare_models(self=<pycaret.classification.oop.ClassificationExperiment object at 0x0000022018194850>, include=None, fold=None, round=4, cross_validation=True, sort=Accuracy, n_select=1, budget_time=None, turbo=True, errors=ignore, fit_kwargs=None, groups=None, experiment_custom_tags=None, probability_threshold=None, verbose=True, parallel=None, caller_params={'self': <pycaret.classification.oop.ClassificationExperiment object at 0x0000022018194850>, 'include': None, 'exclude': None, 'fold': None, 'round': 4, 'cross_validation': True, 'sort': 'Accuracy', 'n_select': 1, 'budget_time': None, 'turbo': True, 'errors': 'ignore', 'fit_kwargs': None, 'groups': None, 'experiment_custom_tags': None, 'probability_threshold': None, 'engine': None, 'verbose': True, 'parallel': None, '__class__': <class 'pycaret.classification.oop.ClassificationExperiment'>}, exclude=None)
2026-09-15 17:04:11,161:INFO:Checking exceptions
2026-09-15 17:04:11,163:INFO:Preparing display monitor
2026-09-15 17:04:11,167:INFO:Initializing Logistic Regression
2026-09-15 17:04:11,168:INFO:Total runtime is 1.5890598297119142e-05 minutes
2026-09-15 17:04:11,168:INFO:SubProcess create_model() called ==================================
2026-09-15 17:04:11,168:INFO:Initializing create_model()
2026-09-15 17:04:11,168:INFO:create_model(self=<pycaret.classification.oop.ClassificationExperiment object at 0x0000022018194850>, estimator=lr, fold=StratifiedKFold(n_splits=10, random_state=None, shuffle=False), round=4, cross_validation=True, predict=True, fit_kwargs={}, groups=None, refit=False, probability_threshold=None, experiment_custom_tags=None, verbose=False, system=False, add_to_model_list=True, metrics=None, display=<pycaret.internal.display.display.CommonDisplay object at 0x0000022051834A00>, model_only=True, return_train_score=False, error_score=0.0, kwargs={})
2026-09-15 17:04:11,168:INFO:Checking exceptions
2026-09-15 17:04:11,168:INFO:Importing libraries
2026-09-15 17:04:11,168:INFO:Copying training dataset
2026-09-15 17:04:11,169:INFO:Defining folds
2026-09-15 17:04:11,169:INFO:Declaring metric variables
2026-09-15 17:04:11,170:INFO:Importing untrained model
2026-09-15 17:04:11,170:INFO:Logistic Regression Imported successfully
2026-09-15 17:04:11,170:INFO:Starting cross validation
2026-09-15 17:04:11,170:INFO:Cross validating with StratifiedKFold(n_splits=10, random_state=None, shuffle=False), n_jobs=-1
2026-09-15 17:04:13,822:WARNING:C:\Users\Telo Ryjeng\AppData\Local\Programs\Python\Python38\lib\site-packages\sklearn\linear_model\_logistic.py:458: ConvergenceWarning: lbfgs failed to converge (status=1):
STOP: TOTAL NO. of ITERATIONS REACHED LIMIT.

Increase the number of iterations (max_iter) or scale the data as shown in:
    https://scikit-learn.org/stable/modules/preprocessing.html
Please also refer to the documentation for alternative solver options:
    https://scikit-learn.org/stable/modules/linear_model.html#logistic-regression
  n_iter_i = _check_optimize_result(

2026-09-15 17:04:13,836:WARNING:C:\Users\Telo Ryjeng\AppData\Local\Programs\Python\Python38\lib\site-packages\sklearn\linear_model\_logistic.py:458: ConvergenceWarning: lbfgs failed to converge (status=1):
STOP: TOTAL NO. of ITERATIONS REACHED LIMIT.

Increase the number of iterations (max_iter) or scale the data as shown in:
    https://scikit-learn.org/stable/modules/preprocessing.html
Please also refer to the documentation for alternative solver options:
    https://scikit-learn.org/stable/modules/linear_model.html#logistic-regression
  n_iter_i = _check_optimize_result(

2026-09-15 17:04:13,841:WARNING:C:\Users\Telo Ryjeng\AppData\Local\Programs\Python\Python38\lib\site-packages\sklearn\linear_model\_logistic.py:458: ConvergenceWarning: lbfgs failed to converge (status=1):
STOP: TOTAL NO. of ITERATIONS REACHED LIMIT.

Increase the number of iterations (max_iter) or scale the data as shown in:
    https://scikit-learn.org/stable/modules/preprocessing.html
Please also refer to the documentation for alternative solver options:
    https://scikit-learn.org/stable/modules/linear_model.html#logistic-regression
  n_iter_i = _check_optimize_result(

2026-09-15 17:04:13,856:WARNING:C:\Users\Telo Ryjeng\AppData\Local\Programs\Python\Python38\lib\site-packages\sklearn\linear_model\_logistic.py:458: ConvergenceWarning: lbfgs failed to converge (status=1):
STOP: TOTAL NO. of ITERATIONS REACHED LIMIT.

Increase the number of iterations (max_iter) or scale the data as shown in:
    https://scikit-learn.org/stable/modules/preprocessing.html
Please also refer to the documentation for alternative solver options:
    https://scikit-learn.org/stable/modules/linear_model.html#logistic-regression
  n_iter_i = _check_optimize_result(

2026-09-15 17:04:13,871:WARNING:C:\Users\Telo Ryjeng\AppData\Local\Programs\Python\Python38\lib\site-packages\sklearn\linear_model\_logistic.py:458: ConvergenceWarning: lbfgs failed to converge (status=1):
STOP: TOTAL NO. of ITERATIONS REACHED LIMIT.

Increase the number of iterations (max_iter) or scale the data as shown in:
    https://scikit-learn.org/stable/modules/preprocessing.html
Please also refer to the documentation for alternative solver options:
    https://scikit-learn.org/stable/modules/linear_model.html#logistic-regression
  n_iter_i = _check_optimize_result(

2026-09-15 17:04:13,876:WARNING:C:\Users\Telo Ryjeng\AppData\Local\Programs\Python\Python38\lib\site-packages\sklearn\linear_model\_logistic.py:458: ConvergenceWarning: lbfgs failed to converge (status=1):
STOP: TOTAL NO. of ITERATIONS REACHED LIMIT.

Increase the number of iterations (max_iter) or scale the data as shown in:
    https://scikit-learn.org/stable/modules/preprocessing.html
Please also refer to the documentation for alternative solver options:
    https://scikit-learn.org/stable/modules/linear_model.html#logistic-regression
  n_iter_i = _check_optimize_result(

2026-09-15 17:04:13,904:WARNING:C:\Users\Telo Ryjeng\AppData\Local\Programs\Python\Python38\lib\site-packages\sklearn\linear_model\_logistic.py:458: ConvergenceWarning: lbfgs failed to converge (status=1):
STOP: TOTAL NO. of ITERATIONS REACHED LIMIT.

Increase the number of iterations (max_iter) or scale the data as shown in:
    https://scikit-learn.org/stable/modules/preprocessing.html
Please also refer to the documentation for alternative solver options:
    https://scikit-learn.org/stable/modules/linear_model.html#logistic-regression
  n_iter_i = _check_optimize_result(

2026-09-15 17:04:13,919:WARNING:C:\Users\Telo Ryjeng\AppData\Local\Programs\Python\Python38\lib\site-packages\sklearn\linear_model\_logistic.py:458: ConvergenceWarning: lbfgs failed to converge (status=1):
STOP: TOTAL NO. of ITERATIONS REACHED LIMIT.

Increase the number of iterations (max_iter) or scale the data as shown in:
    https://scikit-learn.org/stable/modules/preprocessing.html
Please also refer to the documentation for alternative solver options:
    https://scikit-learn.org/stable/modules/linear_model.html#logistic-regression
  n_iter_i = _check_optimize_result(

2026-09-15 17:04:13,954:WARNING:C:\Users\Telo Ryjeng\AppData\Local\Programs\Python\Python38\lib\site-packages\sklearn\linear_model\_logistic.py:458: ConvergenceWarning: lbfgs failed to converge (status=1):
STOP: TOTAL NO. of ITERATIONS REACHED LIMIT.

Increase the number of iterations (max_iter) or scale the data as shown in:
    https://scikit-learn.org/stable/modules/preprocessing.html
Please also refer to the documentation for alternative solver options:
    https://scikit-learn.org/stable/modules/linear_model.html#logistic-regression
  n_iter_i = _check_optimize_result(

2026-09-15 17:04:13,992:INFO:Calculating mean and std
2026-09-15 17:04:13,993:INFO:Creating metrics dataframe
2026-09-15 17:04:13,998:INFO:Uploading results into container
2026-09-15 17:04:13,999:INFO:Uploading model into container now
2026-09-15 17:04:13,999:INFO:_master_model_container: 1
2026-09-15 17:04:14,000:INFO:_display_container: 2
2026-09-15 17:04:14,000:INFO:LogisticRegression(C=1.0, class_weight=None, dual=False, fit_intercept=True,
                   intercept_scaling=1, l1_ratio=None, max_iter=1000,
                   multi_class='auto', n_jobs=None, penalty='l2',
                   random_state=42, solver='lbfgs', tol=0.0001, verbose=0,
                   warm_start=False)
2026-09-15 17:04:14,000:INFO:create_model() successfully completed......................................
2026-09-15 17:04:14,066:INFO:SubProcess create_model() end ==================================
2026-09-15 17:04:14,066:INFO:Creating metrics dataframe
2026-09-15 17:04:14,069:INFO:Initializing K Neighbors Classifier
2026-09-15 17:04:14,069:INFO:Total runtime is 0.04837299585342407 minutes
2026-09-15 17:04:14,069:INFO:SubProcess create_model() called ==================================
2026-09-15 17:04:14,069:INFO:Initializing create_model()
2026-09-15 17:04:14,069:INFO:create_model(self=<pycaret.classification.oop.ClassificationExperiment object at 0x0000022018194850>, estimator=knn, fold=StratifiedKFold(n_splits=10, random_state=None, shuffle=False), round=4, cross_validation=True, predict=True, fit_kwargs={}, groups=None, refit=False, probability_threshold=None, experiment_custom_tags=None, verbose=False, system=False, add_to_model_list=True, metrics=None, display=<pycaret.internal.display.display.CommonDisplay object at 0x0000022051834A00>, model_only=True, return_train_score=False, error_score=0.0, kwargs={})
2026-09-15 17:04:14,069:INFO:Checking exceptions
2026-09-15 17:04:14,069:INFO:Importing libraries
2026-09-15 17:04:14,069:INFO:Copying training dataset
2026-09-15 17:04:14,071:INFO:Defining folds
2026-09-15 17:04:14,071:INFO:Declaring metric variables
2026-09-15 17:04:14,071:INFO:Importing untrained model
2026-09-15 17:04:14,071:INFO:K Neighbors Classifier Imported successfully
2026-09-15 17:04:14,072:INFO:Starting cross validation
2026-09-15 17:04:14,072:INFO:Cross validating with StratifiedKFold(n_splits=10, random_state=None, shuffle=False), n_jobs=-1
2026-09-15 17:04:15,394:INFO:Calculating mean and std
2026-09-15 17:04:15,395:INFO:Creating metrics dataframe
2026-09-15 17:04:15,398:INFO:Uploading results into container
2026-09-15 17:04:15,399:INFO:Uploading model into container now
2026-09-15 17:04:15,399:INFO:_master_model_container: 2
2026-09-15 17:04:15,399:INFO:_display_container: 2
2026-09-15 17:04:15,399:INFO:KNeighborsClassifier(algorithm='auto', leaf_size=30, metric='minkowski',
                     metric_params=None, n_jobs=-1, n_neighbors=5, p=2,
                     weights='uniform')
2026-09-15 17:04:15,399:INFO:create_model() successfully completed......................................
2026-09-15 17:04:15,468:INFO:SubProcess create_model() end ==================================
2026-09-15 17:04:15,468:INFO:Creating metrics dataframe
2026-09-15 17:04:15,470:INFO:Initializing Naive Bayes
2026-09-15 17:04:15,470:INFO:Total runtime is 0.07172414859135945 minutes
2026-09-15 17:04:15,470:INFO:SubProcess create_model() called ==================================
2026-09-15 17:04:15,470:INFO:Initializing create_model()
2026-09-15 17:04:15,470:INFO:create_model(self=<pycaret.classification.oop.ClassificationExperiment object at 0x0000022018194850>, estimator=nb, fold=StratifiedKFold(n_splits=10, random_state=None, shuffle=False), round=4, cross_validation=True, predict=True, fit_kwargs={}, groups=None, refit=False, probability_threshold=None, experiment_custom_tags=None, verbose=False, system=False, add_to_model_list=True, metrics=None, display=<pycaret.internal.display.display.CommonDisplay object at 0x0000022051834A00>, model_only=True, return_train_score=False, error_score=0.0, kwargs={})
2026-09-15 17:04:15,470:INFO:Checking exceptions
2026-09-15 17:04:15,470:INFO:Importing libraries
2026-09-15 17:04:15,470:INFO:Copying training dataset
2026-09-15 17:04:15,472:INFO:Defining folds
2026-09-15 17:04:15,472:INFO:Declaring metric variables
2026-09-15 17:04:15,472:INFO:Importing untrained model
2026-09-15 17:04:15,473:INFO:Naive Bayes Imported successfully
2026-09-15 17:04:15,473:INFO:Starting cross validation
2026-09-15 17:04:15,473:INFO:Cross validating with StratifiedKFold(n_splits=10, random_state=None, shuffle=False), n_jobs=-1
2026-09-15 17:04:15,514:INFO:Calculating mean and std
2026-09-15 17:04:15,514:INFO:Creating metrics dataframe
2026-09-15 17:04:15,518:INFO:Uploading results into container
2026-09-15 17:04:15,518:INFO:Uploading model into container now
2026-09-15 17:04:15,518:INFO:_master_model_container: 3
2026-09-15 17:04:15,519:INFO:_display_container: 2
2026-09-15 17:04:15,519:INFO:GaussianNB(priors=None, var_smoothing=1e-09)
2026-09-15 17:04:15,519:INFO:create_model() successfully completed......................................
2026-09-15 17:04:15,578:INFO:SubProcess create_model() end ==================================
2026-09-15 17:04:15,578:INFO:Creating metrics dataframe
2026-09-15 17:04:15,581:INFO:Initializing Decision Tree Classifier
2026-09-15 17:04:15,581:INFO:Total runtime is 0.07357268333435057 minutes
2026-09-15 17:04:15,581:INFO:SubProcess create_model() called ==================================
2026-09-15 17:04:15,581:INFO:Initializing create_model()
2026-09-15 17:04:15,581:INFO:create_model(self=<pycaret.classification.oop.ClassificationExperiment object at 0x0000022018194850>, estimator=dt, fold=StratifiedKFold(n_splits=10, random_state=None, shuffle=False), round=4, cross_validation=True, predict=True, fit_kwargs={}, groups=None, refit=False, probability_threshold=None, experiment_custom_tags=None, verbose=False, system=False, add_to_model_list=True, metrics=None, display=<pycaret.internal.display.display.CommonDisplay object at 0x0000022051834A00>, model_only=True, return_train_score=False, error_score=0.0, kwargs={})
2026-09-15 17:04:15,581:INFO:Checking exceptions
2026-09-15 17:04:15,581:INFO:Importing libraries
2026-09-15 17:04:15,581:INFO:Copying training dataset
2026-09-15 17:04:15,583:INFO:Defining folds
2026-09-15 17:04:15,583:INFO:Declaring metric variables
2026-09-15 17:04:15,583:INFO:Importing untrained model
2026-09-15 17:04:15,583:INFO:Decision Tree Classifier Imported successfully
2026-09-15 17:04:15,584:INFO:Starting cross validation
2026-09-15 17:04:15,584:INFO:Cross validating with StratifiedKFold(n_splits=10, random_state=None, shuffle=False), n_jobs=-1
2026-09-15 17:04:15,631:INFO:Calculating mean and std
2026-09-15 17:04:15,631:INFO:Creating metrics dataframe
2026-09-15 17:04:15,634:INFO:Uploading results into container
2026-09-15 17:04:15,634:INFO:Uploading model into container now
2026-09-15 17:04:15,634:INFO:_master_model_container: 4
2026-09-15 17:04:15,634:INFO:_display_container: 2
2026-09-15 17:04:15,634:INFO:DecisionTreeClassifier(ccp_alpha=0.0, class_weight=None, criterion='gini',
                       max_depth=None, max_features=None, max_leaf_nodes=None,
                       min_impurity_decrease=0.0, min_samples_leaf=1,
                       min_samples_split=2, min_weight_fraction_leaf=0.0,
                       random_state=42, splitter='best')
2026-09-15 17:04:15,634:INFO:create_model() successfully completed......................................
2026-09-15 17:04:15,692:INFO:SubProcess create_model() end ==================================
2026-09-15 17:04:15,692:INFO:Creating metrics dataframe
2026-09-15 17:04:15,695:INFO:Initializing SVM - Linear Kernel
2026-09-15 17:04:15,695:INFO:Total runtime is 0.07547489802042642 minutes
2026-09-15 17:04:15,695:INFO:SubProcess create_model() called ==================================
2026-09-15 17:04:15,696:INFO:Initializing create_model()
2026-09-15 17:04:15,696:INFO:create_model(self=<pycaret.classification.oop.ClassificationExperiment object at 0x0000022018194850>, estimator=svm, fold=StratifiedKFold(n_splits=10, random_state=None, shuffle=False), round=4, cross_validation=True, predict=True, fit_kwargs={}, groups=None, refit=False, probability_threshold=None, experiment_custom_tags=None, verbose=False, system=False, add_to_model_list=True, metrics=None, display=<pycaret.internal.display.display.CommonDisplay object at 0x0000022051834A00>, model_only=True, return_train_score=False, error_score=0.0, kwargs={})
2026-09-15 17:04:15,696:INFO:Checking exceptions
2026-09-15 17:04:15,696:INFO:Importing libraries
2026-09-15 17:04:15,696:INFO:Copying training dataset
2026-09-15 17:04:15,698:INFO:Defining folds
2026-09-15 17:04:15,698:INFO:Declaring metric variables
2026-09-15 17:04:15,698:INFO:Importing untrained model
2026-09-15 17:04:15,698:INFO:SVM - Linear Kernel Imported successfully
2026-09-15 17:04:15,698:INFO:Starting cross validation
2026-09-15 17:04:15,699:INFO:Cross validating with StratifiedKFold(n_splits=10, random_state=None, shuffle=False), n_jobs=-1
2026-09-15 17:04:15,724:WARNING:C:\Users\Telo Ryjeng\AppData\Local\Programs\Python\Python38\lib\site-packages\pycaret\internal\metrics.py:190: FitFailedWarning: Metric 'make_scorer(roc_auc_score, needs_proba=True, error_score=0.0, average=weighted, multi_class=ovr)' failed and error score 0.0 has been returned instead. If this is a custom metric, this usually means that the error is in the metric code. Full exception below:
Traceback (most recent call last):
  File "C:\Users\Telo Ryjeng\AppData\Local\Programs\Python\Python38\lib\site-packages\sklearn\metrics\_scorer.py", line 76, in _cached_call
    return cache[method]
KeyError: 'predict_proba'

During handling of the above exception, another exception occurred:

Traceback (most recent call last):
  File "C:\Users\Telo Ryjeng\AppData\Local\Programs\Python\Python38\lib\site-packages\pycaret\internal\metrics.py", line 182, in _score
    return super()._score(
  File "C:\Users\Telo Ryjeng\AppData\Local\Programs\Python\Python38\lib\site-packages\sklearn\metrics\_scorer.py", line 316, in _score
    y_pred = method_caller(clf, "predict_proba", X)
  File "C:\Users\Telo Ryjeng\AppData\Local\Programs\Python\Python38\lib\site-packages\sklearn\metrics\_scorer.py", line 78, in _cached_call
    result = getattr(estimator, method)(*args, **kwargs)
  File "C:\Users\Telo Ryjeng\AppData\Local\Programs\Python\Python38\lib\site-packages\pycaret\internal\pipeline.py", line 127, in __getattr__
    return getattr(self._final_estimator, name)
  File "C:\Users\Telo Ryjeng\AppData\Local\Programs\Python\Python38\lib\site-packages\sklearn\utils\_available_if.py", line 32, in __get__
    if not self.check(obj):
  File "C:\Users\Telo Ryjeng\AppData\Local\Programs\Python\Python38\lib\site-packages\sklearn\linear_model\_stochastic_gradient.py", line 1235, in _check_proba
    raise AttributeError(
AttributeError: probability estimates are not available for loss='hinge'

  warnings.warn(

2026-09-15 17:04:15,724:WARNING:C:\Users\Telo Ryjeng\AppData\Local\Programs\Python\Python38\lib\site-packages\pycaret\internal\metrics.py:190: FitFailedWarning: Metric 'make_scorer(roc_auc_score, needs_proba=True, error_score=0.0, average=weighted, multi_class=ovr)' failed and error score 0.0 has been returned instead. If this is a custom metric, this usually means that the error is in the metric code. Full exception below:
Traceback (most recent call last):
  File "C:\Users\Telo Ryjeng\AppData\Local\Programs\Python\Python38\lib\site-packages\sklearn\metrics\_scorer.py", line 76, in _cached_call
    return cache[method]
KeyError: 'predict_proba'

During handling of the above exception, another exception occurred:

Traceback (most recent call last):
  File "C:\Users\Telo Ryjeng\AppData\Local\Programs\Python\Python38\lib\site-packages\pycaret\internal\metrics.py", line 182, in _score
    return super()._score(
  File "C:\Users\Telo Ryjeng\AppData\Local\Programs\Python\Python38\lib\site-packages\sklearn\metrics\_scorer.py", line 316, in _score
    y_pred = method_caller(clf, "predict_proba", X)
  File "C:\Users\Telo Ryjeng\AppData\Local\Programs\Python\Python38\lib\site-packages\sklearn\metrics\_scorer.py", line 78, in _cached_call
    result = getattr(estimator, method)(*args, **kwargs)
  File "C:\Users\Telo Ryjeng\AppData\Local\Programs\Python\Python38\lib\site-packages\pycaret\internal\pipeline.py", line 127, in __getattr__
    return getattr(self._final_estimator, name)
  File "C:\Users\Telo Ryjeng\AppData\Local\Programs\Python\Python38\lib\site-packages\sklearn\utils\_available_if.py", line 32, in __get__
    if not self.check(obj):
  File "C:\Users\Telo Ryjeng\AppData\Local\Programs\Python\Python38\lib\site-packages\sklearn\linear_model\_stochastic_gradient.py", line 1235, in _check_proba
    raise AttributeError(
AttributeError: probability estimates are not available for loss='hinge'

  warnings.warn(

2026-09-15 17:04:15,725:WARNING:C:\Users\Telo Ryjeng\AppData\Local\Programs\Python\Python38\lib\site-packages\pycaret\internal\metrics.py:190: FitFailedWarning: Metric 'make_scorer(roc_auc_score, needs_proba=True, error_score=0.0, average=weighted, multi_class=ovr)' failed and error score 0.0 has been returned instead. If this is a custom metric, this usually means that the error is in the metric code. Full exception below:
Traceback (most recent call last):
  File "C:\Users\Telo Ryjeng\AppData\Local\Programs\Python\Python38\lib\site-packages\sklearn\metrics\_scorer.py", line 76, in _cached_call
    return cache[method]
KeyError: 'predict_proba'

During handling of the above exception, another exception occurred:

Traceback (most recent call last):
  File "C:\Users\Telo Ryjeng\AppData\Local\Programs\Python\Python38\lib\site-packages\pycaret\internal\metrics.py", line 182, in _score
    return super()._score(
  File "C:\Users\Telo Ryjeng\AppData\Local\Programs\Python\Python38\lib\site-packages\sklearn\metrics\_scorer.py", line 316, in _score
    y_pred = method_caller(clf, "predict_proba", X)
  File "C:\Users\Telo Ryjeng\AppData\Local\Programs\Python\Python38\lib\site-packages\sklearn\metrics\_scorer.py", line 78, in _cached_call
    result = getattr(estimator, method)(*args, **kwargs)
  File "C:\Users\Telo Ryjeng\AppData\Local\Programs\Python\Python38\lib\site-packages\pycaret\internal\pipeline.py", line 127, in __getattr__
    return getattr(self._final_estimator, name)
  File "C:\Users\Telo Ryjeng\AppData\Local\Programs\Python\Python38\lib\site-packages\sklearn\utils\_available_if.py", line 32, in __get__
    if not self.check(obj):
  File "C:\Users\Telo Ryjeng\AppData\Local\Programs\Python\Python38\lib\site-packages\sklearn\linear_model\_stochastic_gradient.py", line 1235, in _check_proba
    raise AttributeError(
AttributeError: probability estimates are not available for loss='hinge'

  warnings.warn(

2026-09-15 17:04:15,727:WARNING:C:\Users\Telo Ryjeng\AppData\Local\Programs\Python\Python38\lib\site-packages\pycaret\internal\metrics.py:190: FitFailedWarning: Metric 'make_scorer(roc_auc_score, needs_proba=True, error_score=0.0, average=weighted, multi_class=ovr)' failed and error score 0.0 has been returned instead. If this is a custom metric, this usually means that the error is in the metric code. Full exception below:
Traceback (most recent call last):
  File "C:\Users\Telo Ryjeng\AppData\Local\Programs\Python\Python38\lib\site-packages\sklearn\metrics\_scorer.py", line 76, in _cached_call
    return cache[method]
KeyError: 'predict_proba'

During handling of the above exception, another exception occurred:

Traceback (most recent call last):
  File "C:\Users\Telo Ryjeng\AppData\Local\Programs\Python\Python38\lib\site-packages\pycaret\internal\metrics.py", line 182, in _score
    return super()._score(
  File "C:\Users\Telo Ryjeng\AppData\Local\Programs\Python\Python38\lib\site-packages\sklearn\metrics\_scorer.py", line 316, in _score
    y_pred = method_caller(clf, "predict_proba", X)
  File "C:\Users\Telo Ryjeng\AppData\Local\Programs\Python\Python38\lib\site-packages\sklearn\metrics\_scorer.py", line 78, in _cached_call
    result = getattr(estimator, method)(*args, **kwargs)
  File "C:\Users\Telo Ryjeng\AppData\Local\Programs\Python\Python38\lib\site-packages\pycaret\internal\pipeline.py", line 127, in __getattr__
    return getattr(self._final_estimator, name)
  File "C:\Users\Telo Ryjeng\AppData\Local\Programs\Python\Python38\lib\site-packages\sklearn\utils\_available_if.py", line 32, in __get__
    if not self.check(obj):
  File "C:\Users\Telo Ryjeng\AppData\Local\Programs\Python\Python38\lib\site-packages\sklearn\linear_model\_stochastic_gradient.py", line 1235, in _check_proba
    raise AttributeError(
AttributeError: probability estimates are not available for loss='hinge'

  warnings.warn(

2026-09-15 17:04:15,727:WARNING:C:\Users\Telo Ryjeng\AppData\Local\Programs\Python\Python38\lib\site-packages\pycaret\internal\metrics.py:190: FitFailedWarning: Metric 'make_scorer(roc_auc_score, needs_proba=True, error_score=0.0, average=weighted, multi_class=ovr)' failed and error score 0.0 has been returned instead. If this is a custom metric, this usually means that the error is in the metric code. Full exception below:
Traceback (most recent call last):
  File "C:\Users\Telo Ryjeng\AppData\Local\Programs\Python\Python38\lib\site-packages\sklearn\metrics\_scorer.py", line 76, in _cached_call
    return cache[method]
KeyError: 'predict_proba'

During handling of the above exception, another exception occurred:

Traceback (most recent call last):
  File "C:\Users\Telo Ryjeng\AppData\Local\Programs\Python\Python38\lib\site-packages\pycaret\internal\metrics.py", line 182, in _score
    return super()._score(
  File "C:\Users\Telo Ryjeng\AppData\Local\Programs\Python\Python38\lib\site-packages\sklearn\metrics\_scorer.py", line 316, in _score
    y_pred = method_caller(clf, "predict_proba", X)
  File "C:\Users\Telo Ryjeng\AppData\Local\Programs\Python\Python38\lib\site-packages\sklearn\metrics\_scorer.py", line 78, in _cached_call
    result = getattr(estimator, method)(*args, **kwargs)
  File "C:\Users\Telo Ryjeng\AppData\Local\Programs\Python\Python38\lib\site-packages\pycaret\internal\pipeline.py", line 127, in __getattr__
    return getattr(self._final_estimator, name)
  File "C:\Users\Telo Ryjeng\AppData\Local\Programs\Python\Python38\lib\site-packages\sklearn\utils\_available_if.py", line 32, in __get__
    if not self.check(obj):
  File "C:\Users\Telo Ryjeng\AppData\Local\Programs\Python\Python38\lib\site-packages\sklearn\linear_model\_stochastic_gradient.py", line 1235, in _check_proba
    raise AttributeError(
AttributeError: probability estimates are not available for loss='hinge'

  warnings.warn(

2026-09-15 17:04:15,728:WARNING:C:\Users\Telo Ryjeng\AppData\Local\Programs\Python\Python38\lib\site-packages\pycaret\internal\metrics.py:190: FitFailedWarning: Metric 'make_scorer(roc_auc_score, needs_proba=True, error_score=0.0, average=weighted, multi_class=ovr)' failed and error score 0.0 has been returned instead. If this is a custom metric, this usually means that the error is in the metric code. Full exception below:
Traceback (most recent call last):
  File "C:\Users\Telo Ryjeng\AppData\Local\Programs\Python\Python38\lib\site-packages\sklearn\metrics\_scorer.py", line 76, in _cached_call
    return cache[method]
KeyError: 'predict_proba'

During handling of the above exception, another exception occurred:

Traceback (most recent call last):
  File "C:\Users\Telo Ryjeng\AppData\Local\Programs\Python\Python38\lib\site-packages\pycaret\internal\metrics.py", line 182, in _score
    return super()._score(
  File "C:\Users\Telo Ryjeng\AppData\Local\Programs\Python\Python38\lib\site-packages\sklearn\metrics\_scorer.py", line 316, in _score
    y_pred = method_caller(clf, "predict_proba", X)
  File "C:\Users\Telo Ryjeng\AppData\Local\Programs\Python\Python38\lib\site-packages\sklearn\metrics\_scorer.py", line 78, in _cached_call
    result = getattr(estimator, method)(*args, **kwargs)
  File "C:\Users\Telo Ryjeng\AppData\Local\Programs\Python\Python38\lib\site-packages\pycaret\internal\pipeline.py", line 127, in __getattr__
    return getattr(self._final_estimator, name)
  File "C:\Users\Telo Ryjeng\AppData\Local\Programs\Python\Python38\lib\site-packages\sklearn\utils\_available_if.py", line 32, in __get__
    if not self.check(obj):
  File "C:\Users\Telo Ryjeng\AppData\Local\Programs\Python\Python38\lib\site-packages\sklearn\linear_model\_stochastic_gradient.py", line 1235, in _check_proba
    raise AttributeError(
AttributeError: probability estimates are not available for loss='hinge'

  warnings.warn(

2026-09-15 17:04:15,731:WARNING:C:\Users\Telo Ryjeng\AppData\Local\Programs\Python\Python38\lib\site-packages\pycaret\internal\metrics.py:190: FitFailedWarning: Metric 'make_scorer(roc_auc_score, needs_proba=True, error_score=0.0, average=weighted, multi_class=ovr)' failed and error score 0.0 has been returned instead. If this is a custom metric, this usually means that the error is in the metric code. Full exception below:
Traceback (most recent call last):
  File "C:\Users\Telo Ryjeng\AppData\Local\Programs\Python\Python38\lib\site-packages\sklearn\metrics\_scorer.py", line 76, in _cached_call
    return cache[method]
KeyError: 'predict_proba'

During handling of the above exception, another exception occurred:

Traceback (most recent call last):
  File "C:\Users\Telo Ryjeng\AppData\Local\Programs\Python\Python38\lib\site-packages\pycaret\internal\metrics.py", line 182, in _score
    return super()._score(
  File "C:\Users\Telo Ryjeng\AppData\Local\Programs\Python\Python38\lib\site-packages\sklearn\metrics\_scorer.py", line 316, in _score
    y_pred = method_caller(clf, "predict_proba", X)
  File "C:\Users\Telo Ryjeng\AppData\Local\Programs\Python\Python38\lib\site-packages\sklearn\metrics\_scorer.py", line 78, in _cached_call
    result = getattr(estimator, method)(*args, **kwargs)
  File "C:\Users\Telo Ryjeng\AppData\Local\Programs\Python\Python38\lib\site-packages\pycaret\internal\pipeline.py", line 127, in __getattr__
    return getattr(self._final_estimator, name)
  File "C:\Users\Telo Ryjeng\AppData\Local\Programs\Python\Python38\lib\site-packages\sklearn\utils\_available_if.py", line 32, in __get__
    if not self.check(obj):
  File "C:\Users\Telo Ryjeng\AppData\Local\Programs\Python\Python38\lib\site-packages\sklearn\linear_model\_stochastic_gradient.py", line 1235, in _check_proba
    raise AttributeError(
AttributeError: probability estimates are not available for loss='hinge'

  warnings.warn(

2026-09-15 17:04:15,733:WARNING:C:\Users\Telo Ryjeng\AppData\Local\Programs\Python\Python38\lib\site-packages\pycaret\internal\metrics.py:190: FitFailedWarning: Metric 'make_scorer(roc_auc_score, needs_proba=True, error_score=0.0, average=weighted, multi_class=ovr)' failed and error score 0.0 has been returned instead. If this is a custom metric, this usually means that the error is in the metric code. Full exception below:
Traceback (most recent call last):
  File "C:\Users\Telo Ryjeng\AppData\Local\Programs\Python\Python38\lib\site-packages\sklearn\metrics\_scorer.py", line 76, in _cached_call
    return cache[method]
KeyError: 'predict_proba'

During handling of the above exception, another exception occurred:

Traceback (most recent call last):
  File "C:\Users\Telo Ryjeng\AppData\Local\Programs\Python\Python38\lib\site-packages\pycaret\internal\metrics.py", line 182, in _score
    return super()._score(
  File "C:\Users\Telo Ryjeng\AppData\Local\Programs\Python\Python38\lib\site-packages\sklearn\metrics\_scorer.py", line 316, in _score
    y_pred = method_caller(clf, "predict_proba", X)
  File "C:\Users\Telo Ryjeng\AppData\Local\Programs\Python\Python38\lib\site-packages\sklearn\metrics\_scorer.py", line 78, in _cached_call
    result = getattr(estimator, method)(*args, **kwargs)
  File "C:\Users\Telo Ryjeng\AppData\Local\Programs\Python\Python38\lib\site-packages\pycaret\internal\pipeline.py", line 127, in __getattr__
    return getattr(self._final_estimator, name)
  File "C:\Users\Telo Ryjeng\AppData\Local\Programs\Python\Python38\lib\site-packages\sklearn\utils\_available_if.py", line 32, in __get__
    if not self.check(obj):
  File "C:\Users\Telo Ryjeng\AppData\Local\Programs\Python\Python38\lib\site-packages\sklearn\linear_model\_stochastic_gradient.py", line 1235, in _check_proba
    raise AttributeError(
AttributeError: probability estimates are not available for loss='hinge'

  warnings.warn(

2026-09-15 17:04:15,735:WARNING:C:\Users\Telo Ryjeng\AppData\Local\Programs\Python\Python38\lib\site-packages\pycaret\internal\metrics.py:190: FitFailedWarning: Metric 'make_scorer(roc_auc_score, needs_proba=True, error_score=0.0, average=weighted, multi_class=ovr)' failed and error score 0.0 has been returned instead. If this is a custom metric, this usually means that the error is in the metric code. Full exception below:
Traceback (most recent call last):
  File "C:\Users\Telo Ryjeng\AppData\Local\Programs\Python\Python38\lib\site-packages\sklearn\metrics\_scorer.py", line 76, in _cached_call
    return cache[method]
KeyError: 'predict_proba'

During handling of the above exception, another exception occurred:

Traceback (most recent call last):
  File "C:\Users\Telo Ryjeng\AppData\Local\Programs\Python\Python38\lib\site-packages\pycaret\internal\metrics.py", line 182, in _score
    return super()._score(
  File "C:\Users\Telo Ryjeng\AppData\Local\Programs\Python\Python38\lib\site-packages\sklearn\metrics\_scorer.py", line 316, in _score
    y_pred = method_caller(clf, "predict_proba", X)
  File "C:\Users\Telo Ryjeng\AppData\Local\Programs\Python\Python38\lib\site-packages\sklearn\metrics\_scorer.py", line 78, in _cached_call
    result = getattr(estimator, method)(*args, **kwargs)
  File "C:\Users\Telo Ryjeng\AppData\Local\Programs\Python\Python38\lib\site-packages\pycaret\internal\pipeline.py", line 127, in __getattr__
    return getattr(self._final_estimator, name)
  File "C:\Users\Telo Ryjeng\AppData\Local\Programs\Python\Python38\lib\site-packages\sklearn\utils\_available_if.py", line 32, in __get__
    if not self.check(obj):
  File "C:\Users\Telo Ryjeng\AppData\Local\Programs\Python\Python38\lib\site-packages\sklearn\linear_model\_stochastic_gradient.py", line 1235, in _check_proba
    raise AttributeError(
AttributeError: probability estimates are not available for loss='hinge'

  warnings.warn(

2026-09-15 17:04:15,736:WARNING:C:\Users\Telo Ryjeng\AppData\Local\Programs\Python\Python38\lib\site-packages\pycaret\internal\metrics.py:190: FitFailedWarning: Metric 'make_scorer(roc_auc_score, needs_proba=True, error_score=0.0, average=weighted, multi_class=ovr)' failed and error score 0.0 has been returned instead. If this is a custom metric, this usually means that the error is in the metric code. Full exception below:
Traceback (most recent call last):
  File "C:\Users\Telo Ryjeng\AppData\Local\Programs\Python\Python38\lib\site-packages\sklearn\metrics\_scorer.py", line 76, in _cached_call
    return cache[method]
KeyError: 'predict_proba'

During handling of the above exception, another exception occurred:

Traceback (most recent call last):
  File "C:\Users\Telo Ryjeng\AppData\Local\Programs\Python\Python38\lib\site-packages\pycaret\internal\metrics.py", line 182, in _score
    return super()._score(
  File "C:\Users\Telo Ryjeng\AppData\Local\Programs\Python\Python38\lib\site-packages\sklearn\metrics\_scorer.py", line 316, in _score
    y_pred = method_caller(clf, "predict_proba", X)
  File "C:\Users\Telo Ryjeng\AppData\Local\Programs\Python\Python38\lib\site-packages\sklearn\metrics\_scorer.py", line 78, in _cached_call
    result = getattr(estimator, method)(*args, **kwargs)
  File "C:\Users\Telo Ryjeng\AppData\Local\Programs\Python\Python38\lib\site-packages\pycaret\internal\pipeline.py", line 127, in __getattr__
    return getattr(self._final_estimator, name)
  File "C:\Users\Telo Ryjeng\AppData\Local\Programs\Python\Python38\lib\site-packages\sklearn\utils\_available_if.py", line 32, in __get__
    if not self.check(obj):
  File "C:\Users\Telo Ryjeng\AppData\Local\Programs\Python\Python38\lib\site-packages\sklearn\linear_model\_stochastic_gradient.py", line 1235, in _check_proba
    raise AttributeError(
AttributeError: probability estimates are not available for loss='hinge'

  warnings.warn(

2026-09-15 17:04:15,743:INFO:Calculating mean and std
2026-09-15 17:04:15,743:INFO:Creating metrics dataframe
2026-09-15 17:04:15,746:INFO:Uploading results into container
2026-09-15 17:04:15,746:INFO:Uploading model into container now
2026-09-15 17:04:15,746:INFO:_master_model_container: 5
2026-09-15 17:04:15,746:INFO:_display_container: 2
2026-09-15 17:04:15,746:INFO:SGDClassifier(alpha=0.0001, average=False, class_weight=None,
              early_stopping=False, epsilon=0.1, eta0=0.001, fit_intercept=True,
              l1_ratio=0.15, learning_rate='optimal', loss='hinge',
              max_iter=1000, n_iter_no_change=5, n_jobs=-1, penalty='l2',
              power_t=0.5, random_state=42, shuffle=True, tol=0.001,
              validation_fraction=0.1, verbose=0, warm_start=False)
2026-09-15 17:04:15,747:INFO:create_model() successfully completed......................................
2026-09-15 17:04:15,804:INFO:SubProcess create_model() end ==================================
2026-09-15 17:04:15,806:INFO:Creating metrics dataframe
2026-09-15 17:04:15,808:INFO:Initializing Ridge Classifier
2026-09-15 17:04:15,808:INFO:Total runtime is 0.07735071976979573 minutes
2026-09-15 17:04:15,808:INFO:SubProcess create_model() called ==================================
2026-09-15 17:04:15,809:INFO:Initializing create_model()
2026-09-15 17:04:15,809:INFO:create_model(self=<pycaret.classification.oop.ClassificationExperiment object at 0x0000022018194850>, estimator=ridge, fold=StratifiedKFold(n_splits=10, random_state=None, shuffle=False), round=4, cross_validation=True, predict=True, fit_kwargs={}, groups=None, refit=False, probability_threshold=None, experiment_custom_tags=None, verbose=False, system=False, add_to_model_list=True, metrics=None, display=<pycaret.internal.display.display.CommonDisplay object at 0x0000022051834A00>, model_only=True, return_train_score=False, error_score=0.0, kwargs={})
2026-09-15 17:04:15,809:INFO:Checking exceptions
2026-09-15 17:04:15,809:INFO:Importing libraries
2026-09-15 17:04:15,809:INFO:Copying training dataset
2026-09-15 17:04:15,811:INFO:Defining folds
2026-09-15 17:04:15,811:INFO:Declaring metric variables
2026-09-15 17:04:15,811:INFO:Importing untrained model
2026-09-15 17:04:15,811:INFO:Ridge Classifier Imported successfully
2026-09-15 17:04:15,811:INFO:Starting cross validation
2026-09-15 17:04:15,812:INFO:Cross validating with StratifiedKFold(n_splits=10, random_state=None, shuffle=False), n_jobs=-1
2026-09-15 17:04:15,831:WARNING:C:\Users\Telo Ryjeng\AppData\Local\Programs\Python\Python38\lib\site-packages\sklearn\linear_model\_ridge.py:216: LinAlgWarning: Ill-conditioned matrix (rcond=4.80429e-09): result may not be accurate.
  return linalg.solve(A, Xy, assume_a="pos", overwrite_a=True).T

2026-09-15 17:04:15,831:WARNING:C:\Users\Telo Ryjeng\AppData\Local\Programs\Python\Python38\lib\site-packages\sklearn\linear_model\_ridge.py:216: LinAlgWarning: Ill-conditioned matrix (rcond=4.45307e-09): result may not be accurate.
  return linalg.solve(A, Xy, assume_a="pos", overwrite_a=True).T

2026-09-15 17:04:15,832:WARNING:C:\Users\Telo Ryjeng\AppData\Local\Programs\Python\Python38\lib\site-packages\sklearn\linear_model\_ridge.py:216: LinAlgWarning: Ill-conditioned matrix (rcond=4.68047e-09): result may not be accurate.
  return linalg.solve(A, Xy, assume_a="pos", overwrite_a=True).T

2026-09-15 17:04:15,833:WARNING:C:\Users\Telo Ryjeng\AppData\Local\Programs\Python\Python38\lib\site-packages\sklearn\linear_model\_ridge.py:216: LinAlgWarning: Ill-conditioned matrix (rcond=4.79127e-09): result may not be accurate.
  return linalg.solve(A, Xy, assume_a="pos", overwrite_a=True).T

2026-09-15 17:04:15,833:WARNING:C:\Users\Telo Ryjeng\AppData\Local\Programs\Python\Python38\lib\site-packages\sklearn\linear_model\_ridge.py:216: LinAlgWarning: Ill-conditioned matrix (rcond=3.83634e-09): result may not be accurate.
  return linalg.solve(A, Xy, assume_a="pos", overwrite_a=True).T

2026-09-15 17:04:15,834:WARNING:C:\Users\Telo Ryjeng\AppData\Local\Programs\Python\Python38\lib\site-packages\sklearn\linear_model\_ridge.py:216: LinAlgWarning: Ill-conditioned matrix (rcond=4.72574e-09): result may not be accurate.
  return linalg.solve(A, Xy, assume_a="pos", overwrite_a=True).T

2026-09-15 17:04:15,836:WARNING:C:\Users\Telo Ryjeng\AppData\Local\Programs\Python\Python38\lib\site-packages\sklearn\linear_model\_ridge.py:216: LinAlgWarning: Ill-conditioned matrix (rcond=4.73746e-09): result may not be accurate.
  return linalg.solve(A, Xy, assume_a="pos", overwrite_a=True).T

2026-09-15 17:04:15,838:WARNING:C:\Users\Telo Ryjeng\AppData\Local\Programs\Python\Python38\lib\site-packages\sklearn\linear_model\_ridge.py:216: LinAlgWarning: Ill-conditioned matrix (rcond=4.82132e-09): result may not be accurate.
  return linalg.solve(A, Xy, assume_a="pos", overwrite_a=True).T

2026-09-15 17:04:15,839:WARNING:C:\Users\Telo Ryjeng\AppData\Local\Programs\Python\Python38\lib\site-packages\pycaret\internal\metrics.py:190: FitFailedWarning: Metric 'make_scorer(roc_auc_score, needs_proba=True, error_score=0.0, average=weighted, multi_class=ovr)' failed and error score 0.0 has been returned instead. If this is a custom metric, this usually means that the error is in the metric code. Full exception below:
Traceback (most recent call last):
  File "C:\Users\Telo Ryjeng\AppData\Local\Programs\Python\Python38\lib\site-packages\sklearn\metrics\_scorer.py", line 76, in _cached_call
    return cache[method]
KeyError: 'predict_proba'

During handling of the above exception, another exception occurred:

Traceback (most recent call last):
  File "C:\Users\Telo Ryjeng\AppData\Local\Programs\Python\Python38\lib\site-packages\pycaret\internal\metrics.py", line 182, in _score
    return super()._score(
  File "C:\Users\Telo Ryjeng\AppData\Local\Programs\Python\Python38\lib\site-packages\sklearn\metrics\_scorer.py", line 316, in _score
    y_pred = method_caller(clf, "predict_proba", X)
  File "C:\Users\Telo Ryjeng\AppData\Local\Programs\Python\Python38\lib\site-packages\sklearn\metrics\_scorer.py", line 78, in _cached_call
    result = getattr(estimator, method)(*args, **kwargs)
  File "C:\Users\Telo Ryjeng\AppData\Local\Programs\Python\Python38\lib\site-packages\pycaret\internal\pipeline.py", line 127, in __getattr__
    return getattr(self._final_estimator, name)
AttributeError: 'RidgeClassifier' object has no attribute 'predict_proba'

  warnings.warn(

2026-09-15 17:04:15,839:WARNING:C:\Users\Telo Ryjeng\AppData\Local\Programs\Python\Python38\lib\site-packages\pycaret\internal\metrics.py:190: FitFailedWarning: Metric 'make_scorer(roc_auc_score, needs_proba=True, error_score=0.0, average=weighted, multi_class=ovr)' failed and error score 0.0 has been returned instead. If this is a custom metric, this usually means that the error is in the metric code. Full exception below:
Traceback (most recent call last):
  File "C:\Users\Telo Ryjeng\AppData\Local\Programs\Python\Python38\lib\site-packages\sklearn\metrics\_scorer.py", line 76, in _cached_call
    return cache[method]
KeyError: 'predict_proba'

During handling of the above exception, another exception occurred:

Traceback (most recent call last):
  File "C:\Users\Telo Ryjeng\AppData\Local\Programs\Python\Python38\lib\site-packages\pycaret\internal\metrics.py", line 182, in _score
    return super()._score(
  File "C:\Users\Telo Ryjeng\AppData\Local\Programs\Python\Python38\lib\site-packages\sklearn\metrics\_scorer.py", line 316, in _score
    y_pred = method_caller(clf, "predict_proba", X)
  File "C:\Users\Telo Ryjeng\AppData\Local\Programs\Python\Python38\lib\site-packages\sklearn\metrics\_scorer.py", line 78, in _cached_call
    result = getattr(estimator, method)(*args, **kwargs)
  File "C:\Users\Telo Ryjeng\AppData\Local\Programs\Python\Python38\lib\site-packages\pycaret\internal\pipeline.py", line 127, in __getattr__
    return getattr(self._final_estimator, name)
AttributeError: 'RidgeClassifier' object has no attribute 'predict_proba'

  warnings.warn(

2026-09-15 17:04:15,839:WARNING:C:\Users\Telo Ryjeng\AppData\Local\Programs\Python\Python38\lib\site-packages\pycaret\internal\metrics.py:190: FitFailedWarning: Metric 'make_scorer(roc_auc_score, needs_proba=True, error_score=0.0, average=weighted, multi_class=ovr)' failed and error score 0.0 has been returned instead. If this is a custom metric, this usually means that the error is in the metric code. Full exception below:
Traceback (most recent call last):
  File "C:\Users\Telo Ryjeng\AppData\Local\Programs\Python\Python38\lib\site-packages\sklearn\metrics\_scorer.py", line 76, in _cached_call
    return cache[method]
KeyError: 'predict_proba'

During handling of the above exception, another exception occurred:

Traceback (most recent call last):
  File "C:\Users\Telo Ryjeng\AppData\Local\Programs\Python\Python38\lib\site-packages\pycaret\internal\metrics.py", line 182, in _score
    return super()._score(
  File "C:\Users\Telo Ryjeng\AppData\Local\Programs\Python\Python38\lib\site-packages\sklearn\metrics\_scorer.py", line 316, in _score
    y_pred = method_caller(clf, "predict_proba", X)
  File "C:\Users\Telo Ryjeng\AppData\Local\Programs\Python\Python38\lib\site-packages\sklearn\metrics\_scorer.py", line 78, in _cached_call
    result = getattr(estimator, method)(*args, **kwargs)
  File "C:\Users\Telo Ryjeng\AppData\Local\Programs\Python\Python38\lib\site-packages\pycaret\internal\pipeline.py", line 127, in __getattr__
    return getattr(self._final_estimator, name)
AttributeError: 'RidgeClassifier' object has no attribute 'predict_proba'

  warnings.warn(

2026-09-15 17:04:15,840:WARNING:C:\Users\Telo Ryjeng\AppData\Local\Programs\Python\Python38\lib\site-packages\pycaret\internal\metrics.py:190: FitFailedWarning: Metric 'make_scorer(roc_auc_score, needs_proba=True, error_score=0.0, average=weighted, multi_class=ovr)' failed and error score 0.0 has been returned instead. If this is a custom metric, this usually means that the error is in the metric code. Full exception below:
Traceback (most recent call last):
  File "C:\Users\Telo Ryjeng\AppData\Local\Programs\Python\Python38\lib\site-packages\sklearn\metrics\_scorer.py", line 76, in _cached_call
    return cache[method]
KeyError: 'predict_proba'

During handling of the above exception, another exception occurred:

Traceback (most recent call last):
  File "C:\Users\Telo Ryjeng\AppData\Local\Programs\Python\Python38\lib\site-packages\pycaret\internal\metrics.py", line 182, in _score
    return super()._score(
  File "C:\Users\Telo Ryjeng\AppData\Local\Programs\Python\Python38\lib\site-packages\sklearn\metrics\_scorer.py", line 316, in _score
    y_pred = method_caller(clf, "predict_proba", X)
  File "C:\Users\Telo Ryjeng\AppData\Local\Programs\Python\Python38\lib\site-packages\sklearn\metrics\_scorer.py", line 78, in _cached_call
    result = getattr(estimator, method)(*args, **kwargs)
  File "C:\Users\Telo Ryjeng\AppData\Local\Programs\Python\Python38\lib\site-packages\pycaret\internal\pipeline.py", line 127, in __getattr__
    return getattr(self._final_estimator, name)
AttributeError: 'RidgeClassifier' object has no attribute 'predict_proba'

  warnings.warn(

2026-09-15 17:04:15,840:WARNING:C:\Users\Telo Ryjeng\AppData\Local\Programs\Python\Python38\lib\site-packages\pycaret\internal\metrics.py:190: FitFailedWarning: Metric 'make_scorer(roc_auc_score, needs_proba=True, error_score=0.0, average=weighted, multi_class=ovr)' failed and error score 0.0 has been returned instead. If this is a custom metric, this usually means that the error is in the metric code. Full exception below:
Traceback (most recent call last):
  File "C:\Users\Telo Ryjeng\AppData\Local\Programs\Python\Python38\lib\site-packages\sklearn\metrics\_scorer.py", line 76, in _cached_call
    return cache[method]
KeyError: 'predict_proba'

During handling of the above exception, another exception occurred:

Traceback (most recent call last):
  File "C:\Users\Telo Ryjeng\AppData\Local\Programs\Python\Python38\lib\site-packages\pycaret\internal\metrics.py", line 182, in _score
    return super()._score(
  File "C:\Users\Telo Ryjeng\AppData\Local\Programs\Python\Python38\lib\site-packages\sklearn\metrics\_scorer.py", line 316, in _score
    y_pred = method_caller(clf, "predict_proba", X)
  File "C:\Users\Telo Ryjeng\AppData\Local\Programs\Python\Python38\lib\site-packages\sklearn\metrics\_scorer.py", line 78, in _cached_call
    result = getattr(estimator, method)(*args, **kwargs)
  File "C:\Users\Telo Ryjeng\AppData\Local\Programs\Python\Python38\lib\site-packages\pycaret\internal\pipeline.py", line 127, in __getattr__
    return getattr(self._final_estimator, name)
AttributeError: 'RidgeClassifier' object has no attribute 'predict_proba'

  warnings.warn(

2026-09-15 17:04:15,841:WARNING:C:\Users\Telo Ryjeng\AppData\Local\Programs\Python\Python38\lib\site-packages\sklearn\linear_model\_ridge.py:216: LinAlgWarning: Ill-conditioned matrix (rcond=4.92895e-09): result may not be accurate.
  return linalg.solve(A, Xy, assume_a="pos", overwrite_a=True).T

2026-09-15 17:04:15,841:WARNING:C:\Users\Telo Ryjeng\AppData\Local\Programs\Python\Python38\lib\site-packages\sklearn\linear_model\_ridge.py:216: LinAlgWarning: Ill-conditioned matrix (rcond=4.76907e-09): result may not be accurate.
  return linalg.solve(A, Xy, assume_a="pos", overwrite_a=True).T

2026-09-15 17:04:15,841:WARNING:C:\Users\Telo Ryjeng\AppData\Local\Programs\Python\Python38\lib\site-packages\pycaret\internal\metrics.py:190: FitFailedWarning: Metric 'make_scorer(roc_auc_score, needs_proba=True, error_score=0.0, average=weighted, multi_class=ovr)' failed and error score 0.0 has been returned instead. If this is a custom metric, this usually means that the error is in the metric code. Full exception below:
Traceback (most recent call last):
  File "C:\Users\Telo Ryjeng\AppData\Local\Programs\Python\Python38\lib\site-packages\sklearn\metrics\_scorer.py", line 76, in _cached_call
    return cache[method]
KeyError: 'predict_proba'

During handling of the above exception, another exception occurred:

Traceback (most recent call last):
  File "C:\Users\Telo Ryjeng\AppData\Local\Programs\Python\Python38\lib\site-packages\pycaret\internal\metrics.py", line 182, in _score
    return super()._score(
  File "C:\Users\Telo Ryjeng\AppData\Local\Programs\Python\Python38\lib\site-packages\sklearn\metrics\_scorer.py", line 316, in _score
    y_pred = method_caller(clf, "predict_proba", X)
  File "C:\Users\Telo Ryjeng\AppData\Local\Programs\Python\Python38\lib\site-packages\sklearn\metrics\_scorer.py", line 78, in _cached_call
    result = getattr(estimator, method)(*args, **kwargs)
  File "C:\Users\Telo Ryjeng\AppData\Local\Programs\Python\Python38\lib\site-packages\pycaret\internal\pipeline.py", line 127, in __getattr__
    return getattr(self._final_estimator, name)
AttributeError: 'RidgeClassifier' object has no attribute 'predict_proba'

  warnings.warn(

2026-09-15 17:04:15,843:WARNING:C:\Users\Telo Ryjeng\AppData\Local\Programs\Python\Python38\lib\site-packages\pycaret\internal\metrics.py:190: FitFailedWarning: Metric 'make_scorer(roc_auc_score, needs_proba=True, error_score=0.0, average=weighted, multi_class=ovr)' failed and error score 0.0 has been returned instead. If this is a custom metric, this usually means that the error is in the metric code. Full exception below:
Traceback (most recent call last):
  File "C:\Users\Telo Ryjeng\AppData\Local\Programs\Python\Python38\lib\site-packages\sklearn\metrics\_scorer.py", line 76, in _cached_call
    return cache[method]
KeyError: 'predict_proba'

During handling of the above exception, another exception occurred:

Traceback (most recent call last):
  File "C:\Users\Telo Ryjeng\AppData\Local\Programs\Python\Python38\lib\site-packages\pycaret\internal\metrics.py", line 182, in _score
    return super()._score(
  File "C:\Users\Telo Ryjeng\AppData\Local\Programs\Python\Python38\lib\site-packages\sklearn\metrics\_scorer.py", line 316, in _score
    y_pred = method_caller(clf, "predict_proba", X)
  File "C:\Users\Telo Ryjeng\AppData\Local\Programs\Python\Python38\lib\site-packages\sklearn\metrics\_scorer.py", line 78, in _cached_call
    result = getattr(estimator, method)(*args, **kwargs)
  File "C:\Users\Telo Ryjeng\AppData\Local\Programs\Python\Python38\lib\site-packages\pycaret\internal\pipeline.py", line 127, in __getattr__
    return getattr(self._final_estimator, name)
AttributeError: 'RidgeClassifier' object has no attribute 'predict_proba'

  warnings.warn(

2026-09-15 17:04:15,847:WARNING:C:\Users\Telo Ryjeng\AppData\Local\Programs\Python\Python38\lib\site-packages\pycaret\internal\metrics.py:190: FitFailedWarning: Metric 'make_scorer(roc_auc_score, needs_proba=True, error_score=0.0, average=weighted, multi_class=ovr)' failed and error score 0.0 has been returned instead. If this is a custom metric, this usually means that the error is in the metric code. Full exception below:
Traceback (most recent call last):
  File "C:\Users\Telo Ryjeng\AppData\Local\Programs\Python\Python38\lib\site-packages\sklearn\metrics\_scorer.py", line 76, in _cached_call
    return cache[method]
KeyError: 'predict_proba'

During handling of the above exception, another exception occurred:

Traceback (most recent call last):
  File "C:\Users\Telo Ryjeng\AppData\Local\Programs\Python\Python38\lib\site-packages\pycaret\internal\metrics.py", line 182, in _score
    return super()._score(
  File "C:\Users\Telo Ryjeng\AppData\Local\Programs\Python\Python38\lib\site-packages\sklearn\metrics\_scorer.py", line 316, in _score
    y_pred = method_caller(clf, "predict_proba", X)
  File "C:\Users\Telo Ryjeng\AppData\Local\Programs\Python\Python38\lib\site-packages\sklearn\metrics\_scorer.py", line 78, in _cached_call
    result = getattr(estimator, method)(*args, **kwargs)
  File "C:\Users\Telo Ryjeng\AppData\Local\Programs\Python\Python38\lib\site-packages\pycaret\internal\pipeline.py", line 127, in __getattr__
    return getattr(self._final_estimator, name)
AttributeError: 'RidgeClassifier' object has no attribute 'predict_proba'

  warnings.warn(

2026-09-15 17:04:15,847:WARNING:C:\Users\Telo Ryjeng\AppData\Local\Programs\Python\Python38\lib\site-packages\pycaret\internal\metrics.py:190: FitFailedWarning: Metric 'make_scorer(roc_auc_score, needs_proba=True, error_score=0.0, average=weighted, multi_class=ovr)' failed and error score 0.0 has been returned instead. If this is a custom metric, this usually means that the error is in the metric code. Full exception below:
Traceback (most recent call last):
  File "C:\Users\Telo Ryjeng\AppData\Local\Programs\Python\Python38\lib\site-packages\sklearn\metrics\_scorer.py", line 76, in _cached_call
    return cache[method]
KeyError: 'predict_proba'

During handling of the above exception, another exception occurred:

Traceback (most recent call last):
  File "C:\Users\Telo Ryjeng\AppData\Local\Programs\Python\Python38\lib\site-packages\pycaret\internal\metrics.py", line 182, in _score
    return super()._score(
  File "C:\Users\Telo Ryjeng\AppData\Local\Programs\Python\Python38\lib\site-packages\sklearn\metrics\_scorer.py", line 316, in _score
    y_pred = method_caller(clf, "predict_proba", X)
  File "C:\Users\Telo Ryjeng\AppData\Local\Programs\Python\Python38\lib\site-packages\sklearn\metrics\_scorer.py", line 78, in _cached_call
    result = getattr(estimator, method)(*args, **kwargs)
  File "C:\Users\Telo Ryjeng\AppData\Local\Programs\Python\Python38\lib\site-packages\pycaret\internal\pipeline.py", line 127, in __getattr__
    return getattr(self._final_estimator, name)
AttributeError: 'RidgeClassifier' object has no attribute 'predict_proba'

  warnings.warn(

2026-09-15 17:04:15,849:WARNING:C:\Users\Telo Ryjeng\AppData\Local\Programs\Python\Python38\lib\site-packages\pycaret\internal\metrics.py:190: FitFailedWarning: Metric 'make_scorer(roc_auc_score, needs_proba=True, error_score=0.0, average=weighted, multi_class=ovr)' failed and error score 0.0 has been returned instead. If this is a custom metric, this usually means that the error is in the metric code. Full exception below:
Traceback (most recent call last):
  File "C:\Users\Telo Ryjeng\AppData\Local\Programs\Python\Python38\lib\site-packages\sklearn\metrics\_scorer.py", line 76, in _cached_call
    return cache[method]
KeyError: 'predict_proba'

During handling of the above exception, another exception occurred:

Traceback (most recent call last):
  File "C:\Users\Telo Ryjeng\AppData\Local\Programs\Python\Python38\lib\site-packages\pycaret\internal\metrics.py", line 182, in _score
    return super()._score(
  File "C:\Users\Telo Ryjeng\AppData\Local\Programs\Python\Python38\lib\site-packages\sklearn\metrics\_scorer.py", line 316, in _score
    y_pred = method_caller(clf, "predict_proba", X)
  File "C:\Users\Telo Ryjeng\AppData\Local\Programs\Python\Python38\lib\site-packages\sklearn\metrics\_scorer.py", line 78, in _cached_call
    result = getattr(estimator, method)(*args, **kwargs)
  File "C:\Users\Telo Ryjeng\AppData\Local\Programs\Python\Python38\lib\site-packages\pycaret\internal\pipeline.py", line 127, in __getattr__
    return getattr(self._final_estimator, name)
AttributeError: 'RidgeClassifier' object has no attribute 'predict_proba'

  warnings.warn(

2026-09-15 17:04:15,856:INFO:Calculating mean and std
2026-09-15 17:04:15,856:INFO:Creating metrics dataframe
2026-09-15 17:04:15,858:INFO:Uploading results into container
2026-09-15 17:04:15,859:INFO:Uploading model into container now
2026-09-15 17:04:15,859:INFO:_master_model_container: 6
2026-09-15 17:04:15,859:INFO:_display_container: 2
2026-09-15 17:04:15,859:INFO:RidgeClassifier(alpha=1.0, class_weight=None, copy_X=True, fit_intercept=True,
                max_iter=None, positive=False, random_state=42, solver='auto',
                tol=0.0001)
2026-09-15 17:04:15,859:INFO:create_model() successfully completed......................................
2026-09-15 17:04:15,919:INFO:SubProcess create_model() end ==================================
2026-09-15 17:04:15,919:INFO:Creating metrics dataframe
2026-09-15 17:04:15,923:INFO:Initializing Random Forest Classifier
2026-09-15 17:04:15,923:INFO:Total runtime is 0.07926133076349894 minutes
2026-09-15 17:04:15,923:INFO:SubProcess create_model() called ==================================
2026-09-15 17:04:15,923:INFO:Initializing create_model()
2026-09-15 17:04:15,923:INFO:create_model(self=<pycaret.classification.oop.ClassificationExperiment object at 0x0000022018194850>, estimator=rf, fold=StratifiedKFold(n_splits=10, random_state=None, shuffle=False), round=4, cross_validation=True, predict=True, fit_kwargs={}, groups=None, refit=False, probability_threshold=None, experiment_custom_tags=None, verbose=False, system=False, add_to_model_list=True, metrics=None, display=<pycaret.internal.display.display.CommonDisplay object at 0x0000022051834A00>, model_only=True, return_train_score=False, error_score=0.0, kwargs={})
2026-09-15 17:04:15,923:INFO:Checking exceptions
2026-09-15 17:04:15,923:INFO:Importing libraries
2026-09-15 17:04:15,923:INFO:Copying training dataset
2026-09-15 17:04:15,925:INFO:Defining folds
2026-09-15 17:04:15,925:INFO:Declaring metric variables
2026-09-15 17:04:15,925:INFO:Importing untrained model
2026-09-15 17:04:15,926:INFO:Random Forest Classifier Imported successfully
2026-09-15 17:04:15,926:INFO:Starting cross validation
2026-09-15 17:04:15,926:INFO:Cross validating with StratifiedKFold(n_splits=10, random_state=None, shuffle=False), n_jobs=-1
2026-09-15 17:04:16,351:INFO:Calculating mean and std
2026-09-15 17:04:16,351:INFO:Creating metrics dataframe
2026-09-15 17:04:16,354:INFO:Uploading results into container
2026-09-15 17:04:16,354:INFO:Uploading model into container now
2026-09-15 17:04:16,356:INFO:_master_model_container: 7
2026-09-15 17:04:16,356:INFO:_display_container: 2
2026-09-15 17:04:16,356:INFO:RandomForestClassifier(bootstrap=True, ccp_alpha=0.0, class_weight=None,
                       criterion='gini', max_depth=None, max_features='sqrt',
                       max_leaf_nodes=None, max_samples=None,
                       min_impurity_decrease=0.0, min_samples_leaf=1,
                       min_samples_split=2, min_weight_fraction_leaf=0.0,
                       n_estimators=100, n_jobs=-1, oob_score=False,
                       random_state=42, verbose=0, warm_start=False)
2026-09-15 17:04:16,356:INFO:create_model() successfully completed......................................
2026-09-15 17:04:16,411:INFO:SubProcess create_model() end ==================================
2026-09-15 17:04:16,412:INFO:Creating metrics dataframe
2026-09-15 17:04:16,414:INFO:Initializing Quadratic Discriminant Analysis
2026-09-15 17:04:16,414:INFO:Total runtime is 0.0874576727549235 minutes
2026-09-15 17:04:16,415:INFO:SubProcess create_model() called ==================================
2026-09-15 17:04:16,415:INFO:Initializing create_model()
2026-09-15 17:04:16,415:INFO:create_model(self=<pycaret.classification.oop.ClassificationExperiment object at 0x0000022018194850>, estimator=qda, fold=StratifiedKFold(n_splits=10, random_state=None, shuffle=False), round=4, cross_validation=True, predict=True, fit_kwargs={}, groups=None, refit=False, probability_threshold=None, experiment_custom_tags=None, verbose=False, system=False, add_to_model_list=True, metrics=None, display=<pycaret.internal.display.display.CommonDisplay object at 0x0000022051834A00>, model_only=True, return_train_score=False, error_score=0.0, kwargs={})
2026-09-15 17:04:16,415:INFO:Checking exceptions
2026-09-15 17:04:16,415:INFO:Importing libraries
2026-09-15 17:04:16,415:INFO:Copying training dataset
2026-09-15 17:04:16,418:INFO:Defining folds
2026-09-15 17:04:16,418:INFO:Declaring metric variables
2026-09-15 17:04:16,418:INFO:Importing untrained model
2026-09-15 17:04:16,418:INFO:Quadratic Discriminant Analysis Imported successfully
2026-09-15 17:04:16,418:INFO:Starting cross validation
2026-09-15 17:04:16,419:INFO:Cross validating with StratifiedKFold(n_splits=10, random_state=None, shuffle=False), n_jobs=-1
2026-09-15 17:04:16,470:INFO:Calculating mean and std
2026-09-15 17:04:16,471:INFO:Creating metrics dataframe
2026-09-15 17:04:16,474:INFO:Uploading results into container
2026-09-15 17:04:16,474:INFO:Uploading model into container now
2026-09-15 17:04:16,474:INFO:_master_model_container: 8
2026-09-15 17:04:16,474:INFO:_display_container: 2
2026-09-15 17:04:16,474:INFO:QuadraticDiscriminantAnalysis(priors=None, reg_param=0.0,
                              store_covariance=False, tol=0.0001)
2026-09-15 17:04:16,474:INFO:create_model() successfully completed......................................
2026-09-15 17:04:16,540:INFO:SubProcess create_model() end ==================================
2026-09-15 17:04:16,540:INFO:Creating metrics dataframe
2026-09-15 17:04:16,544:INFO:Initializing Ada Boost Classifier
2026-09-15 17:04:16,544:INFO:Total runtime is 0.08961416482925415 minutes
2026-09-15 17:04:16,544:INFO:SubProcess create_model() called ==================================
2026-09-15 17:04:16,545:INFO:Initializing create_model()
2026-09-15 17:04:16,545:INFO:create_model(self=<pycaret.classification.oop.ClassificationExperiment object at 0x0000022018194850>, estimator=ada, fold=StratifiedKFold(n_splits=10, random_state=None, shuffle=False), round=4, cross_validation=True, predict=True, fit_kwargs={}, groups=None, refit=False, probability_threshold=None, experiment_custom_tags=None, verbose=False, system=False, add_to_model_list=True, metrics=None, display=<pycaret.internal.display.display.CommonDisplay object at 0x0000022051834A00>, model_only=True, return_train_score=False, error_score=0.0, kwargs={})
2026-09-15 17:04:16,545:INFO:Checking exceptions
2026-09-15 17:04:16,545:INFO:Importing libraries
2026-09-15 17:04:16,545:INFO:Copying training dataset
2026-09-15 17:04:16,546:INFO:Defining folds
2026-09-15 17:04:16,546:INFO:Declaring metric variables
2026-09-15 17:04:16,546:INFO:Importing untrained model
2026-09-15 17:04:16,546:INFO:Ada Boost Classifier Imported successfully
2026-09-15 17:04:16,547:INFO:Starting cross validation
2026-09-15 17:04:16,547:INFO:Cross validating with StratifiedKFold(n_splits=10, random_state=None, shuffle=False), n_jobs=-1
2026-09-15 17:04:16,793:INFO:Calculating mean and std
2026-09-15 17:04:16,793:INFO:Creating metrics dataframe
2026-09-15 17:04:16,796:INFO:Uploading results into container
2026-09-15 17:04:16,796:INFO:Uploading model into container now
2026-09-15 17:04:16,796:INFO:_master_model_container: 9
2026-09-15 17:04:16,796:INFO:_display_container: 2
2026-09-15 17:04:16,796:INFO:AdaBoostClassifier(algorithm='SAMME.R', base_estimator='deprecated',
                   estimator=None, learning_rate=1.0, n_estimators=50,
                   random_state=42)
2026-09-15 17:04:16,796:INFO:create_model() successfully completed......................................
2026-09-15 17:04:16,859:INFO:SubProcess create_model() end ==================================
2026-09-15 17:04:16,859:INFO:Creating metrics dataframe
2026-09-15 17:04:16,862:INFO:Initializing Gradient Boosting Classifier
2026-09-15 17:04:16,863:INFO:Total runtime is 0.09493925174077351 minutes
2026-09-15 17:04:16,863:INFO:SubProcess create_model() called ==================================
2026-09-15 17:04:16,863:INFO:Initializing create_model()
2026-09-15 17:04:16,863:INFO:create_model(self=<pycaret.classification.oop.ClassificationExperiment object at 0x0000022018194850>, estimator=gbc, fold=StratifiedKFold(n_splits=10, random_state=None, shuffle=False), round=4, cross_validation=True, predict=True, fit_kwargs={}, groups=None, refit=False, probability_threshold=None, experiment_custom_tags=None, verbose=False, system=False, add_to_model_list=True, metrics=None, display=<pycaret.internal.display.display.CommonDisplay object at 0x0000022051834A00>, model_only=True, return_train_score=False, error_score=0.0, kwargs={})
2026-09-15 17:04:16,863:INFO:Checking exceptions
2026-09-15 17:04:16,863:INFO:Importing libraries
2026-09-15 17:04:16,863:INFO:Copying training dataset
2026-09-15 17:04:16,864:INFO:Defining folds
2026-09-15 17:04:16,864:INFO:Declaring metric variables
2026-09-15 17:04:16,866:INFO:Importing untrained model
2026-09-15 17:04:16,866:INFO:Gradient Boosting Classifier Imported successfully
2026-09-15 17:04:16,866:INFO:Starting cross validation
2026-09-15 17:04:16,866:INFO:Cross validating with StratifiedKFold(n_splits=10, random_state=None, shuffle=False), n_jobs=-1
2026-09-15 17:04:17,604:INFO:Calculating mean and std
2026-09-15 17:04:17,606:INFO:Creating metrics dataframe
2026-09-15 17:04:17,609:INFO:Uploading results into container
2026-09-15 17:04:17,609:INFO:Uploading model into container now
2026-09-15 17:04:17,610:INFO:_master_model_container: 10
2026-09-15 17:04:17,610:INFO:_display_container: 2
2026-09-15 17:04:17,611:INFO:GradientBoostingClassifier(ccp_alpha=0.0, criterion='friedman_mse', init=None,
                           learning_rate=0.1, loss='log_loss', max_depth=3,
                           max_features=None, max_leaf_nodes=None,
                           min_impurity_decrease=0.0, min_samples_leaf=1,
                           min_samples_split=2, min_weight_fraction_leaf=0.0,
                           n_estimators=100, n_iter_no_change=None,
                           random_state=42, subsample=1.0, tol=0.0001,
                           validation_fraction=0.1, verbose=0,
                           warm_start=False)
2026-09-15 17:04:17,611:INFO:create_model() successfully completed......................................
2026-09-15 17:04:17,673:INFO:SubProcess create_model() end ==================================
2026-09-15 17:04:17,673:INFO:Creating metrics dataframe
2026-09-15 17:04:17,675:INFO:Initializing Linear Discriminant Analysis
2026-09-15 17:04:17,676:INFO:Total runtime is 0.10848009586334229 minutes
2026-09-15 17:04:17,676:INFO:SubProcess create_model() called ==================================
2026-09-15 17:04:17,676:INFO:Initializing create_model()
2026-09-15 17:04:17,676:INFO:create_model(self=<pycaret.classification.oop.ClassificationExperiment object at 0x0000022018194850>, estimator=lda, fold=StratifiedKFold(n_splits=10, random_state=None, shuffle=False), round=4, cross_validation=True, predict=True, fit_kwargs={}, groups=None, refit=False, probability_threshold=None, experiment_custom_tags=None, verbose=False, system=False, add_to_model_list=True, metrics=None, display=<pycaret.internal.display.display.CommonDisplay object at 0x0000022051834A00>, model_only=True, return_train_score=False, error_score=0.0, kwargs={})
2026-09-15 17:04:17,676:INFO:Checking exceptions
2026-09-15 17:04:17,676:INFO:Importing libraries
2026-09-15 17:04:17,676:INFO:Copying training dataset
2026-09-15 17:04:17,677:INFO:Defining folds
2026-09-15 17:04:17,677:INFO:Declaring metric variables
2026-09-15 17:04:17,677:INFO:Importing untrained model
2026-09-15 17:04:17,677:INFO:Linear Discriminant Analysis Imported successfully
2026-09-15 17:04:17,677:INFO:Starting cross validation
2026-09-15 17:04:17,678:INFO:Cross validating with StratifiedKFold(n_splits=10, random_state=None, shuffle=False), n_jobs=-1
2026-09-15 17:04:17,722:INFO:Calculating mean and std
2026-09-15 17:04:17,722:INFO:Creating metrics dataframe
2026-09-15 17:04:17,724:INFO:Uploading results into container
2026-09-15 17:04:17,724:INFO:Uploading model into container now
2026-09-15 17:04:17,726:INFO:_master_model_container: 11
2026-09-15 17:04:17,726:INFO:_display_container: 2
2026-09-15 17:04:17,726:INFO:LinearDiscriminantAnalysis(covariance_estimator=None, n_components=None,
                           priors=None, shrinkage=None, solver='svd',
                           store_covariance=False, tol=0.0001)
2026-09-15 17:04:17,726:INFO:create_model() successfully completed......................................
2026-09-15 17:04:17,782:INFO:SubProcess create_model() end ==================================
2026-09-15 17:04:17,782:INFO:Creating metrics dataframe
2026-09-15 17:04:17,786:INFO:Initializing Extra Trees Classifier
2026-09-15 17:04:17,786:INFO:Total runtime is 0.11030949751536051 minutes
2026-09-15 17:04:17,786:INFO:SubProcess create_model() called ==================================
2026-09-15 17:04:17,786:INFO:Initializing create_model()
2026-09-15 17:04:17,786:INFO:create_model(self=<pycaret.classification.oop.ClassificationExperiment object at 0x0000022018194850>, estimator=et, fold=StratifiedKFold(n_splits=10, random_state=None, shuffle=False), round=4, cross_validation=True, predict=True, fit_kwargs={}, groups=None, refit=False, probability_threshold=None, experiment_custom_tags=None, verbose=False, system=False, add_to_model_list=True, metrics=None, display=<pycaret.internal.display.display.CommonDisplay object at 0x0000022051834A00>, model_only=True, return_train_score=False, error_score=0.0, kwargs={})
2026-09-15 17:04:17,786:INFO:Checking exceptions
2026-09-15 17:04:17,786:INFO:Importing libraries
2026-09-15 17:04:17,786:INFO:Copying training dataset
2026-09-15 17:04:17,787:INFO:Defining folds
2026-09-15 17:04:17,787:INFO:Declaring metric variables
2026-09-15 17:04:17,787:INFO:Importing untrained model
2026-09-15 17:04:17,788:INFO:Extra Trees Classifier Imported successfully
2026-09-15 17:04:17,788:INFO:Starting cross validation
2026-09-15 17:04:17,788:INFO:Cross validating with StratifiedKFold(n_splits=10, random_state=None, shuffle=False), n_jobs=-1
2026-09-15 17:04:18,046:INFO:Calculating mean and std
2026-09-15 17:04:18,046:INFO:Creating metrics dataframe
2026-09-15 17:04:18,048:INFO:Uploading results into container
2026-09-15 17:04:18,048:INFO:Uploading model into container now
2026-09-15 17:04:18,050:INFO:_master_model_container: 12
2026-09-15 17:04:18,050:INFO:_display_container: 2
2026-09-15 17:04:18,050:INFO:ExtraTreesClassifier(bootstrap=False, ccp_alpha=0.0, class_weight=None,
                     criterion='gini', max_depth=None, max_features='sqrt',
                     max_leaf_nodes=None, max_samples=None,
                     min_impurity_decrease=0.0, min_samples_leaf=1,
                     min_samples_split=2, min_weight_fraction_leaf=0.0,
                     n_estimators=100, n_jobs=-1, oob_score=False,
                     random_state=42, verbose=0, warm_start=False)
2026-09-15 17:04:18,050:INFO:create_model() successfully completed......................................
2026-09-15 17:04:18,107:INFO:SubProcess create_model() end ==================================
2026-09-15 17:04:18,107:INFO:Creating metrics dataframe
2026-09-15 17:04:18,111:INFO:Initializing Extreme Gradient Boosting
2026-09-15 17:04:18,111:INFO:Total runtime is 0.11572742064793905 minutes
2026-09-15 17:04:18,111:INFO:SubProcess create_model() called ==================================
2026-09-15 17:04:18,111:INFO:Initializing create_model()
2026-09-15 17:04:18,111:INFO:create_model(self=<pycaret.classification.oop.ClassificationExperiment object at 0x0000022018194850>, estimator=xgboost, fold=StratifiedKFold(n_splits=10, random_state=None, shuffle=False), round=4, cross_validation=True, predict=True, fit_kwargs={}, groups=None, refit=False, probability_threshold=None, experiment_custom_tags=None, verbose=False, system=False, add_to_model_list=True, metrics=None, display=<pycaret.internal.display.display.CommonDisplay object at 0x0000022051834A00>, model_only=True, return_train_score=False, error_score=0.0, kwargs={})
2026-09-15 17:04:18,111:INFO:Checking exceptions
2026-09-15 17:04:18,111:INFO:Importing libraries
2026-09-15 17:04:18,111:INFO:Copying training dataset
2026-09-15 17:04:18,113:INFO:Defining folds
2026-09-15 17:04:18,113:INFO:Declaring metric variables
2026-09-15 17:04:18,113:INFO:Importing untrained model
2026-09-15 17:04:18,114:INFO:Extreme Gradient Boosting Imported successfully
2026-09-15 17:04:18,114:INFO:Starting cross validation
2026-09-15 17:04:18,114:INFO:Cross validating with StratifiedKFold(n_splits=10, random_state=None, shuffle=False), n_jobs=-1
2026-09-15 17:04:18,648:INFO:Calculating mean and std
2026-09-15 17:04:18,648:INFO:Creating metrics dataframe
2026-09-15 17:04:18,651:INFO:Uploading results into container
2026-09-15 17:04:18,651:INFO:Uploading model into container now
2026-09-15 17:04:18,652:INFO:_master_model_container: 13
2026-09-15 17:04:18,652:INFO:_display_container: 2
2026-09-15 17:04:18,652:INFO:XGBClassifier(base_score=None, booster='gbtree', callbacks=None,
              colsample_bylevel=None, colsample_bynode=None,
              colsample_bytree=None, device='cpu', early_stopping_rounds=None,
              enable_categorical=False, eval_metric=None, feature_types=None,
              gamma=None, grow_policy=None, importance_type=None,
              interaction_constraints=None, learning_rate=None, max_bin=None,
              max_cat_threshold=None, max_cat_to_onehot=None,
              max_delta_step=None, max_depth=None, max_leaves=None,
              min_child_weight=None, missing=nan, monotone_constraints=None,
              multi_strategy=None, n_estimators=None, n_jobs=-1,
              num_parallel_tree=None, objective='binary:logistic', ...)
2026-09-15 17:04:18,652:INFO:create_model() successfully completed......................................
2026-09-15 17:04:18,715:INFO:SubProcess create_model() end ==================================
2026-09-15 17:04:18,715:INFO:Creating metrics dataframe
2026-09-15 17:04:18,720:INFO:Initializing Light Gradient Boosting Machine
2026-09-15 17:04:18,720:INFO:Total runtime is 0.1258836587270101 minutes
2026-09-15 17:04:18,720:INFO:SubProcess create_model() called ==================================
2026-09-15 17:04:18,721:INFO:Initializing create_model()
2026-09-15 17:04:18,721:INFO:create_model(self=<pycaret.classification.oop.ClassificationExperiment object at 0x0000022018194850>, estimator=lightgbm, fold=StratifiedKFold(n_splits=10, random_state=None, shuffle=False), round=4, cross_validation=True, predict=True, fit_kwargs={}, groups=None, refit=False, probability_threshold=None, experiment_custom_tags=None, verbose=False, system=False, add_to_model_list=True, metrics=None, display=<pycaret.internal.display.display.CommonDisplay object at 0x0000022051834A00>, model_only=True, return_train_score=False, error_score=0.0, kwargs={})
2026-09-15 17:04:18,721:INFO:Checking exceptions
2026-09-15 17:04:18,721:INFO:Importing libraries
2026-09-15 17:04:18,721:INFO:Copying training dataset
2026-09-15 17:04:18,724:INFO:Defining folds
2026-09-15 17:04:18,724:INFO:Declaring metric variables
2026-09-15 17:04:18,724:INFO:Importing untrained model
2026-09-15 17:04:18,726:INFO:Light Gradient Boosting Machine Imported successfully
2026-09-15 17:04:18,726:INFO:Starting cross validation
2026-09-15 17:04:18,727:INFO:Cross validating with StratifiedKFold(n_splits=10, random_state=None, shuffle=False), n_jobs=-1
2026-09-15 17:04:19,509:INFO:Calculating mean and std
2026-09-15 17:04:19,510:INFO:Creating metrics dataframe
2026-09-15 17:04:19,513:INFO:Uploading results into container
2026-09-15 17:04:19,514:INFO:Uploading model into container now
2026-09-15 17:04:19,514:INFO:_master_model_container: 14
2026-09-15 17:04:19,514:INFO:_display_container: 2
2026-09-15 17:04:19,514:INFO:LGBMClassifier(boosting_type='gbdt', class_weight=None, colsample_bytree=1.0,
               importance_type='split', learning_rate=0.1, max_depth=-1,
               min_child_samples=20, min_child_weight=0.001, min_split_gain=0.0,
               n_estimators=100, n_jobs=-1, num_leaves=31, objective=None,
               random_state=42, reg_alpha=0.0, reg_lambda=0.0, subsample=1.0,
               subsample_for_bin=200000, subsample_freq=0)
2026-09-15 17:04:19,514:INFO:create_model() successfully completed......................................
2026-09-15 17:04:19,584:INFO:SubProcess create_model() end ==================================
2026-09-15 17:04:19,584:INFO:Creating metrics dataframe
2026-09-15 17:04:19,589:INFO:Initializing Dummy Classifier
2026-09-15 17:04:19,589:INFO:Total runtime is 0.1403712034225464 minutes
2026-09-15 17:04:19,589:INFO:SubProcess create_model() called ==================================
2026-09-15 17:04:19,589:INFO:Initializing create_model()
2026-09-15 17:04:19,589:INFO:create_model(self=<pycaret.classification.oop.ClassificationExperiment object at 0x0000022018194850>, estimator=dummy, fold=StratifiedKFold(n_splits=10, random_state=None, shuffle=False), round=4, cross_validation=True, predict=True, fit_kwargs={}, groups=None, refit=False, probability_threshold=None, experiment_custom_tags=None, verbose=False, system=False, add_to_model_list=True, metrics=None, display=<pycaret.internal.display.display.CommonDisplay object at 0x0000022051834A00>, model_only=True, return_train_score=False, error_score=0.0, kwargs={})
2026-09-15 17:04:19,589:INFO:Checking exceptions
2026-09-15 17:04:19,590:INFO:Importing libraries
2026-09-15 17:04:19,590:INFO:Copying training dataset
2026-09-15 17:04:19,592:INFO:Defining folds
2026-09-15 17:04:19,592:INFO:Declaring metric variables
2026-09-15 17:04:19,592:INFO:Importing untrained model
2026-09-15 17:04:19,593:INFO:Dummy Classifier Imported successfully
2026-09-15 17:04:19,593:INFO:Starting cross validation
2026-09-15 17:04:19,594:INFO:Cross validating with StratifiedKFold(n_splits=10, random_state=None, shuffle=False), n_jobs=-1
2026-09-15 17:04:19,639:INFO:Calculating mean and std
2026-09-15 17:04:19,640:INFO:Creating metrics dataframe
2026-09-15 17:04:19,644:INFO:Uploading results into container
2026-09-15 17:04:19,644:INFO:Uploading model into container now
2026-09-15 17:04:19,644:INFO:_master_model_container: 15
2026-09-15 17:04:19,644:INFO:_display_container: 2
2026-09-15 17:04:19,644:INFO:DummyClassifier(constant=None, random_state=42, strategy='prior')
2026-09-15 17:04:19,644:INFO:create_model() successfully completed......................................
2026-09-15 17:04:19,709:INFO:SubProcess create_model() end ==================================
2026-09-15 17:04:19,709:INFO:Creating metrics dataframe
2026-09-15 17:04:19,714:INFO:Initializing create_model()
2026-09-15 17:04:19,714:INFO:create_model(self=<pycaret.classification.oop.ClassificationExperiment object at 0x0000022018194850>, estimator=RandomForestClassifier(bootstrap=True, ccp_alpha=0.0, class_weight=None,
                       criterion='gini', max_depth=None, max_features='sqrt',
                       max_leaf_nodes=None, max_samples=None,
                       min_impurity_decrease=0.0, min_samples_leaf=1,
                       min_samples_split=2, min_weight_fraction_leaf=0.0,
                       n_estimators=100, n_jobs=-1, oob_score=False,
                       random_state=42, verbose=0, warm_start=False), fold=StratifiedKFold(n_splits=10, random_state=None, shuffle=False), round=4, cross_validation=False, predict=False, fit_kwargs={}, groups=None, refit=True, probability_threshold=None, experiment_custom_tags=None, verbose=False, system=False, add_to_model_list=True, metrics=None, display=None, model_only=True, return_train_score=False, error_score=0.0, kwargs={})
2026-09-15 17:04:19,714:INFO:Checking exceptions
2026-09-15 17:04:19,714:INFO:Importing libraries
2026-09-15 17:04:19,714:INFO:Copying training dataset
2026-09-15 17:04:19,716:INFO:Defining folds
2026-09-15 17:04:19,716:INFO:Declaring metric variables
2026-09-15 17:04:19,716:INFO:Importing untrained model
2026-09-15 17:04:19,716:INFO:Declaring custom model
2026-09-15 17:04:19,716:INFO:Random Forest Classifier Imported successfully
2026-09-15 17:04:19,717:INFO:Cross validation set to False
2026-09-15 17:04:19,717:INFO:Fitting Model
2026-09-15 17:04:19,834:INFO:RandomForestClassifier(bootstrap=True, ccp_alpha=0.0, class_weight=None,
                       criterion='gini', max_depth=None, max_features='sqrt',
                       max_leaf_nodes=None, max_samples=None,
                       min_impurity_decrease=0.0, min_samples_leaf=1,
                       min_samples_split=2, min_weight_fraction_leaf=0.0,
                       n_estimators=100, n_jobs=-1, oob_score=False,
                       random_state=42, verbose=0, warm_start=False)
2026-09-15 17:04:19,834:INFO:create_model() successfully completed......................................
2026-09-15 17:04:19,903:INFO:_master_model_container: 15
2026-09-15 17:04:19,903:INFO:_display_container: 2
2026-09-15 17:04:19,903:INFO:RandomForestClassifier(bootstrap=True, ccp_alpha=0.0, class_weight=None,
                       criterion='gini', max_depth=None, max_features='sqrt',
                       max_leaf_nodes=None, max_samples=None,
                       min_impurity_decrease=0.0, min_samples_leaf=1,
                       min_samples_split=2, min_weight_fraction_leaf=0.0,
                       n_estimators=100, n_jobs=-1, oob_score=False,
                       random_state=42, verbose=0, warm_start=False)
2026-09-15 17:04:19,903:INFO:compare_models() successfully completed......................................
2026-09-15 17:04:49,437:WARNING:
'cuml' is a soft dependency and not included in the pycaret installation. Please run: `pip install cuml` to install.
2026-09-15 17:04:49,437:WARNING:
'cuml' is a soft dependency and not included in the pycaret installation. Please run: `pip install cuml` to install.
2026-09-15 17:04:49,437:WARNING:
'cuml' is a soft dependency and not included in the pycaret installation. Please run: `pip install cuml` to install.
2026-09-15 17:04:49,437:WARNING:
'cuml' is a soft dependency and not included in the pycaret installation. Please run: `pip install cuml` to install.
2026-09-15 17:04:50,318:INFO:PyCaret ClassificationExperiment
2026-09-15 17:04:50,318:INFO:Logging name: clf-default-name
2026-09-15 17:04:50,318:INFO:ML Usecase: MLUsecase.CLASSIFICATION
2026-09-15 17:04:50,318:INFO:version 3.2.0
2026-09-15 17:04:50,318:INFO:Initializing setup()
2026-09-15 17:04:50,318:INFO:self.USI: 651a
2026-09-15 17:04:50,318:INFO:self._variable_keys: {'y', 'data', 'fold_shuffle_param', 'logging_param', 'seed', 'memory', 'X_test', 'fold_groups_param', '_ml_usecase', 'y_test', 'exp_id', 'log_plots_param', '_available_plots', 'gpu_n_jobs_param', 'html_param', 'n_jobs_param', 'gpu_param', 'target_param', 'X_train', 'exp_name_log', 'is_multiclass', 'y_train', 'X', 'pipeline', 'idx', 'USI', 'fix_imbalance', 'fold_generator'}
2026-09-15 17:04:50,319:INFO:Checking environment
2026-09-15 17:04:50,319:INFO:python_version: 3.8.10
2026-09-15 17:04:50,319:INFO:python_build: ('tags/v3.8.10:3d8993a', 'May  3 2021 11:48:03')
2026-09-15 17:04:50,319:INFO:machine: AMD64
2026-09-15 17:04:50,329:INFO:platform: Windows-10-10.0.26200-SP0
2026-09-15 17:04:50,329:INFO:Memory: svmem(total=25463480320, available=10144534528, percent=60.2, used=15318945792, free=10144534528)
2026-09-15 17:04:50,329:INFO:Physical Core: 8
2026-09-15 17:04:50,329:INFO:Logical Core: 12
2026-09-15 17:04:50,329:INFO:Checking libraries
2026-09-15 17:04:50,329:INFO:System:
2026-09-15 17:04:50,329:INFO:    python: 3.8.10 (tags/v3.8.10:3d8993a, May  3 2021, 11:48:03) [MSC v.1928 64 bit (AMD64)]
2026-09-15 17:04:50,329:INFO:executable: C:\Users\Telo Ryjeng\AppData\Local\Programs\Python\Python38\python.exe
2026-09-15 17:04:50,329:INFO:   machine: Windows-10-10.0.26200-SP0
2026-09-15 17:04:50,329:INFO:PyCaret required dependencies:
2026-09-15 17:04:50,361:INFO:                 pip: 21.1.1
2026-09-15 17:04:50,361:INFO:          setuptools: 56.0.0
2026-09-15 17:04:50,361:INFO:             pycaret: 3.2.0
2026-09-15 17:04:50,361:INFO:             IPython: 8.12.3
2026-09-15 17:04:50,361:INFO:          ipywidgets: 8.1.9
2026-09-15 17:04:50,361:INFO:                tqdm: 4.70.1
2026-09-15 17:04:50,361:INFO:               numpy: 1.24.4
2026-09-15 17:04:50,361:INFO:              pandas: 1.5.3
2026-09-15 17:04:50,361:INFO:              jinja2: 3.1.6
2026-09-15 17:04:50,361:INFO:               scipy: 1.10.1
2026-09-15 17:04:50,361:INFO:              joblib: 1.2.0
2026-09-15 17:04:50,361:INFO:             sklearn: 1.2.2
2026-09-15 17:04:50,361:INFO:                pyod: 2.1.0
2026-09-15 17:04:50,361:INFO:            imblearn: 0.12.4
2026-09-15 17:04:50,361:INFO:   category_encoders: 2.6.4
2026-09-15 17:04:50,361:INFO:            lightgbm: 4.6.0
2026-09-15 17:04:50,361:INFO:               numba: 0.58.1
2026-09-15 17:04:50,361:INFO:            requests: 2.32.4
2026-09-15 17:04:50,361:INFO:          matplotlib: 3.6.0
2026-09-15 17:04:50,361:INFO:          scikitplot: 0.3.7
2026-09-15 17:04:50,361:INFO:         yellowbrick: 1.5
2026-09-15 17:04:50,361:INFO:              plotly: 6.9.0
2026-09-15 17:04:50,361:INFO:    plotly-resampler: Not installed
2026-09-15 17:04:50,361:INFO:             kaleido: 1.4.0
2026-09-15 17:04:50,361:INFO:           schemdraw: 0.15
2026-09-15 17:04:50,361:INFO:         statsmodels: 0.14.1
2026-09-15 17:04:50,361:INFO:              sktime: 0.21.1
2026-09-15 17:04:50,361:INFO:               tbats: 1.1.3
2026-09-15 17:04:50,361:INFO:            pmdarima: 2.0.4
2026-09-15 17:04:50,361:INFO:              psutil: 7.2.2
2026-09-15 17:04:50,361:INFO:          markupsafe: 2.1.5
2026-09-15 17:04:50,361:INFO:             pickle5: Not installed
2026-09-15 17:04:50,361:INFO:         cloudpickle: 3.1.2
2026-09-15 17:04:50,361:INFO:         deprecation: 2.1.0
2026-09-15 17:04:50,361:INFO:              xxhash: 3.8.1
2026-09-15 17:04:50,361:INFO:           wurlitzer: Not installed
2026-09-15 17:04:50,361:INFO:PyCaret optional dependencies:
2026-09-15 17:04:50,382:INFO:                shap: Not installed
2026-09-15 17:04:50,383:INFO:           interpret: Not installed
2026-09-15 17:04:50,383:INFO:                umap: Not installed
2026-09-15 17:04:50,383:INFO:     ydata_profiling: Not installed
2026-09-15 17:04:50,383:INFO:  explainerdashboard: Not installed
2026-09-15 17:04:50,383:INFO:             autoviz: Not installed
2026-09-15 17:04:50,383:INFO:           fairlearn: Not installed
2026-09-15 17:04:50,383:INFO:          deepchecks: Not installed
2026-09-15 17:04:50,383:INFO:             xgboost: 2.1.4
2026-09-15 17:04:50,383:INFO:            catboost: Not installed
2026-09-15 17:04:50,383:INFO:              kmodes: Not installed
2026-09-15 17:04:50,383:INFO:             mlxtend: Not installed
2026-09-15 17:04:50,383:INFO:       statsforecast: Not installed
2026-09-15 17:04:50,383:INFO:        tune_sklearn: Not installed
2026-09-15 17:04:50,383:INFO:                 ray: Not installed
2026-09-15 17:04:50,383:INFO:            hyperopt: Not installed
2026-09-15 17:04:50,383:INFO:              optuna: Not installed
2026-09-15 17:04:50,383:INFO:               skopt: Not installed
2026-09-15 17:04:50,383:INFO:              mlflow: 2.17.2
2026-09-15 17:04:50,383:INFO:              gradio: Not installed
2026-09-15 17:04:50,383:INFO:             fastapi: Not installed
2026-09-15 17:04:50,383:INFO:             uvicorn: Not installed
2026-09-15 17:04:50,383:INFO:              m2cgen: Not installed
2026-09-15 17:04:50,383:INFO:           evidently: Not installed
2026-09-15 17:04:50,383:INFO:               fugue: Not installed
2026-09-15 17:04:50,383:INFO:           streamlit: Not installed
2026-09-15 17:04:50,383:INFO:             prophet: Not installed
2026-09-15 17:04:50,383:INFO:None
2026-09-15 17:04:50,383:INFO:Set up data.
2026-09-15 17:04:50,388:INFO:Set up folding strategy.
2026-09-15 17:04:50,389:INFO:Set up train/test split.
2026-09-15 17:04:50,391:INFO:Set up index.
2026-09-15 17:04:50,391:INFO:Assigning column types.
2026-09-15 17:04:50,392:INFO:Engine successfully changes for model 'lr' to 'sklearn'.
2026-09-15 17:04:50,418:INFO:Engine for model 'knn' has not been set explicitly, hence returning None.
2026-09-15 17:04:50,419:INFO:Engine for model 'rbfsvm' has not been set explicitly, hence returning None.
2026-09-15 17:04:50,436:INFO:Soft dependency imported: xgboost: 2.1.4
2026-09-15 17:04:50,438:WARNING:
'catboost' is a soft dependency and not included in the pycaret installation. Please run: `pip install catboost` to install.
Alternately, you can install this by running `pip install pycaret[models]`
2026-09-15 17:04:50,463:INFO:Engine for model 'knn' has not been set explicitly, hence returning None.
2026-09-15 17:04:50,464:INFO:Engine for model 'rbfsvm' has not been set explicitly, hence returning None.
2026-09-15 17:04:50,479:INFO:Soft dependency imported: xgboost: 2.1.4
2026-09-15 17:04:50,482:WARNING:
'catboost' is a soft dependency and not included in the pycaret installation. Please run: `pip install catboost` to install.
Alternately, you can install this by running `pip install pycaret[models]`
2026-09-15 17:04:50,482:INFO:Engine successfully changes for model 'knn' to 'sklearn'.
2026-09-15 17:04:50,509:INFO:Engine for model 'rbfsvm' has not been set explicitly, hence returning None.
2026-09-15 17:04:50,525:INFO:Soft dependency imported: xgboost: 2.1.4
2026-09-15 17:04:50,526:WARNING:
'catboost' is a soft dependency and not included in the pycaret installation. Please run: `pip install catboost` to install.
Alternately, you can install this by running `pip install pycaret[models]`
2026-09-15 17:04:50,551:INFO:Engine for model 'rbfsvm' has not been set explicitly, hence returning None.
2026-09-15 17:04:50,568:INFO:Soft dependency imported: xgboost: 2.1.4
2026-09-15 17:04:50,569:WARNING:
'catboost' is a soft dependency and not included in the pycaret installation. Please run: `pip install catboost` to install.
Alternately, you can install this by running `pip install pycaret[models]`
2026-09-15 17:04:50,569:INFO:Engine successfully changes for model 'rbfsvm' to 'sklearn'.
2026-09-15 17:04:50,611:INFO:Soft dependency imported: xgboost: 2.1.4
2026-09-15 17:04:50,613:WARNING:
'catboost' is a soft dependency and not included in the pycaret installation. Please run: `pip install catboost` to install.
Alternately, you can install this by running `pip install pycaret[models]`
2026-09-15 17:04:50,653:INFO:Soft dependency imported: xgboost: 2.1.4
2026-09-15 17:04:50,654:WARNING:
'catboost' is a soft dependency and not included in the pycaret installation. Please run: `pip install catboost` to install.
Alternately, you can install this by running `pip install pycaret[models]`
2026-09-15 17:04:50,656:INFO:Preparing preprocessing pipeline...
2026-09-15 17:04:50,657:INFO:Set up simple imputation.
2026-09-15 17:04:50,657:INFO:Set up column name cleaning.
2026-09-15 17:04:50,672:INFO:Finished creating preprocessing pipeline.
2026-09-15 17:04:50,674:INFO:Pipeline: Pipeline(memory=FastMemory(location=C:\Users\TELORY~1\AppData\Local\Temp\joblib),
         steps=[('numerical_imputer',
                 TransformerWrapper(exclude=None,
                                    include=['mean radius', 'mean texture',
                                             'mean perimeter', 'mean area',
                                             'mean smoothness',
                                             'mean compactness',
                                             'mean concavity',
                                             'mean concave points',
                                             'mean symmetry',
                                             'mean fractal dimension',
                                             'radius error', 'texture error',
                                             'perimet...
                 TransformerWrapper(exclude=None, include=[],
                                    transformer=SimpleImputer(add_indicator=False,
                                                              copy=True,
                                                              fill_value=None,
                                                              keep_empty_features=False,
                                                              missing_values=nan,
                                                              strategy='most_frequent',
                                                              verbose='deprecated'))),
                ('clean_column_names',
                 TransformerWrapper(exclude=None, include=None,
                                    transformer=CleanColumnNames(match='[\\]\\[\\,\\{\\}\\"\\:]+')))],
         verbose=False)
2026-09-15 17:04:50,674:INFO:Creating final display dataframe.
2026-09-15 17:04:50,720:INFO:Setup _display_container:                     Description             Value
0                    Session id                42
1                        Target            target
2                   Target type            Binary
3           Original data shape         (569, 31)
4        Transformed data shape         (569, 31)
5   Transformed train set shape         (398, 31)
6    Transformed test set shape         (171, 31)
7              Numeric features                30
8                    Preprocess              True
9               Imputation type            simple
10           Numeric imputation              mean
11       Categorical imputation              mode
12               Fold Generator   StratifiedKFold
13                  Fold Number                10
14                     CPU Jobs                -1
15                      Use GPU             False
16               Log Experiment             False
17              Experiment Name  clf-default-name
18                          USI              651a
2026-09-15 17:04:50,767:INFO:Soft dependency imported: xgboost: 2.1.4
2026-09-15 17:04:50,769:WARNING:
'catboost' is a soft dependency and not included in the pycaret installation. Please run: `pip install catboost` to install.
Alternately, you can install this by running `pip install pycaret[models]`
2026-09-15 17:04:50,811:INFO:Soft dependency imported: xgboost: 2.1.4
2026-09-15 17:04:50,812:WARNING:
'catboost' is a soft dependency and not included in the pycaret installation. Please run: `pip install catboost` to install.
Alternately, you can install this by running `pip install pycaret[models]`
2026-09-15 17:04:50,813:INFO:setup() successfully completed in 0.5s...............
2026-09-15 17:04:50,813:INFO:Initializing compare_models()
2026-09-15 17:04:50,813:INFO:compare_models(self=<pycaret.classification.oop.ClassificationExperiment object at 0x000001DF44AA4850>, include=None, fold=None, round=4, cross_validation=True, sort=Accuracy, n_select=1, budget_time=None, turbo=True, errors=ignore, fit_kwargs=None, groups=None, experiment_custom_tags=None, probability_threshold=None, verbose=True, parallel=None, caller_params={'self': <pycaret.classification.oop.ClassificationExperiment object at 0x000001DF44AA4850>, 'include': None, 'exclude': None, 'fold': None, 'round': 4, 'cross_validation': True, 'sort': 'Accuracy', 'n_select': 1, 'budget_time': None, 'turbo': True, 'errors': 'ignore', 'fit_kwargs': None, 'groups': None, 'experiment_custom_tags': None, 'probability_threshold': None, 'engine': None, 'verbose': True, 'parallel': None, '__class__': <class 'pycaret.classification.oop.ClassificationExperiment'>}, exclude=None)
2026-09-15 17:04:50,813:INFO:Checking exceptions
2026-09-15 17:04:50,814:INFO:Preparing display monitor
2026-09-15 17:04:50,818:INFO:Initializing Logistic Regression
2026-09-15 17:04:50,818:INFO:Total runtime is 0.0 minutes
2026-09-15 17:04:50,818:INFO:SubProcess create_model() called ==================================
2026-09-15 17:04:50,818:INFO:Initializing create_model()
2026-09-15 17:04:50,818:INFO:create_model(self=<pycaret.classification.oop.ClassificationExperiment object at 0x000001DF44AA4850>, estimator=lr, fold=StratifiedKFold(n_splits=10, random_state=None, shuffle=False), round=4, cross_validation=True, predict=True, fit_kwargs={}, groups=None, refit=False, probability_threshold=None, experiment_custom_tags=None, verbose=False, system=False, add_to_model_list=True, metrics=None, display=<pycaret.internal.display.display.CommonDisplay object at 0x000001DF7E604A00>, model_only=True, return_train_score=False, error_score=0.0, kwargs={})
2026-09-15 17:04:50,818:INFO:Checking exceptions
2026-09-15 17:04:50,819:INFO:Importing libraries
2026-09-15 17:04:50,819:INFO:Copying training dataset
2026-09-15 17:04:50,821:INFO:Defining folds
2026-09-15 17:04:50,822:INFO:Declaring metric variables
2026-09-15 17:04:50,822:INFO:Importing untrained model
2026-09-15 17:04:50,822:INFO:Logistic Regression Imported successfully
2026-09-15 17:04:50,822:INFO:Starting cross validation
2026-09-15 17:04:50,823:INFO:Cross validating with StratifiedKFold(n_splits=10, random_state=None, shuffle=False), n_jobs=-1
2026-09-15 17:04:53,452:WARNING:C:\Users\Telo Ryjeng\AppData\Local\Programs\Python\Python38\lib\site-packages\sklearn\linear_model\_logistic.py:458: ConvergenceWarning: lbfgs failed to converge (status=1):
STOP: TOTAL NO. of ITERATIONS REACHED LIMIT.

Increase the number of iterations (max_iter) or scale the data as shown in:
    https://scikit-learn.org/stable/modules/preprocessing.html
Please also refer to the documentation for alternative solver options:
    https://scikit-learn.org/stable/modules/linear_model.html#logistic-regression
  n_iter_i = _check_optimize_result(

2026-09-15 17:04:53,477:WARNING:C:\Users\Telo Ryjeng\AppData\Local\Programs\Python\Python38\lib\site-packages\sklearn\linear_model\_logistic.py:458: ConvergenceWarning: lbfgs failed to converge (status=1):
STOP: TOTAL NO. of ITERATIONS REACHED LIMIT.

Increase the number of iterations (max_iter) or scale the data as shown in:
    https://scikit-learn.org/stable/modules/preprocessing.html
Please also refer to the documentation for alternative solver options:
    https://scikit-learn.org/stable/modules/linear_model.html#logistic-regression
  n_iter_i = _check_optimize_result(

2026-09-15 17:04:53,478:WARNING:C:\Users\Telo Ryjeng\AppData\Local\Programs\Python\Python38\lib\site-packages\sklearn\linear_model\_logistic.py:458: ConvergenceWarning: lbfgs failed to converge (status=1):
STOP: TOTAL NO. of ITERATIONS REACHED LIMIT.

Increase the number of iterations (max_iter) or scale the data as shown in:
    https://scikit-learn.org/stable/modules/preprocessing.html
Please also refer to the documentation for alternative solver options:
    https://scikit-learn.org/stable/modules/linear_model.html#logistic-regression
  n_iter_i = _check_optimize_result(

2026-09-15 17:04:53,483:WARNING:C:\Users\Telo Ryjeng\AppData\Local\Programs\Python\Python38\lib\site-packages\sklearn\linear_model\_logistic.py:458: ConvergenceWarning: lbfgs failed to converge (status=1):
STOP: TOTAL NO. of ITERATIONS REACHED LIMIT.

Increase the number of iterations (max_iter) or scale the data as shown in:
    https://scikit-learn.org/stable/modules/preprocessing.html
Please also refer to the documentation for alternative solver options:
    https://scikit-learn.org/stable/modules/linear_model.html#logistic-regression
  n_iter_i = _check_optimize_result(

2026-09-15 17:04:53,490:WARNING:C:\Users\Telo Ryjeng\AppData\Local\Programs\Python\Python38\lib\site-packages\sklearn\linear_model\_logistic.py:458: ConvergenceWarning: lbfgs failed to converge (status=1):
STOP: TOTAL NO. of ITERATIONS REACHED LIMIT.

Increase the number of iterations (max_iter) or scale the data as shown in:
    https://scikit-learn.org/stable/modules/preprocessing.html
Please also refer to the documentation for alternative solver options:
    https://scikit-learn.org/stable/modules/linear_model.html#logistic-regression
  n_iter_i = _check_optimize_result(

2026-09-15 17:04:53,492:WARNING:C:\Users\Telo Ryjeng\AppData\Local\Programs\Python\Python38\lib\site-packages\sklearn\linear_model\_logistic.py:458: ConvergenceWarning: lbfgs failed to converge (status=1):
STOP: TOTAL NO. of ITERATIONS REACHED LIMIT.

Increase the number of iterations (max_iter) or scale the data as shown in:
    https://scikit-learn.org/stable/modules/preprocessing.html
Please also refer to the documentation for alternative solver options:
    https://scikit-learn.org/stable/modules/linear_model.html#logistic-regression
  n_iter_i = _check_optimize_result(

2026-09-15 17:04:53,499:WARNING:C:\Users\Telo Ryjeng\AppData\Local\Programs\Python\Python38\lib\site-packages\sklearn\linear_model\_logistic.py:458: ConvergenceWarning: lbfgs failed to converge (status=1):
STOP: TOTAL NO. of ITERATIONS REACHED LIMIT.

Increase the number of iterations (max_iter) or scale the data as shown in:
    https://scikit-learn.org/stable/modules/preprocessing.html
Please also refer to the documentation for alternative solver options:
    https://scikit-learn.org/stable/modules/linear_model.html#logistic-regression
  n_iter_i = _check_optimize_result(

2026-09-15 17:04:53,509:WARNING:C:\Users\Telo Ryjeng\AppData\Local\Programs\Python\Python38\lib\site-packages\sklearn\linear_model\_logistic.py:458: ConvergenceWarning: lbfgs failed to converge (status=1):
STOP: TOTAL NO. of ITERATIONS REACHED LIMIT.

Increase the number of iterations (max_iter) or scale the data as shown in:
    https://scikit-learn.org/stable/modules/preprocessing.html
Please also refer to the documentation for alternative solver options:
    https://scikit-learn.org/stable/modules/linear_model.html#logistic-regression
  n_iter_i = _check_optimize_result(

2026-09-15 17:04:53,516:WARNING:C:\Users\Telo Ryjeng\AppData\Local\Programs\Python\Python38\lib\site-packages\sklearn\linear_model\_logistic.py:458: ConvergenceWarning: lbfgs failed to converge (status=1):
STOP: TOTAL NO. of ITERATIONS REACHED LIMIT.

Increase the number of iterations (max_iter) or scale the data as shown in:
    https://scikit-learn.org/stable/modules/preprocessing.html
Please also refer to the documentation for alternative solver options:
    https://scikit-learn.org/stable/modules/linear_model.html#logistic-regression
  n_iter_i = _check_optimize_result(

2026-09-15 17:04:53,539:INFO:Calculating mean and std
2026-09-15 17:04:53,541:INFO:Creating metrics dataframe
2026-09-15 17:04:53,546:INFO:Uploading results into container
2026-09-15 17:04:53,546:INFO:Uploading model into container now
2026-09-15 17:04:53,547:INFO:_master_model_container: 1
2026-09-15 17:04:53,547:INFO:_display_container: 2
2026-09-15 17:04:53,548:INFO:LogisticRegression(C=1.0, class_weight=None, dual=False, fit_intercept=True,
                   intercept_scaling=1, l1_ratio=None, max_iter=1000,
                   multi_class='auto', n_jobs=None, penalty='l2',
                   random_state=42, solver='lbfgs', tol=0.0001, verbose=0,
                   warm_start=False)
2026-09-15 17:04:53,548:INFO:create_model() successfully completed......................................
2026-09-15 17:04:53,630:INFO:SubProcess create_model() end ==================================
2026-09-15 17:04:53,630:INFO:Creating metrics dataframe
2026-09-15 17:04:53,633:INFO:Initializing K Neighbors Classifier
2026-09-15 17:04:53,633:INFO:Total runtime is 0.04691754579544068 minutes
2026-09-15 17:04:53,633:INFO:SubProcess create_model() called ==================================
2026-09-15 17:04:53,633:INFO:Initializing create_model()
2026-09-15 17:04:53,633:INFO:create_model(self=<pycaret.classification.oop.ClassificationExperiment object at 0x000001DF44AA4850>, estimator=knn, fold=StratifiedKFold(n_splits=10, random_state=None, shuffle=False), round=4, cross_validation=True, predict=True, fit_kwargs={}, groups=None, refit=False, probability_threshold=None, experiment_custom_tags=None, verbose=False, system=False, add_to_model_list=True, metrics=None, display=<pycaret.internal.display.display.CommonDisplay object at 0x000001DF7E604A00>, model_only=True, return_train_score=False, error_score=0.0, kwargs={})
2026-09-15 17:04:53,633:INFO:Checking exceptions
2026-09-15 17:04:53,633:INFO:Importing libraries
2026-09-15 17:04:53,633:INFO:Copying training dataset
2026-09-15 17:04:53,634:INFO:Defining folds
2026-09-15 17:04:53,634:INFO:Declaring metric variables
2026-09-15 17:04:53,636:INFO:Importing untrained model
2026-09-15 17:04:53,636:INFO:K Neighbors Classifier Imported successfully
2026-09-15 17:04:53,636:INFO:Starting cross validation
2026-09-15 17:04:53,636:INFO:Cross validating with StratifiedKFold(n_splits=10, random_state=None, shuffle=False), n_jobs=-1
2026-09-15 17:04:54,864:INFO:Calculating mean and std
2026-09-15 17:04:54,865:INFO:Creating metrics dataframe
2026-09-15 17:04:54,868:INFO:Uploading results into container
2026-09-15 17:04:54,868:INFO:Uploading model into container now
2026-09-15 17:04:54,869:INFO:_master_model_container: 2
2026-09-15 17:04:54,869:INFO:_display_container: 2
2026-09-15 17:04:54,869:INFO:KNeighborsClassifier(algorithm='auto', leaf_size=30, metric='minkowski',
                     metric_params=None, n_jobs=-1, n_neighbors=5, p=2,
                     weights='uniform')
2026-09-15 17:04:54,869:INFO:create_model() successfully completed......................................
2026-09-15 17:04:54,929:INFO:SubProcess create_model() end ==================================
2026-09-15 17:04:54,929:INFO:Creating metrics dataframe
2026-09-15 17:04:54,933:INFO:Initializing Naive Bayes
2026-09-15 17:04:54,933:INFO:Total runtime is 0.0685702403386434 minutes
2026-09-15 17:04:54,933:INFO:SubProcess create_model() called ==================================
2026-09-15 17:04:54,933:INFO:Initializing create_model()
2026-09-15 17:04:54,933:INFO:create_model(self=<pycaret.classification.oop.ClassificationExperiment object at 0x000001DF44AA4850>, estimator=nb, fold=StratifiedKFold(n_splits=10, random_state=None, shuffle=False), round=4, cross_validation=True, predict=True, fit_kwargs={}, groups=None, refit=False, probability_threshold=None, experiment_custom_tags=None, verbose=False, system=False, add_to_model_list=True, metrics=None, display=<pycaret.internal.display.display.CommonDisplay object at 0x000001DF7E604A00>, model_only=True, return_train_score=False, error_score=0.0, kwargs={})
2026-09-15 17:04:54,933:INFO:Checking exceptions
2026-09-15 17:04:54,933:INFO:Importing libraries
2026-09-15 17:04:54,934:INFO:Copying training dataset
2026-09-15 17:04:54,935:INFO:Defining folds
2026-09-15 17:04:54,935:INFO:Declaring metric variables
2026-09-15 17:04:54,935:INFO:Importing untrained model
2026-09-15 17:04:54,935:INFO:Naive Bayes Imported successfully
2026-09-15 17:04:54,936:INFO:Starting cross validation
2026-09-15 17:04:54,936:INFO:Cross validating with StratifiedKFold(n_splits=10, random_state=None, shuffle=False), n_jobs=-1
2026-09-15 17:04:54,980:INFO:Calculating mean and std
2026-09-15 17:04:54,982:INFO:Creating metrics dataframe
2026-09-15 17:04:54,984:INFO:Uploading results into container
2026-09-15 17:04:54,984:INFO:Uploading model into container now
2026-09-15 17:04:54,985:INFO:_master_model_container: 3
2026-09-15 17:04:54,985:INFO:_display_container: 2
2026-09-15 17:04:54,985:INFO:GaussianNB(priors=None, var_smoothing=1e-09)
2026-09-15 17:04:54,985:INFO:create_model() successfully completed......................................
2026-09-15 17:04:55,040:INFO:SubProcess create_model() end ==================================
2026-09-15 17:04:55,040:INFO:Creating metrics dataframe
2026-09-15 17:04:55,043:INFO:Initializing Decision Tree Classifier
2026-09-15 17:04:55,043:INFO:Total runtime is 0.07041140794754029 minutes
2026-09-15 17:04:55,043:INFO:SubProcess create_model() called ==================================
2026-09-15 17:04:55,043:INFO:Initializing create_model()
2026-09-15 17:04:55,043:INFO:create_model(self=<pycaret.classification.oop.ClassificationExperiment object at 0x000001DF44AA4850>, estimator=dt, fold=StratifiedKFold(n_splits=10, random_state=None, shuffle=False), round=4, cross_validation=True, predict=True, fit_kwargs={}, groups=None, refit=False, probability_threshold=None, experiment_custom_tags=None, verbose=False, system=False, add_to_model_list=True, metrics=None, display=<pycaret.internal.display.display.CommonDisplay object at 0x000001DF7E604A00>, model_only=True, return_train_score=False, error_score=0.0, kwargs={})
2026-09-15 17:04:55,044:INFO:Checking exceptions
2026-09-15 17:04:55,044:INFO:Importing libraries
2026-09-15 17:04:55,044:INFO:Copying training dataset
2026-09-15 17:04:55,045:INFO:Defining folds
2026-09-15 17:04:55,045:INFO:Declaring metric variables
2026-09-15 17:04:55,045:INFO:Importing untrained model
2026-09-15 17:04:55,046:INFO:Decision Tree Classifier Imported successfully
2026-09-15 17:04:55,046:INFO:Starting cross validation
2026-09-15 17:04:55,046:INFO:Cross validating with StratifiedKFold(n_splits=10, random_state=None, shuffle=False), n_jobs=-1
2026-09-15 17:04:55,092:INFO:Calculating mean and std
2026-09-15 17:04:55,093:INFO:Creating metrics dataframe
2026-09-15 17:04:55,094:INFO:Uploading results into container
2026-09-15 17:04:55,096:INFO:Uploading model into container now
2026-09-15 17:04:55,096:INFO:_master_model_container: 4
2026-09-15 17:04:55,096:INFO:_display_container: 2
2026-09-15 17:04:55,096:INFO:DecisionTreeClassifier(ccp_alpha=0.0, class_weight=None, criterion='gini',
                       max_depth=None, max_features=None, max_leaf_nodes=None,
                       min_impurity_decrease=0.0, min_samples_leaf=1,
                       min_samples_split=2, min_weight_fraction_leaf=0.0,
                       random_state=42, splitter='best')
2026-09-15 17:04:55,096:INFO:create_model() successfully completed......................................
2026-09-15 17:04:55,151:INFO:SubProcess create_model() end ==================================
2026-09-15 17:04:55,151:INFO:Creating metrics dataframe
2026-09-15 17:04:55,154:INFO:Initializing SVM - Linear Kernel
2026-09-15 17:04:55,154:INFO:Total runtime is 0.07226147254308066 minutes
2026-09-15 17:04:55,154:INFO:SubProcess create_model() called ==================================
2026-09-15 17:04:55,154:INFO:Initializing create_model()
2026-09-15 17:04:55,154:INFO:create_model(self=<pycaret.classification.oop.ClassificationExperiment object at 0x000001DF44AA4850>, estimator=svm, fold=StratifiedKFold(n_splits=10, random_state=None, shuffle=False), round=4, cross_validation=True, predict=True, fit_kwargs={}, groups=None, refit=False, probability_threshold=None, experiment_custom_tags=None, verbose=False, system=False, add_to_model_list=True, metrics=None, display=<pycaret.internal.display.display.CommonDisplay object at 0x000001DF7E604A00>, model_only=True, return_train_score=False, error_score=0.0, kwargs={})
2026-09-15 17:04:55,154:INFO:Checking exceptions
2026-09-15 17:04:55,154:INFO:Importing libraries
2026-09-15 17:04:55,154:INFO:Copying training dataset
2026-09-15 17:04:55,156:INFO:Defining folds
2026-09-15 17:04:55,156:INFO:Declaring metric variables
2026-09-15 17:04:55,156:INFO:Importing untrained model
2026-09-15 17:04:55,156:INFO:SVM - Linear Kernel Imported successfully
2026-09-15 17:04:55,156:INFO:Starting cross validation
2026-09-15 17:04:55,156:INFO:Cross validating with StratifiedKFold(n_splits=10, random_state=None, shuffle=False), n_jobs=-1
2026-09-15 17:04:55,179:WARNING:C:\Users\Telo Ryjeng\AppData\Local\Programs\Python\Python38\lib\site-packages\pycaret\internal\metrics.py:190: FitFailedWarning: Metric 'make_scorer(roc_auc_score, needs_proba=True, error_score=0.0, average=weighted, multi_class=ovr)' failed and error score 0.0 has been returned instead. If this is a custom metric, this usually means that the error is in the metric code. Full exception below:
Traceback (most recent call last):
  File "C:\Users\Telo Ryjeng\AppData\Local\Programs\Python\Python38\lib\site-packages\sklearn\metrics\_scorer.py", line 76, in _cached_call
    return cache[method]
KeyError: 'predict_proba'

During handling of the above exception, another exception occurred:

Traceback (most recent call last):
  File "C:\Users\Telo Ryjeng\AppData\Local\Programs\Python\Python38\lib\site-packages\pycaret\internal\metrics.py", line 182, in _score
    return super()._score(
  File "C:\Users\Telo Ryjeng\AppData\Local\Programs\Python\Python38\lib\site-packages\sklearn\metrics\_scorer.py", line 316, in _score
    y_pred = method_caller(clf, "predict_proba", X)
  File "C:\Users\Telo Ryjeng\AppData\Local\Programs\Python\Python38\lib\site-packages\sklearn\metrics\_scorer.py", line 78, in _cached_call
    result = getattr(estimator, method)(*args, **kwargs)
  File "C:\Users\Telo Ryjeng\AppData\Local\Programs\Python\Python38\lib\site-packages\pycaret\internal\pipeline.py", line 127, in __getattr__
    return getattr(self._final_estimator, name)
  File "C:\Users\Telo Ryjeng\AppData\Local\Programs\Python\Python38\lib\site-packages\sklearn\utils\_available_if.py", line 32, in __get__
    if not self.check(obj):
  File "C:\Users\Telo Ryjeng\AppData\Local\Programs\Python\Python38\lib\site-packages\sklearn\linear_model\_stochastic_gradient.py", line 1235, in _check_proba
    raise AttributeError(
AttributeError: probability estimates are not available for loss='hinge'

  warnings.warn(

2026-09-15 17:04:55,179:WARNING:C:\Users\Telo Ryjeng\AppData\Local\Programs\Python\Python38\lib\site-packages\pycaret\internal\metrics.py:190: FitFailedWarning: Metric 'make_scorer(roc_auc_score, needs_proba=True, error_score=0.0, average=weighted, multi_class=ovr)' failed and error score 0.0 has been returned instead. If this is a custom metric, this usually means that the error is in the metric code. Full exception below:
Traceback (most recent call last):
  File "C:\Users\Telo Ryjeng\AppData\Local\Programs\Python\Python38\lib\site-packages\sklearn\metrics\_scorer.py", line 76, in _cached_call
    return cache[method]
KeyError: 'predict_proba'

During handling of the above exception, another exception occurred:

Traceback (most recent call last):
  File "C:\Users\Telo Ryjeng\AppData\Local\Programs\Python\Python38\lib\site-packages\pycaret\internal\metrics.py", line 182, in _score
    return super()._score(
  File "C:\Users\Telo Ryjeng\AppData\Local\Programs\Python\Python38\lib\site-packages\sklearn\metrics\_scorer.py", line 316, in _score
    y_pred = method_caller(clf, "predict_proba", X)
  File "C:\Users\Telo Ryjeng\AppData\Local\Programs\Python\Python38\lib\site-packages\sklearn\metrics\_scorer.py", line 78, in _cached_call
    result = getattr(estimator, method)(*args, **kwargs)
  File "C:\Users\Telo Ryjeng\AppData\Local\Programs\Python\Python38\lib\site-packages\pycaret\internal\pipeline.py", line 127, in __getattr__
    return getattr(self._final_estimator, name)
  File "C:\Users\Telo Ryjeng\AppData\Local\Programs\Python\Python38\lib\site-packages\sklearn\utils\_available_if.py", line 32, in __get__
    if not self.check(obj):
  File "C:\Users\Telo Ryjeng\AppData\Local\Programs\Python\Python38\lib\site-packages\sklearn\linear_model\_stochastic_gradient.py", line 1235, in _check_proba
    raise AttributeError(
AttributeError: probability estimates are not available for loss='hinge'

  warnings.warn(

2026-09-15 17:04:55,181:WARNING:C:\Users\Telo Ryjeng\AppData\Local\Programs\Python\Python38\lib\site-packages\pycaret\internal\metrics.py:190: FitFailedWarning: Metric 'make_scorer(roc_auc_score, needs_proba=True, error_score=0.0, average=weighted, multi_class=ovr)' failed and error score 0.0 has been returned instead. If this is a custom metric, this usually means that the error is in the metric code. Full exception below:
Traceback (most recent call last):
  File "C:\Users\Telo Ryjeng\AppData\Local\Programs\Python\Python38\lib\site-packages\sklearn\metrics\_scorer.py", line 76, in _cached_call
    return cache[method]
KeyError: 'predict_proba'

During handling of the above exception, another exception occurred:

Traceback (most recent call last):
  File "C:\Users\Telo Ryjeng\AppData\Local\Programs\Python\Python38\lib\site-packages\pycaret\internal\metrics.py", line 182, in _score
    return super()._score(
  File "C:\Users\Telo Ryjeng\AppData\Local\Programs\Python\Python38\lib\site-packages\sklearn\metrics\_scorer.py", line 316, in _score
    y_pred = method_caller(clf, "predict_proba", X)
  File "C:\Users\Telo Ryjeng\AppData\Local\Programs\Python\Python38\lib\site-packages\sklearn\metrics\_scorer.py", line 78, in _cached_call
    result = getattr(estimator, method)(*args, **kwargs)
  File "C:\Users\Telo Ryjeng\AppData\Local\Programs\Python\Python38\lib\site-packages\pycaret\internal\pipeline.py", line 127, in __getattr__
    return getattr(self._final_estimator, name)
  File "C:\Users\Telo Ryjeng\AppData\Local\Programs\Python\Python38\lib\site-packages\sklearn\utils\_available_if.py", line 32, in __get__
    if not self.check(obj):
  File "C:\Users\Telo Ryjeng\AppData\Local\Programs\Python\Python38\lib\site-packages\sklearn\linear_model\_stochastic_gradient.py", line 1235, in _check_proba
    raise AttributeError(
AttributeError: probability estimates are not available for loss='hinge'

  warnings.warn(

2026-09-15 17:04:55,183:WARNING:C:\Users\Telo Ryjeng\AppData\Local\Programs\Python\Python38\lib\site-packages\pycaret\internal\metrics.py:190: FitFailedWarning: Metric 'make_scorer(roc_auc_score, needs_proba=True, error_score=0.0, average=weighted, multi_class=ovr)' failed and error score 0.0 has been returned instead. If this is a custom metric, this usually means that the error is in the metric code. Full exception below:
Traceback (most recent call last):
  File "C:\Users\Telo Ryjeng\AppData\Local\Programs\Python\Python38\lib\site-packages\sklearn\metrics\_scorer.py", line 76, in _cached_call
    return cache[method]
KeyError: 'predict_proba'

During handling of the above exception, another exception occurred:

Traceback (most recent call last):
  File "C:\Users\Telo Ryjeng\AppData\Local\Programs\Python\Python38\lib\site-packages\pycaret\internal\metrics.py", line 182, in _score
    return super()._score(
  File "C:\Users\Telo Ryjeng\AppData\Local\Programs\Python\Python38\lib\site-packages\sklearn\metrics\_scorer.py", line 316, in _score
    y_pred = method_caller(clf, "predict_proba", X)
  File "C:\Users\Telo Ryjeng\AppData\Local\Programs\Python\Python38\lib\site-packages\sklearn\metrics\_scorer.py", line 78, in _cached_call
    result = getattr(estimator, method)(*args, **kwargs)
  File "C:\Users\Telo Ryjeng\AppData\Local\Programs\Python\Python38\lib\site-packages\pycaret\internal\pipeline.py", line 127, in __getattr__
    return getattr(self._final_estimator, name)
  File "C:\Users\Telo Ryjeng\AppData\Local\Programs\Python\Python38\lib\site-packages\sklearn\utils\_available_if.py", line 32, in __get__
    if not self.check(obj):
  File "C:\Users\Telo Ryjeng\AppData\Local\Programs\Python\Python38\lib\site-packages\sklearn\linear_model\_stochastic_gradient.py", line 1235, in _check_proba
    raise AttributeError(
AttributeError: probability estimates are not available for loss='hinge'

  warnings.warn(

2026-09-15 17:04:55,189:WARNING:C:\Users\Telo Ryjeng\AppData\Local\Programs\Python\Python38\lib\site-packages\pycaret\internal\metrics.py:190: FitFailedWarning: Metric 'make_scorer(roc_auc_score, needs_proba=True, error_score=0.0, average=weighted, multi_class=ovr)' failed and error score 0.0 has been returned instead. If this is a custom metric, this usually means that the error is in the metric code. Full exception below:
Traceback (most recent call last):
  File "C:\Users\Telo Ryjeng\AppData\Local\Programs\Python\Python38\lib\site-packages\sklearn\metrics\_scorer.py", line 76, in _cached_call
    return cache[method]
KeyError: 'predict_proba'

During handling of the above exception, another exception occurred:

Traceback (most recent call last):
  File "C:\Users\Telo Ryjeng\AppData\Local\Programs\Python\Python38\lib\site-packages\pycaret\internal\metrics.py", line 182, in _score
    return super()._score(
  File "C:\Users\Telo Ryjeng\AppData\Local\Programs\Python\Python38\lib\site-packages\sklearn\metrics\_scorer.py", line 316, in _score
    y_pred = method_caller(clf, "predict_proba", X)
  File "C:\Users\Telo Ryjeng\AppData\Local\Programs\Python\Python38\lib\site-packages\sklearn\metrics\_scorer.py", line 78, in _cached_call
    result = getattr(estimator, method)(*args, **kwargs)
  File "C:\Users\Telo Ryjeng\AppData\Local\Programs\Python\Python38\lib\site-packages\pycaret\internal\pipeline.py", line 127, in __getattr__
    return getattr(self._final_estimator, name)
  File "C:\Users\Telo Ryjeng\AppData\Local\Programs\Python\Python38\lib\site-packages\sklearn\utils\_available_if.py", line 32, in __get__
    if not self.check(obj):
  File "C:\Users\Telo Ryjeng\AppData\Local\Programs\Python\Python38\lib\site-packages\sklearn\linear_model\_stochastic_gradient.py", line 1235, in _check_proba
    raise AttributeError(
AttributeError: probability estimates are not available for loss='hinge'

  warnings.warn(

2026-09-15 17:04:55,189:WARNING:C:\Users\Telo Ryjeng\AppData\Local\Programs\Python\Python38\lib\site-packages\pycaret\internal\metrics.py:190: FitFailedWarning: Metric 'make_scorer(roc_auc_score, needs_proba=True, error_score=0.0, average=weighted, multi_class=ovr)' failed and error score 0.0 has been returned instead. If this is a custom metric, this usually means that the error is in the metric code. Full exception below:
Traceback (most recent call last):
  File "C:\Users\Telo Ryjeng\AppData\Local\Programs\Python\Python38\lib\site-packages\sklearn\metrics\_scorer.py", line 76, in _cached_call
    return cache[method]
KeyError: 'predict_proba'

During handling of the above exception, another exception occurred:

Traceback (most recent call last):
  File "C:\Users\Telo Ryjeng\AppData\Local\Programs\Python\Python38\lib\site-packages\pycaret\internal\metrics.py", line 182, in _score
    return super()._score(
  File "C:\Users\Telo Ryjeng\AppData\Local\Programs\Python\Python38\lib\site-packages\sklearn\metrics\_scorer.py", line 316, in _score
    y_pred = method_caller(clf, "predict_proba", X)
  File "C:\Users\Telo Ryjeng\AppData\Local\Programs\Python\Python38\lib\site-packages\sklearn\metrics\_scorer.py", line 78, in _cached_call
    result = getattr(estimator, method)(*args, **kwargs)
  File "C:\Users\Telo Ryjeng\AppData\Local\Programs\Python\Python38\lib\site-packages\pycaret\internal\pipeline.py", line 127, in __getattr__
    return getattr(self._final_estimator, name)
  File "C:\Users\Telo Ryjeng\AppData\Local\Programs\Python\Python38\lib\site-packages\sklearn\utils\_available_if.py", line 32, in __get__
    if not self.check(obj):
  File "C:\Users\Telo Ryjeng\AppData\Local\Programs\Python\Python38\lib\site-packages\sklearn\linear_model\_stochastic_gradient.py", line 1235, in _check_proba
    raise AttributeError(
AttributeError: probability estimates are not available for loss='hinge'

  warnings.warn(

2026-09-15 17:04:55,190:WARNING:C:\Users\Telo Ryjeng\AppData\Local\Programs\Python\Python38\lib\site-packages\pycaret\internal\metrics.py:190: FitFailedWarning: Metric 'make_scorer(roc_auc_score, needs_proba=True, error_score=0.0, average=weighted, multi_class=ovr)' failed and error score 0.0 has been returned instead. If this is a custom metric, this usually means that the error is in the metric code. Full exception below:
Traceback (most recent call last):
  File "C:\Users\Telo Ryjeng\AppData\Local\Programs\Python\Python38\lib\site-packages\sklearn\metrics\_scorer.py", line 76, in _cached_call
    return cache[method]
KeyError: 'predict_proba'

During handling of the above exception, another exception occurred:

Traceback (most recent call last):
  File "C:\Users\Telo Ryjeng\AppData\Local\Programs\Python\Python38\lib\site-packages\pycaret\internal\metrics.py", line 182, in _score
    return super()._score(
  File "C:\Users\Telo Ryjeng\AppData\Local\Programs\Python\Python38\lib\site-packages\sklearn\metrics\_scorer.py", line 316, in _score
    y_pred = method_caller(clf, "predict_proba", X)
  File "C:\Users\Telo Ryjeng\AppData\Local\Programs\Python\Python38\lib\site-packages\sklearn\metrics\_scorer.py", line 78, in _cached_call
    result = getattr(estimator, method)(*args, **kwargs)
  File "C:\Users\Telo Ryjeng\AppData\Local\Programs\Python\Python38\lib\site-packages\pycaret\internal\pipeline.py", line 127, in __getattr__
    return getattr(self._final_estimator, name)
  File "C:\Users\Telo Ryjeng\AppData\Local\Programs\Python\Python38\lib\site-packages\sklearn\utils\_available_if.py", line 32, in __get__
    if not self.check(obj):
  File "C:\Users\Telo Ryjeng\AppData\Local\Programs\Python\Python38\lib\site-packages\sklearn\linear_model\_stochastic_gradient.py", line 1235, in _check_proba
    raise AttributeError(
AttributeError: probability estimates are not available for loss='hinge'

  warnings.warn(

2026-09-15 17:04:55,190:WARNING:C:\Users\Telo Ryjeng\AppData\Local\Programs\Python\Python38\lib\site-packages\pycaret\internal\metrics.py:190: FitFailedWarning: Metric 'make_scorer(roc_auc_score, needs_proba=True, error_score=0.0, average=weighted, multi_class=ovr)' failed and error score 0.0 has been returned instead. If this is a custom metric, this usually means that the error is in the metric code. Full exception below:
Traceback (most recent call last):
  File "C:\Users\Telo Ryjeng\AppData\Local\Programs\Python\Python38\lib\site-packages\sklearn\metrics\_scorer.py", line 76, in _cached_call
    return cache[method]
KeyError: 'predict_proba'

During handling of the above exception, another exception occurred:

Traceback (most recent call last):
  File "C:\Users\Telo Ryjeng\AppData\Local\Programs\Python\Python38\lib\site-packages\pycaret\internal\metrics.py", line 182, in _score
    return super()._score(
  File "C:\Users\Telo Ryjeng\AppData\Local\Programs\Python\Python38\lib\site-packages\sklearn\metrics\_scorer.py", line 316, in _score
    y_pred = method_caller(clf, "predict_proba", X)
  File "C:\Users\Telo Ryjeng\AppData\Local\Programs\Python\Python38\lib\site-packages\sklearn\metrics\_scorer.py", line 78, in _cached_call
    result = getattr(estimator, method)(*args, **kwargs)
  File "C:\Users\Telo Ryjeng\AppData\Local\Programs\Python\Python38\lib\site-packages\pycaret\internal\pipeline.py", line 127, in __getattr__
    return getattr(self._final_estimator, name)
  File "C:\Users\Telo Ryjeng\AppData\Local\Programs\Python\Python38\lib\site-packages\sklearn\utils\_available_if.py", line 32, in __get__
    if not self.check(obj):
  File "C:\Users\Telo Ryjeng\AppData\Local\Programs\Python\Python38\lib\site-packages\sklearn\linear_model\_stochastic_gradient.py", line 1235, in _check_proba
    raise AttributeError(
AttributeError: probability estimates are not available for loss='hinge'

  warnings.warn(

2026-09-15 17:04:55,198:INFO:Calculating mean and std
2026-09-15 17:04:55,199:INFO:Creating metrics dataframe
2026-09-15 17:04:55,201:INFO:Uploading results into container
2026-09-15 17:04:55,202:INFO:Uploading model into container now
2026-09-15 17:04:55,202:INFO:_master_model_container: 5
2026-09-15 17:04:55,202:INFO:_display_container: 2
2026-09-15 17:04:55,202:INFO:SGDClassifier(alpha=0.0001, average=False, class_weight=None,
              early_stopping=False, epsilon=0.1, eta0=0.001, fit_intercept=True,
              l1_ratio=0.15, learning_rate='optimal', loss='hinge',
              max_iter=1000, n_iter_no_change=5, n_jobs=-1, penalty='l2',
              power_t=0.5, random_state=42, shuffle=True, tol=0.001,
              validation_fraction=0.1, verbose=0, warm_start=False)
2026-09-15 17:04:55,202:INFO:create_model() successfully completed......................................
2026-09-15 17:04:55,257:INFO:SubProcess create_model() end ==================================
2026-09-15 17:04:55,257:INFO:Creating metrics dataframe
2026-09-15 17:04:55,260:INFO:Initializing Ridge Classifier
2026-09-15 17:04:55,260:INFO:Total runtime is 0.07403168280919394 minutes
2026-09-15 17:04:55,260:INFO:SubProcess create_model() called ==================================
2026-09-15 17:04:55,261:INFO:Initializing create_model()
2026-09-15 17:04:55,261:INFO:create_model(self=<pycaret.classification.oop.ClassificationExperiment object at 0x000001DF44AA4850>, estimator=ridge, fold=StratifiedKFold(n_splits=10, random_state=None, shuffle=False), round=4, cross_validation=True, predict=True, fit_kwargs={}, groups=None, refit=False, probability_threshold=None, experiment_custom_tags=None, verbose=False, system=False, add_to_model_list=True, metrics=None, display=<pycaret.internal.display.display.CommonDisplay object at 0x000001DF7E604A00>, model_only=True, return_train_score=False, error_score=0.0, kwargs={})
2026-09-15 17:04:55,261:INFO:Checking exceptions
2026-09-15 17:04:55,261:INFO:Importing libraries
2026-09-15 17:04:55,261:INFO:Copying training dataset
2026-09-15 17:04:55,262:INFO:Defining folds
2026-09-15 17:04:55,262:INFO:Declaring metric variables
2026-09-15 17:04:55,263:INFO:Importing untrained model
2026-09-15 17:04:55,263:INFO:Ridge Classifier Imported successfully
2026-09-15 17:04:55,263:INFO:Starting cross validation
2026-09-15 17:04:55,263:INFO:Cross validating with StratifiedKFold(n_splits=10, random_state=None, shuffle=False), n_jobs=-1
2026-09-15 17:04:55,279:WARNING:C:\Users\Telo Ryjeng\AppData\Local\Programs\Python\Python38\lib\site-packages\sklearn\linear_model\_ridge.py:216: LinAlgWarning: Ill-conditioned matrix (rcond=4.80429e-09): result may not be accurate.
  return linalg.solve(A, Xy, assume_a="pos", overwrite_a=True).T

2026-09-15 17:04:55,281:WARNING:C:\Users\Telo Ryjeng\AppData\Local\Programs\Python\Python38\lib\site-packages\sklearn\linear_model\_ridge.py:216: LinAlgWarning: Ill-conditioned matrix (rcond=4.45307e-09): result may not be accurate.
  return linalg.solve(A, Xy, assume_a="pos", overwrite_a=True).T

2026-09-15 17:04:55,282:WARNING:C:\Users\Telo Ryjeng\AppData\Local\Programs\Python\Python38\lib\site-packages\sklearn\linear_model\_ridge.py:216: LinAlgWarning: Ill-conditioned matrix (rcond=3.83634e-09): result may not be accurate.
  return linalg.solve(A, Xy, assume_a="pos", overwrite_a=True).T

2026-09-15 17:04:55,284:WARNING:C:\Users\Telo Ryjeng\AppData\Local\Programs\Python\Python38\lib\site-packages\sklearn\linear_model\_ridge.py:216: LinAlgWarning: Ill-conditioned matrix (rcond=4.68047e-09): result may not be accurate.
  return linalg.solve(A, Xy, assume_a="pos", overwrite_a=True).T

2026-09-15 17:04:55,286:WARNING:C:\Users\Telo Ryjeng\AppData\Local\Programs\Python\Python38\lib\site-packages\pycaret\internal\metrics.py:190: FitFailedWarning: Metric 'make_scorer(roc_auc_score, needs_proba=True, error_score=0.0, average=weighted, multi_class=ovr)' failed and error score 0.0 has been returned instead. If this is a custom metric, this usually means that the error is in the metric code. Full exception below:
Traceback (most recent call last):
  File "C:\Users\Telo Ryjeng\AppData\Local\Programs\Python\Python38\lib\site-packages\sklearn\metrics\_scorer.py", line 76, in _cached_call
    return cache[method]
KeyError: 'predict_proba'

During handling of the above exception, another exception occurred:

Traceback (most recent call last):
  File "C:\Users\Telo Ryjeng\AppData\Local\Programs\Python\Python38\lib\site-packages\pycaret\internal\metrics.py", line 182, in _score
    return super()._score(
  File "C:\Users\Telo Ryjeng\AppData\Local\Programs\Python\Python38\lib\site-packages\sklearn\metrics\_scorer.py", line 316, in _score
    y_pred = method_caller(clf, "predict_proba", X)
  File "C:\Users\Telo Ryjeng\AppData\Local\Programs\Python\Python38\lib\site-packages\sklearn\metrics\_scorer.py", line 78, in _cached_call
    result = getattr(estimator, method)(*args, **kwargs)
  File "C:\Users\Telo Ryjeng\AppData\Local\Programs\Python\Python38\lib\site-packages\pycaret\internal\pipeline.py", line 127, in __getattr__
    return getattr(self._final_estimator, name)
AttributeError: 'RidgeClassifier' object has no attribute 'predict_proba'

  warnings.warn(

2026-09-15 17:04:55,288:WARNING:C:\Users\Telo Ryjeng\AppData\Local\Programs\Python\Python38\lib\site-packages\sklearn\linear_model\_ridge.py:216: LinAlgWarning: Ill-conditioned matrix (rcond=4.72574e-09): result may not be accurate.
  return linalg.solve(A, Xy, assume_a="pos", overwrite_a=True).T

2026-09-15 17:04:55,289:WARNING:C:\Users\Telo Ryjeng\AppData\Local\Programs\Python\Python38\lib\site-packages\sklearn\linear_model\_ridge.py:216: LinAlgWarning: Ill-conditioned matrix (rcond=4.79127e-09): result may not be accurate.
  return linalg.solve(A, Xy, assume_a="pos", overwrite_a=True).T

2026-09-15 17:04:55,289:WARNING:C:\Users\Telo Ryjeng\AppData\Local\Programs\Python\Python38\lib\site-packages\pycaret\internal\metrics.py:190: FitFailedWarning: Metric 'make_scorer(roc_auc_score, needs_proba=True, error_score=0.0, average=weighted, multi_class=ovr)' failed and error score 0.0 has been returned instead. If this is a custom metric, this usually means that the error is in the metric code. Full exception below:
Traceback (most recent call last):
  File "C:\Users\Telo Ryjeng\AppData\Local\Programs\Python\Python38\lib\site-packages\sklearn\metrics\_scorer.py", line 76, in _cached_call
    return cache[method]
KeyError: 'predict_proba'

During handling of the above exception, another exception occurred:

Traceback (most recent call last):
  File "C:\Users\Telo Ryjeng\AppData\Local\Programs\Python\Python38\lib\site-packages\pycaret\internal\metrics.py", line 182, in _score
    return super()._score(
  File "C:\Users\Telo Ryjeng\AppData\Local\Programs\Python\Python38\lib\site-packages\sklearn\metrics\_scorer.py", line 316, in _score
    y_pred = method_caller(clf, "predict_proba", X)
  File "C:\Users\Telo Ryjeng\AppData\Local\Programs\Python\Python38\lib\site-packages\sklearn\metrics\_scorer.py", line 78, in _cached_call
    result = getattr(estimator, method)(*args, **kwargs)
  File "C:\Users\Telo Ryjeng\AppData\Local\Programs\Python\Python38\lib\site-packages\pycaret\internal\pipeline.py", line 127, in __getattr__
    return getattr(self._final_estimator, name)
AttributeError: 'RidgeClassifier' object has no attribute 'predict_proba'

  warnings.warn(

2026-09-15 17:04:55,289:WARNING:C:\Users\Telo Ryjeng\AppData\Local\Programs\Python\Python38\lib\site-packages\pycaret\internal\metrics.py:190: FitFailedWarning: Metric 'make_scorer(roc_auc_score, needs_proba=True, error_score=0.0, average=weighted, multi_class=ovr)' failed and error score 0.0 has been returned instead. If this is a custom metric, this usually means that the error is in the metric code. Full exception below:
Traceback (most recent call last):
  File "C:\Users\Telo Ryjeng\AppData\Local\Programs\Python\Python38\lib\site-packages\sklearn\metrics\_scorer.py", line 76, in _cached_call
    return cache[method]
KeyError: 'predict_proba'

During handling of the above exception, another exception occurred:

Traceback (most recent call last):
  File "C:\Users\Telo Ryjeng\AppData\Local\Programs\Python\Python38\lib\site-packages\pycaret\internal\metrics.py", line 182, in _score
    return super()._score(
  File "C:\Users\Telo Ryjeng\AppData\Local\Programs\Python\Python38\lib\site-packages\sklearn\metrics\_scorer.py", line 316, in _score
    y_pred = method_caller(clf, "predict_proba", X)
  File "C:\Users\Telo Ryjeng\AppData\Local\Programs\Python\Python38\lib\site-packages\sklearn\metrics\_scorer.py", line 78, in _cached_call
    result = getattr(estimator, method)(*args, **kwargs)
  File "C:\Users\Telo Ryjeng\AppData\Local\Programs\Python\Python38\lib\site-packages\pycaret\internal\pipeline.py", line 127, in __getattr__
    return getattr(self._final_estimator, name)
AttributeError: 'RidgeClassifier' object has no attribute 'predict_proba'

  warnings.warn(

2026-09-15 17:04:55,289:WARNING:C:\Users\Telo Ryjeng\AppData\Local\Programs\Python\Python38\lib\site-packages\sklearn\linear_model\_ridge.py:216: LinAlgWarning: Ill-conditioned matrix (rcond=4.73746e-09): result may not be accurate.
  return linalg.solve(A, Xy, assume_a="pos", overwrite_a=True).T

2026-09-15 17:04:55,291:WARNING:C:\Users\Telo Ryjeng\AppData\Local\Programs\Python\Python38\lib\site-packages\pycaret\internal\metrics.py:190: FitFailedWarning: Metric 'make_scorer(roc_auc_score, needs_proba=True, error_score=0.0, average=weighted, multi_class=ovr)' failed and error score 0.0 has been returned instead. If this is a custom metric, this usually means that the error is in the metric code. Full exception below:
Traceback (most recent call last):
  File "C:\Users\Telo Ryjeng\AppData\Local\Programs\Python\Python38\lib\site-packages\sklearn\metrics\_scorer.py", line 76, in _cached_call
    return cache[method]
KeyError: 'predict_proba'

During handling of the above exception, another exception occurred:

Traceback (most recent call last):
  File "C:\Users\Telo Ryjeng\AppData\Local\Programs\Python\Python38\lib\site-packages\pycaret\internal\metrics.py", line 182, in _score
    return super()._score(
  File "C:\Users\Telo Ryjeng\AppData\Local\Programs\Python\Python38\lib\site-packages\sklearn\metrics\_scorer.py", line 316, in _score
    y_pred = method_caller(clf, "predict_proba", X)
  File "C:\Users\Telo Ryjeng\AppData\Local\Programs\Python\Python38\lib\site-packages\sklearn\metrics\_scorer.py", line 78, in _cached_call
    result = getattr(estimator, method)(*args, **kwargs)
  File "C:\Users\Telo Ryjeng\AppData\Local\Programs\Python\Python38\lib\site-packages\pycaret\internal\pipeline.py", line 127, in __getattr__
    return getattr(self._final_estimator, name)
AttributeError: 'RidgeClassifier' object has no attribute 'predict_proba'

  warnings.warn(

2026-09-15 17:04:55,291:WARNING:C:\Users\Telo Ryjeng\AppData\Local\Programs\Python\Python38\lib\site-packages\sklearn\linear_model\_ridge.py:216: LinAlgWarning: Ill-conditioned matrix (rcond=4.82132e-09): result may not be accurate.
  return linalg.solve(A, Xy, assume_a="pos", overwrite_a=True).T

2026-09-15 17:04:55,292:WARNING:C:\Users\Telo Ryjeng\AppData\Local\Programs\Python\Python38\lib\site-packages\sklearn\linear_model\_ridge.py:216: LinAlgWarning: Ill-conditioned matrix (rcond=4.92895e-09): result may not be accurate.
  return linalg.solve(A, Xy, assume_a="pos", overwrite_a=True).T

2026-09-15 17:04:55,292:WARNING:C:\Users\Telo Ryjeng\AppData\Local\Programs\Python\Python38\lib\site-packages\sklearn\linear_model\_ridge.py:216: LinAlgWarning: Ill-conditioned matrix (rcond=4.76907e-09): result may not be accurate.
  return linalg.solve(A, Xy, assume_a="pos", overwrite_a=True).T

2026-09-15 17:04:55,294:WARNING:C:\Users\Telo Ryjeng\AppData\Local\Programs\Python\Python38\lib\site-packages\pycaret\internal\metrics.py:190: FitFailedWarning: Metric 'make_scorer(roc_auc_score, needs_proba=True, error_score=0.0, average=weighted, multi_class=ovr)' failed and error score 0.0 has been returned instead. If this is a custom metric, this usually means that the error is in the metric code. Full exception below:
Traceback (most recent call last):
  File "C:\Users\Telo Ryjeng\AppData\Local\Programs\Python\Python38\lib\site-packages\sklearn\metrics\_scorer.py", line 76, in _cached_call
    return cache[method]
KeyError: 'predict_proba'

During handling of the above exception, another exception occurred:

Traceback (most recent call last):
  File "C:\Users\Telo Ryjeng\AppData\Local\Programs\Python\Python38\lib\site-packages\pycaret\internal\metrics.py", line 182, in _score
    return super()._score(
  File "C:\Users\Telo Ryjeng\AppData\Local\Programs\Python\Python38\lib\site-packages\sklearn\metrics\_scorer.py", line 316, in _score
    y_pred = method_caller(clf, "predict_proba", X)
  File "C:\Users\Telo Ryjeng\AppData\Local\Programs\Python\Python38\lib\site-packages\sklearn\metrics\_scorer.py", line 78, in _cached_call
    result = getattr(estimator, method)(*args, **kwargs)
  File "C:\Users\Telo Ryjeng\AppData\Local\Programs\Python\Python38\lib\site-packages\pycaret\internal\pipeline.py", line 127, in __getattr__
    return getattr(self._final_estimator, name)
AttributeError: 'RidgeClassifier' object has no attribute 'predict_proba'

  warnings.warn(

2026-09-15 17:04:55,296:WARNING:C:\Users\Telo Ryjeng\AppData\Local\Programs\Python\Python38\lib\site-packages\pycaret\internal\metrics.py:190: FitFailedWarning: Metric 'make_scorer(roc_auc_score, needs_proba=True, error_score=0.0, average=weighted, multi_class=ovr)' failed and error score 0.0 has been returned instead. If this is a custom metric, this usually means that the error is in the metric code. Full exception below:
Traceback (most recent call last):
  File "C:\Users\Telo Ryjeng\AppData\Local\Programs\Python\Python38\lib\site-packages\sklearn\metrics\_scorer.py", line 76, in _cached_call
    return cache[method]
KeyError: 'predict_proba'

During handling of the above exception, another exception occurred:

Traceback (most recent call last):
  File "C:\Users\Telo Ryjeng\AppData\Local\Programs\Python\Python38\lib\site-packages\pycaret\internal\metrics.py", line 182, in _score
    return super()._score(
  File "C:\Users\Telo Ryjeng\AppData\Local\Programs\Python\Python38\lib\site-packages\sklearn\metrics\_scorer.py", line 316, in _score
    y_pred = method_caller(clf, "predict_proba", X)
  File "C:\Users\Telo Ryjeng\AppData\Local\Programs\Python\Python38\lib\site-packages\sklearn\metrics\_scorer.py", line 78, in _cached_call
    result = getattr(estimator, method)(*args, **kwargs)
  File "C:\Users\Telo Ryjeng\AppData\Local\Programs\Python\Python38\lib\site-packages\pycaret\internal\pipeline.py", line 127, in __getattr__
    return getattr(self._final_estimator, name)
AttributeError: 'RidgeClassifier' object has no attribute 'predict_proba'

  warnings.warn(

2026-09-15 17:04:55,296:WARNING:C:\Users\Telo Ryjeng\AppData\Local\Programs\Python\Python38\lib\site-packages\pycaret\internal\metrics.py:190: FitFailedWarning: Metric 'make_scorer(roc_auc_score, needs_proba=True, error_score=0.0, average=weighted, multi_class=ovr)' failed and error score 0.0 has been returned instead. If this is a custom metric, this usually means that the error is in the metric code. Full exception below:
Traceback (most recent call last):
  File "C:\Users\Telo Ryjeng\AppData\Local\Programs\Python\Python38\lib\site-packages\sklearn\metrics\_scorer.py", line 76, in _cached_call
    return cache[method]
KeyError: 'predict_proba'

During handling of the above exception, another exception occurred:

Traceback (most recent call last):
  File "C:\Users\Telo Ryjeng\AppData\Local\Programs\Python\Python38\lib\site-packages\pycaret\internal\metrics.py", line 182, in _score
    return super()._score(
  File "C:\Users\Telo Ryjeng\AppData\Local\Programs\Python\Python38\lib\site-packages\sklearn\metrics\_scorer.py", line 316, in _score
    y_pred = method_caller(clf, "predict_proba", X)
  File "C:\Users\Telo Ryjeng\AppData\Local\Programs\Python\Python38\lib\site-packages\sklearn\metrics\_scorer.py", line 78, in _cached_call
    result = getattr(estimator, method)(*args, **kwargs)
  File "C:\Users\Telo Ryjeng\AppData\Local\Programs\Python\Python38\lib\site-packages\pycaret\internal\pipeline.py", line 127, in __getattr__
    return getattr(self._final_estimator, name)
AttributeError: 'RidgeClassifier' object has no attribute 'predict_proba'

  warnings.warn(

2026-09-15 17:04:55,298:WARNING:C:\Users\Telo Ryjeng\AppData\Local\Programs\Python\Python38\lib\site-packages\pycaret\internal\metrics.py:190: FitFailedWarning: Metric 'make_scorer(roc_auc_score, needs_proba=True, error_score=0.0, average=weighted, multi_class=ovr)' failed and error score 0.0 has been returned instead. If this is a custom metric, this usually means that the error is in the metric code. Full exception below:
Traceback (most recent call last):
  File "C:\Users\Telo Ryjeng\AppData\Local\Programs\Python\Python38\lib\site-packages\sklearn\metrics\_scorer.py", line 76, in _cached_call
    return cache[method]
KeyError: 'predict_proba'

During handling of the above exception, another exception occurred:

Traceback (most recent call last):
  File "C:\Users\Telo Ryjeng\AppData\Local\Programs\Python\Python38\lib\site-packages\pycaret\internal\metrics.py", line 182, in _score
    return super()._score(
  File "C:\Users\Telo Ryjeng\AppData\Local\Programs\Python\Python38\lib\site-packages\sklearn\metrics\_scorer.py", line 316, in _score
    y_pred = method_caller(clf, "predict_proba", X)
  File "C:\Users\Telo Ryjeng\AppData\Local\Programs\Python\Python38\lib\site-packages\sklearn\metrics\_scorer.py", line 78, in _cached_call
    result = getattr(estimator, method)(*args, **kwargs)
  File "C:\Users\Telo Ryjeng\AppData\Local\Programs\Python\Python38\lib\site-packages\pycaret\internal\pipeline.py", line 127, in __getattr__
    return getattr(self._final_estimator, name)
AttributeError: 'RidgeClassifier' object has no attribute 'predict_proba'

  warnings.warn(

2026-09-15 17:04:55,298:WARNING:C:\Users\Telo Ryjeng\AppData\Local\Programs\Python\Python38\lib\site-packages\pycaret\internal\metrics.py:190: FitFailedWarning: Metric 'make_scorer(roc_auc_score, needs_proba=True, error_score=0.0, average=weighted, multi_class=ovr)' failed and error score 0.0 has been returned instead. If this is a custom metric, this usually means that the error is in the metric code. Full exception below:
Traceback (most recent call last):
  File "C:\Users\Telo Ryjeng\AppData\Local\Programs\Python\Python38\lib\site-packages\sklearn\metrics\_scorer.py", line 76, in _cached_call
    return cache[method]
KeyError: 'predict_proba'

During handling of the above exception, another exception occurred:

Traceback (most recent call last):
  File "C:\Users\Telo Ryjeng\AppData\Local\Programs\Python\Python38\lib\site-packages\pycaret\internal\metrics.py", line 182, in _score
    return super()._score(
  File "C:\Users\Telo Ryjeng\AppData\Local\Programs\Python\Python38\lib\site-packages\sklearn\metrics\_scorer.py", line 316, in _score
    y_pred = method_caller(clf, "predict_proba", X)
  File "C:\Users\Telo Ryjeng\AppData\Local\Programs\Python\Python38\lib\site-packages\sklearn\metrics\_scorer.py", line 78, in _cached_call
    result = getattr(estimator, method)(*args, **kwargs)
  File "C:\Users\Telo Ryjeng\AppData\Local\Programs\Python\Python38\lib\site-packages\pycaret\internal\pipeline.py", line 127, in __getattr__
    return getattr(self._final_estimator, name)
AttributeError: 'RidgeClassifier' object has no attribute 'predict_proba'

  warnings.warn(

2026-09-15 17:04:55,299:WARNING:C:\Users\Telo Ryjeng\AppData\Local\Programs\Python\Python38\lib\site-packages\pycaret\internal\metrics.py:190: FitFailedWarning: Metric 'make_scorer(roc_auc_score, needs_proba=True, error_score=0.0, average=weighted, multi_class=ovr)' failed and error score 0.0 has been returned instead. If this is a custom metric, this usually means that the error is in the metric code. Full exception below:
Traceback (most recent call last):
  File "C:\Users\Telo Ryjeng\AppData\Local\Programs\Python\Python38\lib\site-packages\sklearn\metrics\_scorer.py", line 76, in _cached_call
    return cache[method]
KeyError: 'predict_proba'

During handling of the above exception, another exception occurred:

Traceback (most recent call last):
  File "C:\Users\Telo Ryjeng\AppData\Local\Programs\Python\Python38\lib\site-packages\pycaret\internal\metrics.py", line 182, in _score
    return super()._score(
  File "C:\Users\Telo Ryjeng\AppData\Local\Programs\Python\Python38\lib\site-packages\sklearn\metrics\_scorer.py", line 316, in _score
    y_pred = method_caller(clf, "predict_proba", X)
  File "C:\Users\Telo Ryjeng\AppData\Local\Programs\Python\Python38\lib\site-packages\sklearn\metrics\_scorer.py", line 78, in _cached_call
    result = getattr(estimator, method)(*args, **kwargs)
  File "C:\Users\Telo Ryjeng\AppData\Local\Programs\Python\Python38\lib\site-packages\pycaret\internal\pipeline.py", line 127, in __getattr__
    return getattr(self._final_estimator, name)
AttributeError: 'RidgeClassifier' object has no attribute 'predict_proba'

  warnings.warn(

2026-09-15 17:04:55,306:INFO:Calculating mean and std
2026-09-15 17:04:55,306:INFO:Creating metrics dataframe
2026-09-15 17:04:55,309:INFO:Uploading results into container
2026-09-15 17:04:55,309:INFO:Uploading model into container now
2026-09-15 17:04:55,309:INFO:_master_model_container: 6
2026-09-15 17:04:55,309:INFO:_display_container: 2
2026-09-15 17:04:55,309:INFO:RidgeClassifier(alpha=1.0, class_weight=None, copy_X=True, fit_intercept=True,
                max_iter=None, positive=False, random_state=42, solver='auto',
                tol=0.0001)
2026-09-15 17:04:55,309:INFO:create_model() successfully completed......................................
2026-09-15 17:04:55,364:INFO:SubProcess create_model() end ==================================
2026-09-15 17:04:55,364:INFO:Creating metrics dataframe
2026-09-15 17:04:55,368:INFO:Initializing Random Forest Classifier
2026-09-15 17:04:55,368:INFO:Total runtime is 0.07582804361979167 minutes
2026-09-15 17:04:55,368:INFO:SubProcess create_model() called ==================================
2026-09-15 17:04:55,368:INFO:Initializing create_model()
2026-09-15 17:04:55,368:INFO:create_model(self=<pycaret.classification.oop.ClassificationExperiment object at 0x000001DF44AA4850>, estimator=rf, fold=StratifiedKFold(n_splits=10, random_state=None, shuffle=False), round=4, cross_validation=True, predict=True, fit_kwargs={}, groups=None, refit=False, probability_threshold=None, experiment_custom_tags=None, verbose=False, system=False, add_to_model_list=True, metrics=None, display=<pycaret.internal.display.display.CommonDisplay object at 0x000001DF7E604A00>, model_only=True, return_train_score=False, error_score=0.0, kwargs={})
2026-09-15 17:04:55,368:INFO:Checking exceptions
2026-09-15 17:04:55,368:INFO:Importing libraries
2026-09-15 17:04:55,368:INFO:Copying training dataset
2026-09-15 17:04:55,370:INFO:Defining folds
2026-09-15 17:04:55,370:INFO:Declaring metric variables
2026-09-15 17:04:55,370:INFO:Importing untrained model
2026-09-15 17:04:55,370:INFO:Random Forest Classifier Imported successfully
2026-09-15 17:04:55,370:INFO:Starting cross validation
2026-09-15 17:04:55,370:INFO:Cross validating with StratifiedKFold(n_splits=10, random_state=None, shuffle=False), n_jobs=-1
2026-09-15 17:04:55,782:INFO:Calculating mean and std
2026-09-15 17:04:55,783:INFO:Creating metrics dataframe
2026-09-15 17:04:55,784:INFO:Uploading results into container
2026-09-15 17:04:55,786:INFO:Uploading model into container now
2026-09-15 17:04:55,786:INFO:_master_model_container: 7
2026-09-15 17:04:55,786:INFO:_display_container: 2
2026-09-15 17:04:55,786:INFO:RandomForestClassifier(bootstrap=True, ccp_alpha=0.0, class_weight=None,
                       criterion='gini', max_depth=None, max_features='sqrt',
                       max_leaf_nodes=None, max_samples=None,
                       min_impurity_decrease=0.0, min_samples_leaf=1,
                       min_samples_split=2, min_weight_fraction_leaf=0.0,
                       n_estimators=100, n_jobs=-1, oob_score=False,
                       random_state=42, verbose=0, warm_start=False)
2026-09-15 17:04:55,786:INFO:create_model() successfully completed......................................
2026-09-15 17:04:55,842:INFO:SubProcess create_model() end ==================================
2026-09-15 17:04:55,842:INFO:Creating metrics dataframe
2026-09-15 17:04:55,846:INFO:Initializing Quadratic Discriminant Analysis
2026-09-15 17:04:55,846:INFO:Total runtime is 0.08379275798797609 minutes
2026-09-15 17:04:55,846:INFO:SubProcess create_model() called ==================================
2026-09-15 17:04:55,846:INFO:Initializing create_model()
2026-09-15 17:04:55,846:INFO:create_model(self=<pycaret.classification.oop.ClassificationExperiment object at 0x000001DF44AA4850>, estimator=qda, fold=StratifiedKFold(n_splits=10, random_state=None, shuffle=False), round=4, cross_validation=True, predict=True, fit_kwargs={}, groups=None, refit=False, probability_threshold=None, experiment_custom_tags=None, verbose=False, system=False, add_to_model_list=True, metrics=None, display=<pycaret.internal.display.display.CommonDisplay object at 0x000001DF7E604A00>, model_only=True, return_train_score=False, error_score=0.0, kwargs={})
2026-09-15 17:04:55,846:INFO:Checking exceptions
2026-09-15 17:04:55,846:INFO:Importing libraries
2026-09-15 17:04:55,846:INFO:Copying training dataset
2026-09-15 17:04:55,848:INFO:Defining folds
2026-09-15 17:04:55,848:INFO:Declaring metric variables
2026-09-15 17:04:55,848:INFO:Importing untrained model
2026-09-15 17:04:55,848:INFO:Quadratic Discriminant Analysis Imported successfully
2026-09-15 17:04:55,849:INFO:Starting cross validation
2026-09-15 17:04:55,849:INFO:Cross validating with StratifiedKFold(n_splits=10, random_state=None, shuffle=False), n_jobs=-1
2026-09-15 17:04:55,898:INFO:Calculating mean and std
2026-09-15 17:04:55,898:INFO:Creating metrics dataframe
2026-09-15 17:04:55,901:INFO:Uploading results into container
2026-09-15 17:04:55,901:INFO:Uploading model into container now
2026-09-15 17:04:55,902:INFO:_master_model_container: 8
2026-09-15 17:04:55,902:INFO:_display_container: 2
2026-09-15 17:04:55,902:INFO:QuadraticDiscriminantAnalysis(priors=None, reg_param=0.0,
                              store_covariance=False, tol=0.0001)
2026-09-15 17:04:55,902:INFO:create_model() successfully completed......................................
2026-09-15 17:04:55,960:INFO:SubProcess create_model() end ==================================
2026-09-15 17:04:55,960:INFO:Creating metrics dataframe
2026-09-15 17:04:55,963:INFO:Initializing Ada Boost Classifier
2026-09-15 17:04:55,963:INFO:Total runtime is 0.08575180371602377 minutes
2026-09-15 17:04:55,963:INFO:SubProcess create_model() called ==================================
2026-09-15 17:04:55,963:INFO:Initializing create_model()
2026-09-15 17:04:55,963:INFO:create_model(self=<pycaret.classification.oop.ClassificationExperiment object at 0x000001DF44AA4850>, estimator=ada, fold=StratifiedKFold(n_splits=10, random_state=None, shuffle=False), round=4, cross_validation=True, predict=True, fit_kwargs={}, groups=None, refit=False, probability_threshold=None, experiment_custom_tags=None, verbose=False, system=False, add_to_model_list=True, metrics=None, display=<pycaret.internal.display.display.CommonDisplay object at 0x000001DF7E604A00>, model_only=True, return_train_score=False, error_score=0.0, kwargs={})
2026-09-15 17:04:55,963:INFO:Checking exceptions
2026-09-15 17:04:55,963:INFO:Importing libraries
2026-09-15 17:04:55,963:INFO:Copying training dataset
2026-09-15 17:04:55,966:INFO:Defining folds
2026-09-15 17:04:55,966:INFO:Declaring metric variables
2026-09-15 17:04:55,966:INFO:Importing untrained model
2026-09-15 17:04:55,966:INFO:Ada Boost Classifier Imported successfully
2026-09-15 17:04:55,966:INFO:Starting cross validation
2026-09-15 17:04:55,966:INFO:Cross validating with StratifiedKFold(n_splits=10, random_state=None, shuffle=False), n_jobs=-1
2026-09-15 17:04:56,217:INFO:Calculating mean and std
2026-09-15 17:04:56,218:INFO:Creating metrics dataframe
2026-09-15 17:04:56,220:INFO:Uploading results into container
2026-09-15 17:04:56,220:INFO:Uploading model into container now
2026-09-15 17:04:56,220:INFO:_master_model_container: 9
2026-09-15 17:04:56,220:INFO:_display_container: 2
2026-09-15 17:04:56,221:INFO:AdaBoostClassifier(algorithm='SAMME.R', base_estimator='deprecated',
                   estimator=None, learning_rate=1.0, n_estimators=50,
                   random_state=42)
2026-09-15 17:04:56,221:INFO:create_model() successfully completed......................................
2026-09-15 17:04:56,279:INFO:SubProcess create_model() end ==================================
2026-09-15 17:04:56,279:INFO:Creating metrics dataframe
2026-09-15 17:04:56,281:INFO:Initializing Gradient Boosting Classifier
2026-09-15 17:04:56,281:INFO:Total runtime is 0.09105223417282104 minutes
2026-09-15 17:04:56,281:INFO:SubProcess create_model() called ==================================
2026-09-15 17:04:56,282:INFO:Initializing create_model()
2026-09-15 17:04:56,282:INFO:create_model(self=<pycaret.classification.oop.ClassificationExperiment object at 0x000001DF44AA4850>, estimator=gbc, fold=StratifiedKFold(n_splits=10, random_state=None, shuffle=False), round=4, cross_validation=True, predict=True, fit_kwargs={}, groups=None, refit=False, probability_threshold=None, experiment_custom_tags=None, verbose=False, system=False, add_to_model_list=True, metrics=None, display=<pycaret.internal.display.display.CommonDisplay object at 0x000001DF7E604A00>, model_only=True, return_train_score=False, error_score=0.0, kwargs={})
2026-09-15 17:04:56,282:INFO:Checking exceptions
2026-09-15 17:04:56,282:INFO:Importing libraries
2026-09-15 17:04:56,282:INFO:Copying training dataset
2026-09-15 17:04:56,284:INFO:Defining folds
2026-09-15 17:04:56,284:INFO:Declaring metric variables
2026-09-15 17:04:56,284:INFO:Importing untrained model
2026-09-15 17:04:56,284:INFO:Gradient Boosting Classifier Imported successfully
2026-09-15 17:04:56,284:INFO:Starting cross validation
2026-09-15 17:04:56,285:INFO:Cross validating with StratifiedKFold(n_splits=10, random_state=None, shuffle=False), n_jobs=-1
2026-09-15 17:04:56,987:INFO:Calculating mean and std
2026-09-15 17:04:56,988:INFO:Creating metrics dataframe
2026-09-15 17:04:56,990:INFO:Uploading results into container
2026-09-15 17:04:56,990:INFO:Uploading model into container now
2026-09-15 17:04:56,991:INFO:_master_model_container: 10
2026-09-15 17:04:56,991:INFO:_display_container: 2
2026-09-15 17:04:56,991:INFO:GradientBoostingClassifier(ccp_alpha=0.0, criterion='friedman_mse', init=None,
                           learning_rate=0.1, loss='log_loss', max_depth=3,
                           max_features=None, max_leaf_nodes=None,
                           min_impurity_decrease=0.0, min_samples_leaf=1,
                           min_samples_split=2, min_weight_fraction_leaf=0.0,
                           n_estimators=100, n_iter_no_change=None,
                           random_state=42, subsample=1.0, tol=0.0001,
                           validation_fraction=0.1, verbose=0,
                           warm_start=False)
2026-09-15 17:04:56,991:INFO:create_model() successfully completed......................................
2026-09-15 17:04:57,051:INFO:SubProcess create_model() end ==================================
2026-09-15 17:04:57,051:INFO:Creating metrics dataframe
2026-09-15 17:04:57,054:INFO:Initializing Linear Discriminant Analysis
2026-09-15 17:04:57,054:INFO:Total runtime is 0.10392824014027913 minutes
2026-09-15 17:04:57,054:INFO:SubProcess create_model() called ==================================
2026-09-15 17:04:57,054:INFO:Initializing create_model()
2026-09-15 17:04:57,054:INFO:create_model(self=<pycaret.classification.oop.ClassificationExperiment object at 0x000001DF44AA4850>, estimator=lda, fold=StratifiedKFold(n_splits=10, random_state=None, shuffle=False), round=4, cross_validation=True, predict=True, fit_kwargs={}, groups=None, refit=False, probability_threshold=None, experiment_custom_tags=None, verbose=False, system=False, add_to_model_list=True, metrics=None, display=<pycaret.internal.display.display.CommonDisplay object at 0x000001DF7E604A00>, model_only=True, return_train_score=False, error_score=0.0, kwargs={})
2026-09-15 17:04:57,055:INFO:Checking exceptions
2026-09-15 17:04:57,055:INFO:Importing libraries
2026-09-15 17:04:57,055:INFO:Copying training dataset
2026-09-15 17:04:57,057:INFO:Defining folds
2026-09-15 17:04:57,057:INFO:Declaring metric variables
2026-09-15 17:04:57,057:INFO:Importing untrained model
2026-09-15 17:04:57,057:INFO:Linear Discriminant Analysis Imported successfully
2026-09-15 17:04:57,058:INFO:Starting cross validation
2026-09-15 17:04:57,058:INFO:Cross validating with StratifiedKFold(n_splits=10, random_state=None, shuffle=False), n_jobs=-1
2026-09-15 17:04:57,108:INFO:Calculating mean and std
2026-09-15 17:04:57,109:INFO:Creating metrics dataframe
2026-09-15 17:04:57,112:INFO:Uploading results into container
2026-09-15 17:04:57,112:INFO:Uploading model into container now
2026-09-15 17:04:57,112:INFO:_master_model_container: 11
2026-09-15 17:04:57,112:INFO:_display_container: 2
2026-09-15 17:04:57,113:INFO:LinearDiscriminantAnalysis(covariance_estimator=None, n_components=None,
                           priors=None, shrinkage=None, solver='svd',
                           store_covariance=False, tol=0.0001)
2026-09-15 17:04:57,113:INFO:create_model() successfully completed......................................
2026-09-15 17:04:57,171:INFO:SubProcess create_model() end ==================================
2026-09-15 17:04:57,171:INFO:Creating metrics dataframe
2026-09-15 17:04:57,174:INFO:Initializing Extra Trees Classifier
2026-09-15 17:04:57,174:INFO:Total runtime is 0.10592679182688394 minutes
2026-09-15 17:04:57,174:INFO:SubProcess create_model() called ==================================
2026-09-15 17:04:57,175:INFO:Initializing create_model()
2026-09-15 17:04:57,175:INFO:create_model(self=<pycaret.classification.oop.ClassificationExperiment object at 0x000001DF44AA4850>, estimator=et, fold=StratifiedKFold(n_splits=10, random_state=None, shuffle=False), round=4, cross_validation=True, predict=True, fit_kwargs={}, groups=None, refit=False, probability_threshold=None, experiment_custom_tags=None, verbose=False, system=False, add_to_model_list=True, metrics=None, display=<pycaret.internal.display.display.CommonDisplay object at 0x000001DF7E604A00>, model_only=True, return_train_score=False, error_score=0.0, kwargs={})
2026-09-15 17:04:57,175:INFO:Checking exceptions
2026-09-15 17:04:57,175:INFO:Importing libraries
2026-09-15 17:04:57,175:INFO:Copying training dataset
2026-09-15 17:04:57,177:INFO:Defining folds
2026-09-15 17:04:57,177:INFO:Declaring metric variables
2026-09-15 17:04:57,177:INFO:Importing untrained model
2026-09-15 17:04:57,178:INFO:Extra Trees Classifier Imported successfully
2026-09-15 17:04:57,178:INFO:Starting cross validation
2026-09-15 17:04:57,178:INFO:Cross validating with StratifiedKFold(n_splits=10, random_state=None, shuffle=False), n_jobs=-1
2026-09-15 17:04:57,443:INFO:Calculating mean and std
2026-09-15 17:04:57,444:INFO:Creating metrics dataframe
2026-09-15 17:04:57,447:INFO:Uploading results into container
2026-09-15 17:04:57,447:INFO:Uploading model into container now
2026-09-15 17:04:57,447:INFO:_master_model_container: 12
2026-09-15 17:04:57,447:INFO:_display_container: 2
2026-09-15 17:04:57,447:INFO:ExtraTreesClassifier(bootstrap=False, ccp_alpha=0.0, class_weight=None,
                     criterion='gini', max_depth=None, max_features='sqrt',
                     max_leaf_nodes=None, max_samples=None,
                     min_impurity_decrease=0.0, min_samples_leaf=1,
                     min_samples_split=2, min_weight_fraction_leaf=0.0,
                     n_estimators=100, n_jobs=-1, oob_score=False,
                     random_state=42, verbose=0, warm_start=False)
2026-09-15 17:04:57,448:INFO:create_model() successfully completed......................................
2026-09-15 17:04:57,501:INFO:SubProcess create_model() end ==================================
2026-09-15 17:04:57,501:INFO:Creating metrics dataframe
2026-09-15 17:04:57,504:INFO:Initializing Extreme Gradient Boosting
2026-09-15 17:04:57,504:INFO:Total runtime is 0.11143468221028645 minutes
2026-09-15 17:04:57,504:INFO:SubProcess create_model() called ==================================
2026-09-15 17:04:57,504:INFO:Initializing create_model()
2026-09-15 17:04:57,504:INFO:create_model(self=<pycaret.classification.oop.ClassificationExperiment object at 0x000001DF44AA4850>, estimator=xgboost, fold=StratifiedKFold(n_splits=10, random_state=None, shuffle=False), round=4, cross_validation=True, predict=True, fit_kwargs={}, groups=None, refit=False, probability_threshold=None, experiment_custom_tags=None, verbose=False, system=False, add_to_model_list=True, metrics=None, display=<pycaret.internal.display.display.CommonDisplay object at 0x000001DF7E604A00>, model_only=True, return_train_score=False, error_score=0.0, kwargs={})
2026-09-15 17:04:57,504:INFO:Checking exceptions
2026-09-15 17:04:57,504:INFO:Importing libraries
2026-09-15 17:04:57,506:INFO:Copying training dataset
2026-09-15 17:04:57,507:INFO:Defining folds
2026-09-15 17:04:57,507:INFO:Declaring metric variables
2026-09-15 17:04:57,507:INFO:Importing untrained model
2026-09-15 17:04:57,507:INFO:Extreme Gradient Boosting Imported successfully
2026-09-15 17:04:57,508:INFO:Starting cross validation
2026-09-15 17:04:57,508:INFO:Cross validating with StratifiedKFold(n_splits=10, random_state=None, shuffle=False), n_jobs=-1
2026-09-15 17:04:57,984:INFO:Calculating mean and std
2026-09-15 17:04:57,984:INFO:Creating metrics dataframe
2026-09-15 17:04:57,988:INFO:Uploading results into container
2026-09-15 17:04:57,988:INFO:Uploading model into container now
2026-09-15 17:04:57,988:INFO:_master_model_container: 13
2026-09-15 17:04:57,988:INFO:_display_container: 2
2026-09-15 17:04:57,989:INFO:XGBClassifier(base_score=None, booster='gbtree', callbacks=None,
              colsample_bylevel=None, colsample_bynode=None,
              colsample_bytree=None, device='cpu', early_stopping_rounds=None,
              enable_categorical=False, eval_metric=None, feature_types=None,
              gamma=None, grow_policy=None, importance_type=None,
              interaction_constraints=None, learning_rate=None, max_bin=None,
              max_cat_threshold=None, max_cat_to_onehot=None,
              max_delta_step=None, max_depth=None, max_leaves=None,
              min_child_weight=None, missing=nan, monotone_constraints=None,
              multi_strategy=None, n_estimators=None, n_jobs=-1,
              num_parallel_tree=None, objective='binary:logistic', ...)
2026-09-15 17:04:57,989:INFO:create_model() successfully completed......................................
2026-09-15 17:04:58,048:INFO:SubProcess create_model() end ==================================
2026-09-15 17:04:58,048:INFO:Creating metrics dataframe
2026-09-15 17:04:58,051:INFO:Initializing Light Gradient Boosting Machine
2026-09-15 17:04:58,051:INFO:Total runtime is 0.12054534753163655 minutes
2026-09-15 17:04:58,051:INFO:SubProcess create_model() called ==================================
2026-09-15 17:04:58,051:INFO:Initializing create_model()
2026-09-15 17:04:58,051:INFO:create_model(self=<pycaret.classification.oop.ClassificationExperiment object at 0x000001DF44AA4850>, estimator=lightgbm, fold=StratifiedKFold(n_splits=10, random_state=None, shuffle=False), round=4, cross_validation=True, predict=True, fit_kwargs={}, groups=None, refit=False, probability_threshold=None, experiment_custom_tags=None, verbose=False, system=False, add_to_model_list=True, metrics=None, display=<pycaret.internal.display.display.CommonDisplay object at 0x000001DF7E604A00>, model_only=True, return_train_score=False, error_score=0.0, kwargs={})
2026-09-15 17:04:58,051:INFO:Checking exceptions
2026-09-15 17:04:58,051:INFO:Importing libraries
2026-09-15 17:04:58,051:INFO:Copying training dataset
2026-09-15 17:04:58,054:INFO:Defining folds
2026-09-15 17:04:58,054:INFO:Declaring metric variables
2026-09-15 17:04:58,054:INFO:Importing untrained model
2026-09-15 17:04:58,054:INFO:Light Gradient Boosting Machine Imported successfully
2026-09-15 17:04:58,054:INFO:Starting cross validation
2026-09-15 17:04:58,055:INFO:Cross validating with StratifiedKFold(n_splits=10, random_state=None, shuffle=False), n_jobs=-1
2026-09-15 17:04:58,827:INFO:Calculating mean and std
2026-09-15 17:04:58,827:INFO:Creating metrics dataframe
2026-09-15 17:04:58,830:INFO:Uploading results into container
2026-09-15 17:04:58,831:INFO:Uploading model into container now
2026-09-15 17:04:58,831:INFO:_master_model_container: 14
2026-09-15 17:04:58,831:INFO:_display_container: 2
2026-09-15 17:04:58,831:INFO:LGBMClassifier(boosting_type='gbdt', class_weight=None, colsample_bytree=1.0,
               importance_type='split', learning_rate=0.1, max_depth=-1,
               min_child_samples=20, min_child_weight=0.001, min_split_gain=0.0,
               n_estimators=100, n_jobs=-1, num_leaves=31, objective=None,
               random_state=42, reg_alpha=0.0, reg_lambda=0.0, subsample=1.0,
               subsample_for_bin=200000, subsample_freq=0)
2026-09-15 17:04:58,831:INFO:create_model() successfully completed......................................
2026-09-15 17:04:58,900:INFO:SubProcess create_model() end ==================================
2026-09-15 17:04:58,900:INFO:Creating metrics dataframe
2026-09-15 17:04:58,904:INFO:Initializing Dummy Classifier
2026-09-15 17:04:58,904:INFO:Total runtime is 0.1347643494606018 minutes
2026-09-15 17:04:58,904:INFO:SubProcess create_model() called ==================================
2026-09-15 17:04:58,904:INFO:Initializing create_model()
2026-09-15 17:04:58,904:INFO:create_model(self=<pycaret.classification.oop.ClassificationExperiment object at 0x000001DF44AA4850>, estimator=dummy, fold=StratifiedKFold(n_splits=10, random_state=None, shuffle=False), round=4, cross_validation=True, predict=True, fit_kwargs={}, groups=None, refit=False, probability_threshold=None, experiment_custom_tags=None, verbose=False, system=False, add_to_model_list=True, metrics=None, display=<pycaret.internal.display.display.CommonDisplay object at 0x000001DF7E604A00>, model_only=True, return_train_score=False, error_score=0.0, kwargs={})
2026-09-15 17:04:58,904:INFO:Checking exceptions
2026-09-15 17:04:58,904:INFO:Importing libraries
2026-09-15 17:04:58,906:INFO:Copying training dataset
2026-09-15 17:04:58,908:INFO:Defining folds
2026-09-15 17:04:58,908:INFO:Declaring metric variables
2026-09-15 17:04:58,908:INFO:Importing untrained model
2026-09-15 17:04:58,909:INFO:Dummy Classifier Imported successfully
2026-09-15 17:04:58,909:INFO:Starting cross validation
2026-09-15 17:04:58,909:INFO:Cross validating with StratifiedKFold(n_splits=10, random_state=None, shuffle=False), n_jobs=-1
2026-09-15 17:04:58,959:INFO:Calculating mean and std
2026-09-15 17:04:58,960:INFO:Creating metrics dataframe
2026-09-15 17:04:58,963:INFO:Uploading results into container
2026-09-15 17:04:58,964:INFO:Uploading model into container now
2026-09-15 17:04:58,964:INFO:_master_model_container: 15
2026-09-15 17:04:58,964:INFO:_display_container: 2
2026-09-15 17:04:58,964:INFO:DummyClassifier(constant=None, random_state=42, strategy='prior')
2026-09-15 17:04:58,965:INFO:create_model() successfully completed......................................
2026-09-15 17:04:59,021:INFO:SubProcess create_model() end ==================================
2026-09-15 17:04:59,021:INFO:Creating metrics dataframe
2026-09-15 17:04:59,025:INFO:Initializing create_model()
2026-09-15 17:04:59,025:INFO:create_model(self=<pycaret.classification.oop.ClassificationExperiment object at 0x000001DF44AA4850>, estimator=RandomForestClassifier(bootstrap=True, ccp_alpha=0.0, class_weight=None,
                       criterion='gini', max_depth=None, max_features='sqrt',
                       max_leaf_nodes=None, max_samples=None,
                       min_impurity_decrease=0.0, min_samples_leaf=1,
                       min_samples_split=2, min_weight_fraction_leaf=0.0,
                       n_estimators=100, n_jobs=-1, oob_score=False,
                       random_state=42, verbose=0, warm_start=False), fold=StratifiedKFold(n_splits=10, random_state=None, shuffle=False), round=4, cross_validation=False, predict=False, fit_kwargs={}, groups=None, refit=True, probability_threshold=None, experiment_custom_tags=None, verbose=False, system=False, add_to_model_list=True, metrics=None, display=None, model_only=True, return_train_score=False, error_score=0.0, kwargs={})
2026-09-15 17:04:59,025:INFO:Checking exceptions
2026-09-15 17:04:59,026:INFO:Importing libraries
2026-09-15 17:04:59,026:INFO:Copying training dataset
2026-09-15 17:04:59,028:INFO:Defining folds
2026-09-15 17:04:59,028:INFO:Declaring metric variables
2026-09-15 17:04:59,028:INFO:Importing untrained model
2026-09-15 17:04:59,028:INFO:Declaring custom model
2026-09-15 17:04:59,028:INFO:Random Forest Classifier Imported successfully
2026-09-15 17:04:59,028:INFO:Cross validation set to False
2026-09-15 17:04:59,028:INFO:Fitting Model
2026-09-15 17:04:59,147:INFO:RandomForestClassifier(bootstrap=True, ccp_alpha=0.0, class_weight=None,
                       criterion='gini', max_depth=None, max_features='sqrt',
                       max_leaf_nodes=None, max_samples=None,
                       min_impurity_decrease=0.0, min_samples_leaf=1,
                       min_samples_split=2, min_weight_fraction_leaf=0.0,
                       n_estimators=100, n_jobs=-1, oob_score=False,
                       random_state=42, verbose=0, warm_start=False)
2026-09-15 17:04:59,147:INFO:create_model() successfully completed......................................
2026-09-15 17:04:59,211:INFO:_master_model_container: 15
2026-09-15 17:04:59,211:INFO:_display_container: 2
2026-09-15 17:04:59,211:INFO:RandomForestClassifier(bootstrap=True, ccp_alpha=0.0, class_weight=None,
                       criterion='gini', max_depth=None, max_features='sqrt',
                       max_leaf_nodes=None, max_samples=None,
                       min_impurity_decrease=0.0, min_samples_leaf=1,
                       min_samples_split=2, min_weight_fraction_leaf=0.0,
                       n_estimators=100, n_jobs=-1, oob_score=False,
                       random_state=42, verbose=0, warm_start=False)
2026-09-15 17:04:59,212:INFO:compare_models() successfully completed......................................
2026-09-15 19:21:51,783:WARNING:
'cuml' is a soft dependency and not included in the pycaret installation. Please run: `pip install cuml` to install.
2026-09-15 19:21:51,783:WARNING:
'cuml' is a soft dependency and not included in the pycaret installation. Please run: `pip install cuml` to install.
2026-09-15 19:21:51,783:WARNING:
'cuml' is a soft dependency and not included in the pycaret installation. Please run: `pip install cuml` to install.
2026-09-15 19:21:51,783:WARNING:
'cuml' is a soft dependency and not included in the pycaret installation. Please run: `pip install cuml` to install.
2026-09-15 19:22:30,618:WARNING:
'cuml' is a soft dependency and not included in the pycaret installation. Please run: `pip install cuml` to install.
2026-09-15 19:22:30,618:WARNING:
'cuml' is a soft dependency and not included in the pycaret installation. Please run: `pip install cuml` to install.
2026-09-15 19:22:30,618:WARNING:
'cuml' is a soft dependency and not included in the pycaret installation. Please run: `pip install cuml` to install.
2026-09-15 19:22:30,618:WARNING:
'cuml' is a soft dependency and not included in the pycaret installation. Please run: `pip install cuml` to install.
2026-09-15 19:22:31,124:INFO:PyCaret ClassificationExperiment
2026-09-15 19:22:31,124:INFO:Logging name: clf-default-name
2026-09-15 19:22:31,124:INFO:ML Usecase: MLUsecase.CLASSIFICATION
2026-09-15 19:22:31,124:INFO:version 3.2.0
2026-09-15 19:22:31,124:INFO:Initializing setup()
2026-09-15 19:22:31,124:INFO:self.USI: 21ec
2026-09-15 19:22:31,124:INFO:self._variable_keys: {'fold_generator', 'fold_shuffle_param', 'seed', 'fix_imbalance', 'gpu_n_jobs_param', 'html_param', 'n_jobs_param', 'y_train', 'is_multiclass', 'USI', 'memory', 'exp_name_log', 'pipeline', 'y', '_ml_usecase', 'gpu_param', 'y_test', 'data', 'idx', 'exp_id', 'X', 'fold_groups_param', 'X_test', 'log_plots_param', 'logging_param', '_available_plots', 'target_param', 'X_train'}
2026-09-15 19:22:31,124:INFO:Checking environment
2026-09-15 19:22:31,124:INFO:python_version: 3.8.10
2026-09-15 19:22:31,124:INFO:python_build: ('tags/v3.8.10:3d8993a', 'May  3 2021 11:48:03')
2026-09-15 19:22:31,124:INFO:machine: AMD64
2026-09-15 19:22:31,134:INFO:platform: Windows-10-10.0.26200-SP0
2026-09-15 19:22:31,134:INFO:Memory: svmem(total=25463480320, available=7821049856, percent=69.3, used=17642430464, free=7821049856)
2026-09-15 19:22:31,134:INFO:Physical Core: 8
2026-09-15 19:22:31,134:INFO:Logical Core: 12
2026-09-15 19:22:31,134:INFO:Checking libraries
2026-09-15 19:22:31,134:INFO:System:
2026-09-15 19:22:31,134:INFO:    python: 3.8.10 (tags/v3.8.10:3d8993a, May  3 2021, 11:48:03) [MSC v.1928 64 bit (AMD64)]
2026-09-15 19:22:31,134:INFO:executable: D:\ai\myenv\Scripts\python.exe
2026-09-15 19:22:31,134:INFO:   machine: Windows-10-10.0.26200-SP0
2026-09-15 19:22:31,134:INFO:PyCaret required dependencies:
2026-09-15 19:22:31,149:INFO:                 pip: 25.0.1
2026-09-15 19:22:31,149:INFO:          setuptools: 75.3.4
2026-09-15 19:22:31,149:INFO:             pycaret: 3.2.0
2026-09-15 19:22:31,149:INFO:             IPython: 8.12.3
2026-09-15 19:22:31,149:INFO:          ipywidgets: 8.1.9
2026-09-15 19:22:31,149:INFO:                tqdm: 4.70.1
2026-09-15 19:22:31,149:INFO:               numpy: 1.24.4
2026-09-15 19:22:31,149:INFO:              pandas: 1.5.3
2026-09-15 19:22:31,149:INFO:              jinja2: 3.1.6
2026-09-15 19:22:31,149:INFO:               scipy: 1.10.1
2026-09-15 19:22:31,149:INFO:              joblib: 1.2.0
2026-09-15 19:22:31,149:INFO:             sklearn: 1.2.2
2026-09-15 19:22:31,149:INFO:                pyod: 2.1.0
2026-09-15 19:22:31,149:INFO:            imblearn: 0.12.4
2026-09-15 19:22:31,149:INFO:   category_encoders: 2.6.4
2026-09-15 19:22:31,149:INFO:            lightgbm: 4.6.0
2026-09-15 19:22:31,149:INFO:               numba: 0.58.1
2026-09-15 19:22:31,149:INFO:            requests: 2.32.4
2026-09-15 19:22:31,149:INFO:          matplotlib: 3.3.4
2026-09-15 19:22:31,149:INFO:          scikitplot: 0.3.7
2026-09-15 19:22:31,149:INFO:         yellowbrick: 1.5
2026-09-15 19:22:31,149:INFO:              plotly: 6.9.0
2026-09-15 19:22:31,149:INFO:    plotly-resampler: Not installed
2026-09-15 19:22:31,149:INFO:             kaleido: 1.4.0
2026-09-15 19:22:31,149:INFO:           schemdraw: 0.15
2026-09-15 19:22:31,149:INFO:         statsmodels: 0.14.1
2026-09-15 19:22:31,149:INFO:              sktime: 0.21.1
2026-09-15 19:22:31,149:INFO:               tbats: 1.1.3
2026-09-15 19:22:31,149:INFO:            pmdarima: 2.0.4
2026-09-15 19:22:31,149:INFO:              psutil: 7.2.2
2026-09-15 19:22:31,149:INFO:          markupsafe: 2.1.5
2026-09-15 19:22:31,149:INFO:             pickle5: Not installed
2026-09-15 19:22:31,149:INFO:         cloudpickle: 3.1.2
2026-09-15 19:22:31,149:INFO:         deprecation: 2.1.0
2026-09-15 19:22:31,149:INFO:              xxhash: 3.8.1
2026-09-15 19:22:31,149:INFO:           wurlitzer: Not installed
2026-09-15 19:22:31,149:INFO:PyCaret optional dependencies:
2026-09-15 19:22:31,158:INFO:                shap: Not installed
2026-09-15 19:22:31,159:INFO:           interpret: Not installed
2026-09-15 19:22:31,159:INFO:                umap: Not installed
2026-09-15 19:22:31,159:INFO:     ydata_profiling: Not installed
2026-09-15 19:22:31,159:INFO:  explainerdashboard: Not installed
2026-09-15 19:22:31,159:INFO:             autoviz: Not installed
2026-09-15 19:22:31,159:INFO:           fairlearn: Not installed
2026-09-15 19:22:31,159:INFO:          deepchecks: Not installed
2026-09-15 19:22:31,159:INFO:             xgboost: Not installed
2026-09-15 19:22:31,159:INFO:            catboost: Not installed
2026-09-15 19:22:31,159:INFO:              kmodes: Not installed
2026-09-15 19:22:31,159:INFO:             mlxtend: Not installed
2026-09-15 19:22:31,159:INFO:       statsforecast: Not installed
2026-09-15 19:22:31,159:INFO:        tune_sklearn: Not installed
2026-09-15 19:22:31,159:INFO:                 ray: Not installed
2026-09-15 19:22:31,159:INFO:            hyperopt: Not installed
2026-09-15 19:22:31,159:INFO:              optuna: Not installed
2026-09-15 19:22:31,159:INFO:               skopt: Not installed
2026-09-15 19:22:31,159:INFO:              mlflow: Not installed
2026-09-15 19:22:31,159:INFO:              gradio: Not installed
2026-09-15 19:22:31,159:INFO:             fastapi: Not installed
2026-09-15 19:22:31,159:INFO:             uvicorn: Not installed
2026-09-15 19:22:31,159:INFO:              m2cgen: Not installed
2026-09-15 19:22:31,159:INFO:           evidently: Not installed
2026-09-15 19:22:31,159:INFO:               fugue: Not installed
2026-09-15 19:22:31,159:INFO:           streamlit: Not installed
2026-09-15 19:22:31,159:INFO:             prophet: Not installed
2026-09-15 19:22:31,159:INFO:None
2026-09-15 19:22:31,159:INFO:Set up data.
2026-09-15 19:22:31,163:INFO:Set up folding strategy.
2026-09-15 19:22:31,163:INFO:Set up train/test split.
2026-09-15 19:22:31,166:INFO:Set up index.
2026-09-15 19:22:31,166:INFO:Assigning column types.
2026-09-15 19:22:31,168:INFO:Engine successfully changes for model 'lr' to 'sklearn'.
2026-09-15 19:22:31,193:INFO:Engine for model 'knn' has not been set explicitly, hence returning None.
2026-09-15 19:22:31,195:INFO:Engine for model 'rbfsvm' has not been set explicitly, hence returning None.
2026-09-15 19:22:31,216:WARNING:
'xgboost' is a soft dependency and not included in the pycaret installation. Please run: `pip install xgboost` to install.
Alternately, you can install this by running `pip install pycaret[models]`
2026-09-15 19:22:31,216:WARNING:
'catboost' is a soft dependency and not included in the pycaret installation. Please run: `pip install catboost` to install.
Alternately, you can install this by running `pip install pycaret[models]`
2026-09-15 19:22:31,244:INFO:Engine for model 'knn' has not been set explicitly, hence returning None.
2026-09-15 19:22:31,244:INFO:Engine for model 'rbfsvm' has not been set explicitly, hence returning None.
2026-09-15 19:22:31,263:WARNING:
'xgboost' is a soft dependency and not included in the pycaret installation. Please run: `pip install xgboost` to install.
Alternately, you can install this by running `pip install pycaret[models]`
2026-09-15 19:22:31,264:WARNING:
'catboost' is a soft dependency and not included in the pycaret installation. Please run: `pip install catboost` to install.
Alternately, you can install this by running `pip install pycaret[models]`
2026-09-15 19:22:31,264:INFO:Engine successfully changes for model 'knn' to 'sklearn'.
2026-09-15 19:22:31,291:INFO:Engine for model 'rbfsvm' has not been set explicitly, hence returning None.
2026-09-15 19:22:31,307:WARNING:
'xgboost' is a soft dependency and not included in the pycaret installation. Please run: `pip install xgboost` to install.
Alternately, you can install this by running `pip install pycaret[models]`
2026-09-15 19:22:31,307:WARNING:
'catboost' is a soft dependency and not included in the pycaret installation. Please run: `pip install catboost` to install.
Alternately, you can install this by running `pip install pycaret[models]`
2026-09-15 19:22:31,334:INFO:Engine for model 'rbfsvm' has not been set explicitly, hence returning None.
2026-09-15 19:22:31,351:WARNING:
'xgboost' is a soft dependency and not included in the pycaret installation. Please run: `pip install xgboost` to install.
Alternately, you can install this by running `pip install pycaret[models]`
2026-09-15 19:22:31,351:WARNING:
'catboost' is a soft dependency and not included in the pycaret installation. Please run: `pip install catboost` to install.
Alternately, you can install this by running `pip install pycaret[models]`
2026-09-15 19:22:31,351:INFO:Engine successfully changes for model 'rbfsvm' to 'sklearn'.
2026-09-15 19:22:31,394:WARNING:
'xgboost' is a soft dependency and not included in the pycaret installation. Please run: `pip install xgboost` to install.
Alternately, you can install this by running `pip install pycaret[models]`
2026-09-15 19:22:31,394:WARNING:
'catboost' is a soft dependency and not included in the pycaret installation. Please run: `pip install catboost` to install.
Alternately, you can install this by running `pip install pycaret[models]`
2026-09-15 19:22:31,436:WARNING:
'xgboost' is a soft dependency and not included in the pycaret installation. Please run: `pip install xgboost` to install.
Alternately, you can install this by running `pip install pycaret[models]`
2026-09-15 19:22:31,437:WARNING:
'catboost' is a soft dependency and not included in the pycaret installation. Please run: `pip install catboost` to install.
Alternately, you can install this by running `pip install pycaret[models]`
2026-09-15 19:22:31,438:INFO:Preparing preprocessing pipeline...
2026-09-15 19:22:31,439:INFO:Set up simple imputation.
2026-09-15 19:22:31,441:INFO:Set up column name cleaning.
2026-09-15 19:22:31,456:INFO:Finished creating preprocessing pipeline.
2026-09-15 19:22:31,459:INFO:Pipeline: Pipeline(memory=FastMemory(location=C:\Users\TELORY~1\AppData\Local\Temp\joblib),
         steps=[('numerical_imputer',
                 TransformerWrapper(exclude=None,
                                    include=['sepal length (cm)',
                                             'sepal width (cm)',
                                             'petal length (cm)',
                                             'petal width (cm)'],
                                    transformer=SimpleImputer(add_indicator=False,
                                                              copy=True,
                                                              fill_value=None,
                                                              keep_empty_features=False,
                                                              missing_values=nan,
                                                              strategy='me...
                 TransformerWrapper(exclude=None, include=[],
                                    transformer=SimpleImputer(add_indicator=False,
                                                              copy=True,
                                                              fill_value=None,
                                                              keep_empty_features=False,
                                                              missing_values=nan,
                                                              strategy='most_frequent',
                                                              verbose='deprecated'))),
                ('clean_column_names',
                 TransformerWrapper(exclude=None, include=None,
                                    transformer=CleanColumnNames(match='[\\]\\[\\,\\{\\}\\"\\:]+')))],
         verbose=False)
2026-09-15 19:22:31,459:INFO:Creating final display dataframe.
2026-09-15 19:22:31,504:INFO:Setup _display_container:                     Description             Value
0                    Session id              4983
1                        Target            Target
2                   Target type        Multiclass
3           Original data shape          (150, 5)
4        Transformed data shape          (150, 5)
5   Transformed train set shape          (105, 5)
6    Transformed test set shape           (45, 5)
7              Numeric features                 4
8                    Preprocess              True
9               Imputation type            simple
10           Numeric imputation              mean
11       Categorical imputation              mode
12               Fold Generator   StratifiedKFold
13                  Fold Number                10
14                     CPU Jobs                -1
15                      Use GPU             False
16               Log Experiment             False
17              Experiment Name  clf-default-name
18                          USI              21ec
2026-09-15 19:22:31,555:WARNING:
'xgboost' is a soft dependency and not included in the pycaret installation. Please run: `pip install xgboost` to install.
Alternately, you can install this by running `pip install pycaret[models]`
2026-09-15 19:22:31,555:WARNING:
'catboost' is a soft dependency and not included in the pycaret installation. Please run: `pip install catboost` to install.
Alternately, you can install this by running `pip install pycaret[models]`
2026-09-15 19:22:31,602:WARNING:
'xgboost' is a soft dependency and not included in the pycaret installation. Please run: `pip install xgboost` to install.
Alternately, you can install this by running `pip install pycaret[models]`
2026-09-15 19:22:31,602:WARNING:
'catboost' is a soft dependency and not included in the pycaret installation. Please run: `pip install catboost` to install.
Alternately, you can install this by running `pip install pycaret[models]`
2026-09-15 19:22:31,604:INFO:setup() successfully completed in 0.48s...............
2026-09-15 19:22:31,604:INFO:Initializing compare_models()
2026-09-15 19:22:31,604:INFO:compare_models(self=<pycaret.classification.oop.ClassificationExperiment object at 0x000002498DA9F5B0>, include=None, fold=None, round=4, cross_validation=True, sort=Accuracy, n_select=1, budget_time=None, turbo=True, errors=ignore, fit_kwargs=None, groups=None, experiment_custom_tags=None, probability_threshold=None, verbose=True, parallel=None, caller_params={'self': <pycaret.classification.oop.ClassificationExperiment object at 0x000002498DA9F5B0>, 'include': None, 'exclude': None, 'fold': None, 'round': 4, 'cross_validation': True, 'sort': 'Accuracy', 'n_select': 1, 'budget_time': None, 'turbo': True, 'errors': 'ignore', 'fit_kwargs': None, 'groups': None, 'experiment_custom_tags': None, 'probability_threshold': None, 'engine': None, 'verbose': True, 'parallel': None, '__class__': <class 'pycaret.classification.oop.ClassificationExperiment'>}, exclude=None)
2026-09-15 19:22:31,604:INFO:Checking exceptions
2026-09-15 19:22:31,606:INFO:Preparing display monitor
2026-09-15 19:22:31,609:INFO:Initializing Logistic Regression
2026-09-15 19:22:31,609:INFO:Total runtime is 0.0 minutes
2026-09-15 19:22:31,609:INFO:SubProcess create_model() called ==================================
2026-09-15 19:22:31,609:INFO:Initializing create_model()
2026-09-15 19:22:31,609:INFO:create_model(self=<pycaret.classification.oop.ClassificationExperiment object at 0x000002498DA9F5B0>, estimator=lr, fold=StratifiedKFold(n_splits=10, random_state=None, shuffle=False), round=4, cross_validation=True, predict=True, fit_kwargs={}, groups=None, refit=False, probability_threshold=None, experiment_custom_tags=None, verbose=False, system=False, add_to_model_list=True, metrics=None, display=<pycaret.internal.display.display.CommonDisplay object at 0x00000249AB927730>, model_only=True, return_train_score=False, error_score=0.0, kwargs={})
2026-09-15 19:22:31,609:INFO:Checking exceptions
2026-09-15 19:22:31,609:INFO:Importing libraries
2026-09-15 19:22:31,609:INFO:Copying training dataset
2026-09-15 19:22:31,612:INFO:Defining folds
2026-09-15 19:22:31,613:INFO:Declaring metric variables
2026-09-15 19:22:31,613:INFO:Importing untrained model
2026-09-15 19:22:31,613:INFO:Logistic Regression Imported successfully
2026-09-15 19:22:31,613:INFO:Starting cross validation
2026-09-15 19:22:31,614:INFO:Cross validating with StratifiedKFold(n_splits=10, random_state=None, shuffle=False), n_jobs=-1
2026-09-15 19:22:34,108:INFO:Calculating mean and std
2026-09-15 19:22:34,109:INFO:Creating metrics dataframe
2026-09-15 19:22:34,112:INFO:Uploading results into container
2026-09-15 19:22:34,113:INFO:Uploading model into container now
2026-09-15 19:22:34,113:INFO:_master_model_container: 1
2026-09-15 19:22:34,113:INFO:_display_container: 2
2026-09-15 19:22:34,113:INFO:LogisticRegression(C=1.0, class_weight=None, dual=False, fit_intercept=True,
                   intercept_scaling=1, l1_ratio=None, max_iter=1000,
                   multi_class='auto', n_jobs=None, penalty='l2',
                   random_state=4983, solver='lbfgs', tol=0.0001, verbose=0,
                   warm_start=False)
2026-09-15 19:22:34,113:INFO:create_model() successfully completed......................................
2026-09-15 19:22:34,165:INFO:SubProcess create_model() end ==================================
2026-09-15 19:22:34,165:INFO:Creating metrics dataframe
2026-09-15 19:22:34,168:INFO:Initializing K Neighbors Classifier
2026-09-15 19:22:34,168:INFO:Total runtime is 0.04264351924260457 minutes
2026-09-15 19:22:34,168:INFO:SubProcess create_model() called ==================================
2026-09-15 19:22:34,169:INFO:Initializing create_model()
2026-09-15 19:22:34,169:INFO:create_model(self=<pycaret.classification.oop.ClassificationExperiment object at 0x000002498DA9F5B0>, estimator=knn, fold=StratifiedKFold(n_splits=10, random_state=None, shuffle=False), round=4, cross_validation=True, predict=True, fit_kwargs={}, groups=None, refit=False, probability_threshold=None, experiment_custom_tags=None, verbose=False, system=False, add_to_model_list=True, metrics=None, display=<pycaret.internal.display.display.CommonDisplay object at 0x00000249AB927730>, model_only=True, return_train_score=False, error_score=0.0, kwargs={})
2026-09-15 19:22:34,169:INFO:Checking exceptions
2026-09-15 19:22:34,169:INFO:Importing libraries
2026-09-15 19:22:34,169:INFO:Copying training dataset
2026-09-15 19:22:34,171:INFO:Defining folds
2026-09-15 19:22:34,171:INFO:Declaring metric variables
2026-09-15 19:22:34,171:INFO:Importing untrained model
2026-09-15 19:22:34,171:INFO:K Neighbors Classifier Imported successfully
2026-09-15 19:22:34,171:INFO:Starting cross validation
2026-09-15 19:22:34,172:INFO:Cross validating with StratifiedKFold(n_splits=10, random_state=None, shuffle=False), n_jobs=-1
2026-09-15 19:22:35,265:INFO:Calculating mean and std
2026-09-15 19:22:35,266:INFO:Creating metrics dataframe
2026-09-15 19:22:35,269:INFO:Uploading results into container
2026-09-15 19:22:35,269:INFO:Uploading model into container now
2026-09-15 19:22:35,269:INFO:_master_model_container: 2
2026-09-15 19:22:35,269:INFO:_display_container: 2
2026-09-15 19:22:35,269:INFO:KNeighborsClassifier(algorithm='auto', leaf_size=30, metric='minkowski',
                     metric_params=None, n_jobs=-1, n_neighbors=5, p=2,
                     weights='uniform')
2026-09-15 19:22:35,271:INFO:create_model() successfully completed......................................
2026-09-15 19:22:35,323:INFO:SubProcess create_model() end ==================================
2026-09-15 19:22:35,323:INFO:Creating metrics dataframe
2026-09-15 19:22:35,327:INFO:Initializing Naive Bayes
2026-09-15 19:22:35,327:INFO:Total runtime is 0.061966733137766516 minutes
2026-09-15 19:22:35,327:INFO:SubProcess create_model() called ==================================
2026-09-15 19:22:35,327:INFO:Initializing create_model()
2026-09-15 19:22:35,327:INFO:create_model(self=<pycaret.classification.oop.ClassificationExperiment object at 0x000002498DA9F5B0>, estimator=nb, fold=StratifiedKFold(n_splits=10, random_state=None, shuffle=False), round=4, cross_validation=True, predict=True, fit_kwargs={}, groups=None, refit=False, probability_threshold=None, experiment_custom_tags=None, verbose=False, system=False, add_to_model_list=True, metrics=None, display=<pycaret.internal.display.display.CommonDisplay object at 0x00000249AB927730>, model_only=True, return_train_score=False, error_score=0.0, kwargs={})
2026-09-15 19:22:35,327:INFO:Checking exceptions
2026-09-15 19:22:35,327:INFO:Importing libraries
2026-09-15 19:22:35,327:INFO:Copying training dataset
2026-09-15 19:22:35,329:INFO:Defining folds
2026-09-15 19:22:35,329:INFO:Declaring metric variables
2026-09-15 19:22:35,329:INFO:Importing untrained model
2026-09-15 19:22:35,329:INFO:Naive Bayes Imported successfully
2026-09-15 19:22:35,329:INFO:Starting cross validation
2026-09-15 19:22:35,329:INFO:Cross validating with StratifiedKFold(n_splits=10, random_state=None, shuffle=False), n_jobs=-1
2026-09-15 19:22:35,376:INFO:Calculating mean and std
2026-09-15 19:22:35,377:INFO:Creating metrics dataframe
2026-09-15 19:22:35,379:INFO:Uploading results into container
2026-09-15 19:22:35,379:INFO:Uploading model into container now
2026-09-15 19:22:35,379:INFO:_master_model_container: 3
2026-09-15 19:22:35,379:INFO:_display_container: 2
2026-09-15 19:22:35,381:INFO:GaussianNB(priors=None, var_smoothing=1e-09)
2026-09-15 19:22:35,381:INFO:create_model() successfully completed......................................
2026-09-15 19:22:35,425:INFO:SubProcess create_model() end ==================================
2026-09-15 19:22:35,425:INFO:Creating metrics dataframe
2026-09-15 19:22:35,428:INFO:Initializing Decision Tree Classifier
2026-09-15 19:22:35,428:INFO:Total runtime is 0.06364986499150593 minutes
2026-09-15 19:22:35,428:INFO:SubProcess create_model() called ==================================
2026-09-15 19:22:35,428:INFO:Initializing create_model()
2026-09-15 19:22:35,428:INFO:create_model(self=<pycaret.classification.oop.ClassificationExperiment object at 0x000002498DA9F5B0>, estimator=dt, fold=StratifiedKFold(n_splits=10, random_state=None, shuffle=False), round=4, cross_validation=True, predict=True, fit_kwargs={}, groups=None, refit=False, probability_threshold=None, experiment_custom_tags=None, verbose=False, system=False, add_to_model_list=True, metrics=None, display=<pycaret.internal.display.display.CommonDisplay object at 0x00000249AB927730>, model_only=True, return_train_score=False, error_score=0.0, kwargs={})
2026-09-15 19:22:35,428:INFO:Checking exceptions
2026-09-15 19:22:35,429:INFO:Importing libraries
2026-09-15 19:22:35,429:INFO:Copying training dataset
2026-09-15 19:22:35,431:INFO:Defining folds
2026-09-15 19:22:35,431:INFO:Declaring metric variables
2026-09-15 19:22:35,432:INFO:Importing untrained model
2026-09-15 19:22:35,432:INFO:Decision Tree Classifier Imported successfully
2026-09-15 19:22:35,432:INFO:Starting cross validation
2026-09-15 19:22:35,432:INFO:Cross validating with StratifiedKFold(n_splits=10, random_state=None, shuffle=False), n_jobs=-1
2026-09-15 19:22:35,477:INFO:Calculating mean and std
2026-09-15 19:22:35,477:INFO:Creating metrics dataframe
2026-09-15 19:22:35,479:INFO:Uploading results into container
2026-09-15 19:22:35,481:INFO:Uploading model into container now
2026-09-15 19:22:35,481:INFO:_master_model_container: 4
2026-09-15 19:22:35,481:INFO:_display_container: 2
2026-09-15 19:22:35,481:INFO:DecisionTreeClassifier(ccp_alpha=0.0, class_weight=None, criterion='gini',
                       max_depth=None, max_features=None, max_leaf_nodes=None,
                       min_impurity_decrease=0.0, min_samples_leaf=1,
                       min_samples_split=2, min_weight_fraction_leaf=0.0,
                       random_state=4983, splitter='best')
2026-09-15 19:22:35,481:INFO:create_model() successfully completed......................................
2026-09-15 19:22:35,531:INFO:SubProcess create_model() end ==================================
2026-09-15 19:22:35,531:INFO:Creating metrics dataframe
2026-09-15 19:22:35,535:INFO:Initializing SVM - Linear Kernel
2026-09-15 19:22:35,535:INFO:Total runtime is 0.06542985041936238 minutes
2026-09-15 19:22:35,535:INFO:SubProcess create_model() called ==================================
2026-09-15 19:22:35,535:INFO:Initializing create_model()
2026-09-15 19:22:35,535:INFO:create_model(self=<pycaret.classification.oop.ClassificationExperiment object at 0x000002498DA9F5B0>, estimator=svm, fold=StratifiedKFold(n_splits=10, random_state=None, shuffle=False), round=4, cross_validation=True, predict=True, fit_kwargs={}, groups=None, refit=False, probability_threshold=None, experiment_custom_tags=None, verbose=False, system=False, add_to_model_list=True, metrics=None, display=<pycaret.internal.display.display.CommonDisplay object at 0x00000249AB927730>, model_only=True, return_train_score=False, error_score=0.0, kwargs={})
2026-09-15 19:22:35,535:INFO:Checking exceptions
2026-09-15 19:22:35,535:INFO:Importing libraries
2026-09-15 19:22:35,535:INFO:Copying training dataset
2026-09-15 19:22:35,538:INFO:Defining folds
2026-09-15 19:22:35,538:INFO:Declaring metric variables
2026-09-15 19:22:35,538:INFO:Importing untrained model
2026-09-15 19:22:35,538:INFO:SVM - Linear Kernel Imported successfully
2026-09-15 19:22:35,538:INFO:Starting cross validation
2026-09-15 19:22:35,539:INFO:Cross validating with StratifiedKFold(n_splits=10, random_state=None, shuffle=False), n_jobs=-1
2026-09-15 19:22:35,576:WARNING:D:\ai\myenv\lib\site-packages\pycaret\internal\metrics.py:190: FitFailedWarning: Metric 'make_scorer(roc_auc_score, needs_proba=True, error_score=0.0, average=weighted, multi_class=ovr)' failed and error score 0.0 has been returned instead. If this is a custom metric, this usually means that the error is in the metric code. Full exception below:
Traceback (most recent call last):
  File "D:\ai\myenv\lib\site-packages\sklearn\metrics\_scorer.py", line 76, in _cached_call
    return cache[method]
KeyError: 'predict_proba'

During handling of the above exception, another exception occurred:

Traceback (most recent call last):
  File "D:\ai\myenv\lib\site-packages\pycaret\internal\metrics.py", line 182, in _score
    return super()._score(
  File "D:\ai\myenv\lib\site-packages\sklearn\metrics\_scorer.py", line 316, in _score
    y_pred = method_caller(clf, "predict_proba", X)
  File "D:\ai\myenv\lib\site-packages\sklearn\metrics\_scorer.py", line 78, in _cached_call
    result = getattr(estimator, method)(*args, **kwargs)
  File "D:\ai\myenv\lib\site-packages\pycaret\internal\pipeline.py", line 127, in __getattr__
    return getattr(self._final_estimator, name)
  File "D:\ai\myenv\lib\site-packages\sklearn\utils\_available_if.py", line 32, in __get__
    if not self.check(obj):
  File "D:\ai\myenv\lib\site-packages\sklearn\linear_model\_stochastic_gradient.py", line 1235, in _check_proba
    raise AttributeError(
AttributeError: probability estimates are not available for loss='hinge'

  warnings.warn(

2026-09-15 19:22:35,576:WARNING:D:\ai\myenv\lib\site-packages\pycaret\internal\metrics.py:190: FitFailedWarning: Metric 'make_scorer(roc_auc_score, needs_proba=True, error_score=0.0, average=weighted, multi_class=ovr)' failed and error score 0.0 has been returned instead. If this is a custom metric, this usually means that the error is in the metric code. Full exception below:
Traceback (most recent call last):
  File "D:\ai\myenv\lib\site-packages\sklearn\metrics\_scorer.py", line 76, in _cached_call
    return cache[method]
KeyError: 'predict_proba'

During handling of the above exception, another exception occurred:

Traceback (most recent call last):
  File "D:\ai\myenv\lib\site-packages\pycaret\internal\metrics.py", line 182, in _score
    return super()._score(
  File "D:\ai\myenv\lib\site-packages\sklearn\metrics\_scorer.py", line 316, in _score
    y_pred = method_caller(clf, "predict_proba", X)
  File "D:\ai\myenv\lib\site-packages\sklearn\metrics\_scorer.py", line 78, in _cached_call
    result = getattr(estimator, method)(*args, **kwargs)
  File "D:\ai\myenv\lib\site-packages\pycaret\internal\pipeline.py", line 127, in __getattr__
    return getattr(self._final_estimator, name)
  File "D:\ai\myenv\lib\site-packages\sklearn\utils\_available_if.py", line 32, in __get__
    if not self.check(obj):
  File "D:\ai\myenv\lib\site-packages\sklearn\linear_model\_stochastic_gradient.py", line 1235, in _check_proba
    raise AttributeError(
AttributeError: probability estimates are not available for loss='hinge'

  warnings.warn(

2026-09-15 19:22:35,577:WARNING:D:\ai\myenv\lib\site-packages\pycaret\internal\metrics.py:190: FitFailedWarning: Metric 'make_scorer(roc_auc_score, needs_proba=True, error_score=0.0, average=weighted, multi_class=ovr)' failed and error score 0.0 has been returned instead. If this is a custom metric, this usually means that the error is in the metric code. Full exception below:
Traceback (most recent call last):
  File "D:\ai\myenv\lib\site-packages\sklearn\metrics\_scorer.py", line 76, in _cached_call
    return cache[method]
KeyError: 'predict_proba'

During handling of the above exception, another exception occurred:

Traceback (most recent call last):
  File "D:\ai\myenv\lib\site-packages\pycaret\internal\metrics.py", line 182, in _score
    return super()._score(
  File "D:\ai\myenv\lib\site-packages\sklearn\metrics\_scorer.py", line 316, in _score
    y_pred = method_caller(clf, "predict_proba", X)
  File "D:\ai\myenv\lib\site-packages\sklearn\metrics\_scorer.py", line 78, in _cached_call
    result = getattr(estimator, method)(*args, **kwargs)
  File "D:\ai\myenv\lib\site-packages\pycaret\internal\pipeline.py", line 127, in __getattr__
    return getattr(self._final_estimator, name)
  File "D:\ai\myenv\lib\site-packages\sklearn\utils\_available_if.py", line 32, in __get__
    if not self.check(obj):
  File "D:\ai\myenv\lib\site-packages\sklearn\linear_model\_stochastic_gradient.py", line 1235, in _check_proba
    raise AttributeError(
AttributeError: probability estimates are not available for loss='hinge'

  warnings.warn(

2026-09-15 19:22:35,579:WARNING:D:\ai\myenv\lib\site-packages\pycaret\internal\metrics.py:190: FitFailedWarning: Metric 'make_scorer(roc_auc_score, needs_proba=True, error_score=0.0, average=weighted, multi_class=ovr)' failed and error score 0.0 has been returned instead. If this is a custom metric, this usually means that the error is in the metric code. Full exception below:
Traceback (most recent call last):
  File "D:\ai\myenv\lib\site-packages\sklearn\metrics\_scorer.py", line 76, in _cached_call
    return cache[method]
KeyError: 'predict_proba'

During handling of the above exception, another exception occurred:

Traceback (most recent call last):
  File "D:\ai\myenv\lib\site-packages\pycaret\internal\metrics.py", line 182, in _score
    return super()._score(
  File "D:\ai\myenv\lib\site-packages\sklearn\metrics\_scorer.py", line 316, in _score
    y_pred = method_caller(clf, "predict_proba", X)
  File "D:\ai\myenv\lib\site-packages\sklearn\metrics\_scorer.py", line 78, in _cached_call
    result = getattr(estimator, method)(*args, **kwargs)
  File "D:\ai\myenv\lib\site-packages\pycaret\internal\pipeline.py", line 127, in __getattr__
    return getattr(self._final_estimator, name)
  File "D:\ai\myenv\lib\site-packages\sklearn\utils\_available_if.py", line 32, in __get__
    if not self.check(obj):
  File "D:\ai\myenv\lib\site-packages\sklearn\linear_model\_stochastic_gradient.py", line 1235, in _check_proba
    raise AttributeError(
AttributeError: probability estimates are not available for loss='hinge'

  warnings.warn(

2026-09-15 19:22:35,583:WARNING:D:\ai\myenv\lib\site-packages\pycaret\internal\metrics.py:190: FitFailedWarning: Metric 'make_scorer(roc_auc_score, needs_proba=True, error_score=0.0, average=weighted, multi_class=ovr)' failed and error score 0.0 has been returned instead. If this is a custom metric, this usually means that the error is in the metric code. Full exception below:
Traceback (most recent call last):
  File "D:\ai\myenv\lib\site-packages\sklearn\metrics\_scorer.py", line 76, in _cached_call
    return cache[method]
KeyError: 'predict_proba'

During handling of the above exception, another exception occurred:

Traceback (most recent call last):
  File "D:\ai\myenv\lib\site-packages\pycaret\internal\metrics.py", line 182, in _score
    return super()._score(
  File "D:\ai\myenv\lib\site-packages\sklearn\metrics\_scorer.py", line 316, in _score
    y_pred = method_caller(clf, "predict_proba", X)
  File "D:\ai\myenv\lib\site-packages\sklearn\metrics\_scorer.py", line 78, in _cached_call
    result = getattr(estimator, method)(*args, **kwargs)
  File "D:\ai\myenv\lib\site-packages\pycaret\internal\pipeline.py", line 127, in __getattr__
    return getattr(self._final_estimator, name)
  File "D:\ai\myenv\lib\site-packages\sklearn\utils\_available_if.py", line 32, in __get__
    if not self.check(obj):
  File "D:\ai\myenv\lib\site-packages\sklearn\linear_model\_stochastic_gradient.py", line 1235, in _check_proba
    raise AttributeError(
AttributeError: probability estimates are not available for loss='hinge'

  warnings.warn(

2026-09-15 19:22:35,588:WARNING:D:\ai\myenv\lib\site-packages\pycaret\internal\metrics.py:190: FitFailedWarning: Metric 'make_scorer(roc_auc_score, needs_proba=True, error_score=0.0, average=weighted, multi_class=ovr)' failed and error score 0.0 has been returned instead. If this is a custom metric, this usually means that the error is in the metric code. Full exception below:
Traceback (most recent call last):
  File "D:\ai\myenv\lib\site-packages\sklearn\metrics\_scorer.py", line 76, in _cached_call
    return cache[method]
KeyError: 'predict_proba'

During handling of the above exception, another exception occurred:

Traceback (most recent call last):
  File "D:\ai\myenv\lib\site-packages\pycaret\internal\metrics.py", line 182, in _score
    return super()._score(
  File "D:\ai\myenv\lib\site-packages\sklearn\metrics\_scorer.py", line 316, in _score
    y_pred = method_caller(clf, "predict_proba", X)
  File "D:\ai\myenv\lib\site-packages\sklearn\metrics\_scorer.py", line 78, in _cached_call
    result = getattr(estimator, method)(*args, **kwargs)
  File "D:\ai\myenv\lib\site-packages\pycaret\internal\pipeline.py", line 127, in __getattr__
    return getattr(self._final_estimator, name)
  File "D:\ai\myenv\lib\site-packages\sklearn\utils\_available_if.py", line 32, in __get__
    if not self.check(obj):
  File "D:\ai\myenv\lib\site-packages\sklearn\linear_model\_stochastic_gradient.py", line 1235, in _check_proba
    raise AttributeError(
AttributeError: probability estimates are not available for loss='hinge'

  warnings.warn(

2026-09-15 19:22:35,588:WARNING:D:\ai\myenv\lib\site-packages\pycaret\internal\metrics.py:190: FitFailedWarning: Metric 'make_scorer(roc_auc_score, needs_proba=True, error_score=0.0, average=weighted, multi_class=ovr)' failed and error score 0.0 has been returned instead. If this is a custom metric, this usually means that the error is in the metric code. Full exception below:
Traceback (most recent call last):
  File "D:\ai\myenv\lib\site-packages\sklearn\metrics\_scorer.py", line 76, in _cached_call
    return cache[method]
KeyError: 'predict_proba'

During handling of the above exception, another exception occurred:

Traceback (most recent call last):
  File "D:\ai\myenv\lib\site-packages\pycaret\internal\metrics.py", line 182, in _score
    return super()._score(
  File "D:\ai\myenv\lib\site-packages\sklearn\metrics\_scorer.py", line 316, in _score
    y_pred = method_caller(clf, "predict_proba", X)
  File "D:\ai\myenv\lib\site-packages\sklearn\metrics\_scorer.py", line 78, in _cached_call
    result = getattr(estimator, method)(*args, **kwargs)
  File "D:\ai\myenv\lib\site-packages\pycaret\internal\pipeline.py", line 127, in __getattr__
    return getattr(self._final_estimator, name)
  File "D:\ai\myenv\lib\site-packages\sklearn\utils\_available_if.py", line 32, in __get__
    if not self.check(obj):
  File "D:\ai\myenv\lib\site-packages\sklearn\linear_model\_stochastic_gradient.py", line 1235, in _check_proba
    raise AttributeError(
AttributeError: probability estimates are not available for loss='hinge'

  warnings.warn(

2026-09-15 19:22:35,596:WARNING:D:\ai\myenv\lib\site-packages\pycaret\internal\metrics.py:190: FitFailedWarning: Metric 'make_scorer(roc_auc_score, needs_proba=True, error_score=0.0, average=weighted, multi_class=ovr)' failed and error score 0.0 has been returned instead. If this is a custom metric, this usually means that the error is in the metric code. Full exception below:
Traceback (most recent call last):
  File "D:\ai\myenv\lib\site-packages\sklearn\metrics\_scorer.py", line 76, in _cached_call
    return cache[method]
KeyError: 'predict_proba'

During handling of the above exception, another exception occurred:

Traceback (most recent call last):
  File "D:\ai\myenv\lib\site-packages\pycaret\internal\metrics.py", line 182, in _score
    return super()._score(
  File "D:\ai\myenv\lib\site-packages\sklearn\metrics\_scorer.py", line 316, in _score
    y_pred = method_caller(clf, "predict_proba", X)
  File "D:\ai\myenv\lib\site-packages\sklearn\metrics\_scorer.py", line 78, in _cached_call
    result = getattr(estimator, method)(*args, **kwargs)
  File "D:\ai\myenv\lib\site-packages\pycaret\internal\pipeline.py", line 127, in __getattr__
    return getattr(self._final_estimator, name)
  File "D:\ai\myenv\lib\site-packages\sklearn\utils\_available_if.py", line 32, in __get__
    if not self.check(obj):
  File "D:\ai\myenv\lib\site-packages\sklearn\linear_model\_stochastic_gradient.py", line 1235, in _check_proba
    raise AttributeError(
AttributeError: probability estimates are not available for loss='hinge'

  warnings.warn(

2026-09-15 19:22:35,601:WARNING:D:\ai\myenv\lib\site-packages\pycaret\internal\metrics.py:190: FitFailedWarning: Metric 'make_scorer(roc_auc_score, needs_proba=True, error_score=0.0, average=weighted, multi_class=ovr)' failed and error score 0.0 has been returned instead. If this is a custom metric, this usually means that the error is in the metric code. Full exception below:
Traceback (most recent call last):
  File "D:\ai\myenv\lib\site-packages\sklearn\metrics\_scorer.py", line 76, in _cached_call
    return cache[method]
KeyError: 'predict_proba'

During handling of the above exception, another exception occurred:

Traceback (most recent call last):
  File "D:\ai\myenv\lib\site-packages\pycaret\internal\metrics.py", line 182, in _score
    return super()._score(
  File "D:\ai\myenv\lib\site-packages\sklearn\metrics\_scorer.py", line 316, in _score
    y_pred = method_caller(clf, "predict_proba", X)
  File "D:\ai\myenv\lib\site-packages\sklearn\metrics\_scorer.py", line 78, in _cached_call
    result = getattr(estimator, method)(*args, **kwargs)
  File "D:\ai\myenv\lib\site-packages\pycaret\internal\pipeline.py", line 127, in __getattr__
    return getattr(self._final_estimator, name)
  File "D:\ai\myenv\lib\site-packages\sklearn\utils\_available_if.py", line 32, in __get__
    if not self.check(obj):
  File "D:\ai\myenv\lib\site-packages\sklearn\linear_model\_stochastic_gradient.py", line 1235, in _check_proba
    raise AttributeError(
AttributeError: probability estimates are not available for loss='hinge'

  warnings.warn(

2026-09-15 19:22:35,601:WARNING:D:\ai\myenv\lib\site-packages\pycaret\internal\metrics.py:190: FitFailedWarning: Metric 'make_scorer(roc_auc_score, needs_proba=True, error_score=0.0, average=weighted, multi_class=ovr)' failed and error score 0.0 has been returned instead. If this is a custom metric, this usually means that the error is in the metric code. Full exception below:
Traceback (most recent call last):
  File "D:\ai\myenv\lib\site-packages\sklearn\metrics\_scorer.py", line 76, in _cached_call
    return cache[method]
KeyError: 'predict_proba'

During handling of the above exception, another exception occurred:

Traceback (most recent call last):
  File "D:\ai\myenv\lib\site-packages\pycaret\internal\metrics.py", line 182, in _score
    return super()._score(
  File "D:\ai\myenv\lib\site-packages\sklearn\metrics\_scorer.py", line 316, in _score
    y_pred = method_caller(clf, "predict_proba", X)
  File "D:\ai\myenv\lib\site-packages\sklearn\metrics\_scorer.py", line 78, in _cached_call
    result = getattr(estimator, method)(*args, **kwargs)
  File "D:\ai\myenv\lib\site-packages\pycaret\internal\pipeline.py", line 127, in __getattr__
    return getattr(self._final_estimator, name)
  File "D:\ai\myenv\lib\site-packages\sklearn\utils\_available_if.py", line 32, in __get__
    if not self.check(obj):
  File "D:\ai\myenv\lib\site-packages\sklearn\linear_model\_stochastic_gradient.py", line 1235, in _check_proba
    raise AttributeError(
AttributeError: probability estimates are not available for loss='hinge'

  warnings.warn(

2026-09-15 19:22:35,604:WARNING:D:\ai\myenv\lib\site-packages\sklearn\metrics\_classification.py:1344: UndefinedMetricWarning: Precision is ill-defined and being set to 0.0 in labels with no predicted samples. Use `zero_division` parameter to control this behavior.
  _warn_prf(average, modifier, msg_start, len(result))

2026-09-15 19:22:35,605:WARNING:D:\ai\myenv\lib\site-packages\sklearn\metrics\_classification.py:1344: UndefinedMetricWarning: Precision is ill-defined and being set to 0.0 in labels with no predicted samples. Use `zero_division` parameter to control this behavior.
  _warn_prf(average, modifier, msg_start, len(result))

2026-09-15 19:22:35,609:INFO:Calculating mean and std
2026-09-15 19:22:35,609:INFO:Creating metrics dataframe
2026-09-15 19:22:35,612:INFO:Uploading results into container
2026-09-15 19:22:35,613:INFO:Uploading model into container now
2026-09-15 19:22:35,613:INFO:_master_model_container: 5
2026-09-15 19:22:35,613:INFO:_display_container: 2
2026-09-15 19:22:35,613:INFO:SGDClassifier(alpha=0.0001, average=False, class_weight=None,
              early_stopping=False, epsilon=0.1, eta0=0.001, fit_intercept=True,
              l1_ratio=0.15, learning_rate='optimal', loss='hinge',
              max_iter=1000, n_iter_no_change=5, n_jobs=-1, penalty='l2',
              power_t=0.5, random_state=4983, shuffle=True, tol=0.001,
              validation_fraction=0.1, verbose=0, warm_start=False)
2026-09-15 19:22:35,613:INFO:create_model() successfully completed......................................
2026-09-15 19:22:35,658:INFO:SubProcess create_model() end ==================================
2026-09-15 19:22:35,659:INFO:Creating metrics dataframe
2026-09-15 19:22:35,661:INFO:Initializing Ridge Classifier
2026-09-15 19:22:35,662:INFO:Total runtime is 0.06754567623138427 minutes
2026-09-15 19:22:35,662:INFO:SubProcess create_model() called ==================================
2026-09-15 19:22:35,662:INFO:Initializing create_model()
2026-09-15 19:22:35,662:INFO:create_model(self=<pycaret.classification.oop.ClassificationExperiment object at 0x000002498DA9F5B0>, estimator=ridge, fold=StratifiedKFold(n_splits=10, random_state=None, shuffle=False), round=4, cross_validation=True, predict=True, fit_kwargs={}, groups=None, refit=False, probability_threshold=None, experiment_custom_tags=None, verbose=False, system=False, add_to_model_list=True, metrics=None, display=<pycaret.internal.display.display.CommonDisplay object at 0x00000249AB927730>, model_only=True, return_train_score=False, error_score=0.0, kwargs={})
2026-09-15 19:22:35,662:INFO:Checking exceptions
2026-09-15 19:22:35,662:INFO:Importing libraries
2026-09-15 19:22:35,662:INFO:Copying training dataset
2026-09-15 19:22:35,664:INFO:Defining folds
2026-09-15 19:22:35,664:INFO:Declaring metric variables
2026-09-15 19:22:35,664:INFO:Importing untrained model
2026-09-15 19:22:35,664:INFO:Ridge Classifier Imported successfully
2026-09-15 19:22:35,664:INFO:Starting cross validation
2026-09-15 19:22:35,665:INFO:Cross validating with StratifiedKFold(n_splits=10, random_state=None, shuffle=False), n_jobs=-1
2026-09-15 19:22:35,688:WARNING:D:\ai\myenv\lib\site-packages\pycaret\internal\metrics.py:190: FitFailedWarning: Metric 'make_scorer(roc_auc_score, needs_proba=True, error_score=0.0, average=weighted, multi_class=ovr)' failed and error score 0.0 has been returned instead. If this is a custom metric, this usually means that the error is in the metric code. Full exception below:
Traceback (most recent call last):
  File "D:\ai\myenv\lib\site-packages\sklearn\metrics\_scorer.py", line 76, in _cached_call
    return cache[method]
KeyError: 'predict_proba'

During handling of the above exception, another exception occurred:

Traceback (most recent call last):
  File "D:\ai\myenv\lib\site-packages\pycaret\internal\metrics.py", line 182, in _score
    return super()._score(
  File "D:\ai\myenv\lib\site-packages\sklearn\metrics\_scorer.py", line 316, in _score
    y_pred = method_caller(clf, "predict_proba", X)
  File "D:\ai\myenv\lib\site-packages\sklearn\metrics\_scorer.py", line 78, in _cached_call
    result = getattr(estimator, method)(*args, **kwargs)
  File "D:\ai\myenv\lib\site-packages\pycaret\internal\pipeline.py", line 127, in __getattr__
    return getattr(self._final_estimator, name)
AttributeError: 'RidgeClassifier' object has no attribute 'predict_proba'

  warnings.warn(

2026-09-15 19:22:35,688:WARNING:D:\ai\myenv\lib\site-packages\pycaret\internal\metrics.py:190: FitFailedWarning: Metric 'make_scorer(roc_auc_score, needs_proba=True, error_score=0.0, average=weighted, multi_class=ovr)' failed and error score 0.0 has been returned instead. If this is a custom metric, this usually means that the error is in the metric code. Full exception below:
Traceback (most recent call last):
  File "D:\ai\myenv\lib\site-packages\sklearn\metrics\_scorer.py", line 76, in _cached_call
    return cache[method]
KeyError: 'predict_proba'

During handling of the above exception, another exception occurred:

Traceback (most recent call last):
  File "D:\ai\myenv\lib\site-packages\pycaret\internal\metrics.py", line 182, in _score
    return super()._score(
  File "D:\ai\myenv\lib\site-packages\sklearn\metrics\_scorer.py", line 316, in _score
    y_pred = method_caller(clf, "predict_proba", X)
  File "D:\ai\myenv\lib\site-packages\sklearn\metrics\_scorer.py", line 78, in _cached_call
    result = getattr(estimator, method)(*args, **kwargs)
  File "D:\ai\myenv\lib\site-packages\pycaret\internal\pipeline.py", line 127, in __getattr__
    return getattr(self._final_estimator, name)
AttributeError: 'RidgeClassifier' object has no attribute 'predict_proba'

  warnings.warn(

2026-09-15 19:22:35,688:WARNING:D:\ai\myenv\lib\site-packages\pycaret\internal\metrics.py:190: FitFailedWarning: Metric 'make_scorer(roc_auc_score, needs_proba=True, error_score=0.0, average=weighted, multi_class=ovr)' failed and error score 0.0 has been returned instead. If this is a custom metric, this usually means that the error is in the metric code. Full exception below:
Traceback (most recent call last):
  File "D:\ai\myenv\lib\site-packages\sklearn\metrics\_scorer.py", line 76, in _cached_call
    return cache[method]
KeyError: 'predict_proba'

During handling of the above exception, another exception occurred:

Traceback (most recent call last):
  File "D:\ai\myenv\lib\site-packages\pycaret\internal\metrics.py", line 182, in _score
    return super()._score(
  File "D:\ai\myenv\lib\site-packages\sklearn\metrics\_scorer.py", line 316, in _score
    y_pred = method_caller(clf, "predict_proba", X)
  File "D:\ai\myenv\lib\site-packages\sklearn\metrics\_scorer.py", line 78, in _cached_call
    result = getattr(estimator, method)(*args, **kwargs)
  File "D:\ai\myenv\lib\site-packages\pycaret\internal\pipeline.py", line 127, in __getattr__
    return getattr(self._final_estimator, name)
AttributeError: 'RidgeClassifier' object has no attribute 'predict_proba'

  warnings.warn(

2026-09-15 19:22:35,688:WARNING:D:\ai\myenv\lib\site-packages\pycaret\internal\metrics.py:190: FitFailedWarning: Metric 'make_scorer(roc_auc_score, needs_proba=True, error_score=0.0, average=weighted, multi_class=ovr)' failed and error score 0.0 has been returned instead. If this is a custom metric, this usually means that the error is in the metric code. Full exception below:
Traceback (most recent call last):
  File "D:\ai\myenv\lib\site-packages\sklearn\metrics\_scorer.py", line 76, in _cached_call
    return cache[method]
KeyError: 'predict_proba'

During handling of the above exception, another exception occurred:

Traceback (most recent call last):
  File "D:\ai\myenv\lib\site-packages\pycaret\internal\metrics.py", line 182, in _score
    return super()._score(
  File "D:\ai\myenv\lib\site-packages\sklearn\metrics\_scorer.py", line 316, in _score
    y_pred = method_caller(clf, "predict_proba", X)
  File "D:\ai\myenv\lib\site-packages\sklearn\metrics\_scorer.py", line 78, in _cached_call
    result = getattr(estimator, method)(*args, **kwargs)
  File "D:\ai\myenv\lib\site-packages\pycaret\internal\pipeline.py", line 127, in __getattr__
    return getattr(self._final_estimator, name)
AttributeError: 'RidgeClassifier' object has no attribute 'predict_proba'

  warnings.warn(

2026-09-15 19:22:35,692:WARNING:D:\ai\myenv\lib\site-packages\pycaret\internal\metrics.py:190: FitFailedWarning: Metric 'make_scorer(roc_auc_score, needs_proba=True, error_score=0.0, average=weighted, multi_class=ovr)' failed and error score 0.0 has been returned instead. If this is a custom metric, this usually means that the error is in the metric code. Full exception below:
Traceback (most recent call last):
  File "D:\ai\myenv\lib\site-packages\sklearn\metrics\_scorer.py", line 76, in _cached_call
    return cache[method]
KeyError: 'predict_proba'

During handling of the above exception, another exception occurred:

Traceback (most recent call last):
  File "D:\ai\myenv\lib\site-packages\pycaret\internal\metrics.py", line 182, in _score
    return super()._score(
  File "D:\ai\myenv\lib\site-packages\sklearn\metrics\_scorer.py", line 316, in _score
    y_pred = method_caller(clf, "predict_proba", X)
  File "D:\ai\myenv\lib\site-packages\sklearn\metrics\_scorer.py", line 78, in _cached_call
    result = getattr(estimator, method)(*args, **kwargs)
  File "D:\ai\myenv\lib\site-packages\pycaret\internal\pipeline.py", line 127, in __getattr__
    return getattr(self._final_estimator, name)
AttributeError: 'RidgeClassifier' object has no attribute 'predict_proba'

  warnings.warn(

2026-09-15 19:22:35,695:WARNING:D:\ai\myenv\lib\site-packages\pycaret\internal\metrics.py:190: FitFailedWarning: Metric 'make_scorer(roc_auc_score, needs_proba=True, error_score=0.0, average=weighted, multi_class=ovr)' failed and error score 0.0 has been returned instead. If this is a custom metric, this usually means that the error is in the metric code. Full exception below:
Traceback (most recent call last):
  File "D:\ai\myenv\lib\site-packages\sklearn\metrics\_scorer.py", line 76, in _cached_call
    return cache[method]
KeyError: 'predict_proba'

During handling of the above exception, another exception occurred:

Traceback (most recent call last):
  File "D:\ai\myenv\lib\site-packages\pycaret\internal\metrics.py", line 182, in _score
    return super()._score(
  File "D:\ai\myenv\lib\site-packages\sklearn\metrics\_scorer.py", line 316, in _score
    y_pred = method_caller(clf, "predict_proba", X)
  File "D:\ai\myenv\lib\site-packages\sklearn\metrics\_scorer.py", line 78, in _cached_call
    result = getattr(estimator, method)(*args, **kwargs)
  File "D:\ai\myenv\lib\site-packages\pycaret\internal\pipeline.py", line 127, in __getattr__
    return getattr(self._final_estimator, name)
AttributeError: 'RidgeClassifier' object has no attribute 'predict_proba'

  warnings.warn(

2026-09-15 19:22:35,697:WARNING:D:\ai\myenv\lib\site-packages\pycaret\internal\metrics.py:190: FitFailedWarning: Metric 'make_scorer(roc_auc_score, needs_proba=True, error_score=0.0, average=weighted, multi_class=ovr)' failed and error score 0.0 has been returned instead. If this is a custom metric, this usually means that the error is in the metric code. Full exception below:
Traceback (most recent call last):
  File "D:\ai\myenv\lib\site-packages\sklearn\metrics\_scorer.py", line 76, in _cached_call
    return cache[method]
KeyError: 'predict_proba'

During handling of the above exception, another exception occurred:

Traceback (most recent call last):
  File "D:\ai\myenv\lib\site-packages\pycaret\internal\metrics.py", line 182, in _score
    return super()._score(
  File "D:\ai\myenv\lib\site-packages\sklearn\metrics\_scorer.py", line 316, in _score
    y_pred = method_caller(clf, "predict_proba", X)
  File "D:\ai\myenv\lib\site-packages\sklearn\metrics\_scorer.py", line 78, in _cached_call
    result = getattr(estimator, method)(*args, **kwargs)
  File "D:\ai\myenv\lib\site-packages\pycaret\internal\pipeline.py", line 127, in __getattr__
    return getattr(self._final_estimator, name)
AttributeError: 'RidgeClassifier' object has no attribute 'predict_proba'

  warnings.warn(

2026-09-15 19:22:35,698:WARNING:D:\ai\myenv\lib\site-packages\pycaret\internal\metrics.py:190: FitFailedWarning: Metric 'make_scorer(roc_auc_score, needs_proba=True, error_score=0.0, average=weighted, multi_class=ovr)' failed and error score 0.0 has been returned instead. If this is a custom metric, this usually means that the error is in the metric code. Full exception below:
Traceback (most recent call last):
  File "D:\ai\myenv\lib\site-packages\sklearn\metrics\_scorer.py", line 76, in _cached_call
    return cache[method]
KeyError: 'predict_proba'

During handling of the above exception, another exception occurred:

Traceback (most recent call last):
  File "D:\ai\myenv\lib\site-packages\pycaret\internal\metrics.py", line 182, in _score
    return super()._score(
  File "D:\ai\myenv\lib\site-packages\sklearn\metrics\_scorer.py", line 316, in _score
    y_pred = method_caller(clf, "predict_proba", X)
  File "D:\ai\myenv\lib\site-packages\sklearn\metrics\_scorer.py", line 78, in _cached_call
    result = getattr(estimator, method)(*args, **kwargs)
  File "D:\ai\myenv\lib\site-packages\pycaret\internal\pipeline.py", line 127, in __getattr__
    return getattr(self._final_estimator, name)
AttributeError: 'RidgeClassifier' object has no attribute 'predict_proba'

  warnings.warn(

2026-09-15 19:22:35,701:WARNING:D:\ai\myenv\lib\site-packages\pycaret\internal\metrics.py:190: FitFailedWarning: Metric 'make_scorer(roc_auc_score, needs_proba=True, error_score=0.0, average=weighted, multi_class=ovr)' failed and error score 0.0 has been returned instead. If this is a custom metric, this usually means that the error is in the metric code. Full exception below:
Traceback (most recent call last):
  File "D:\ai\myenv\lib\site-packages\sklearn\metrics\_scorer.py", line 76, in _cached_call
    return cache[method]
KeyError: 'predict_proba'

During handling of the above exception, another exception occurred:

Traceback (most recent call last):
  File "D:\ai\myenv\lib\site-packages\pycaret\internal\metrics.py", line 182, in _score
    return super()._score(
  File "D:\ai\myenv\lib\site-packages\sklearn\metrics\_scorer.py", line 316, in _score
    y_pred = method_caller(clf, "predict_proba", X)
  File "D:\ai\myenv\lib\site-packages\sklearn\metrics\_scorer.py", line 78, in _cached_call
    result = getattr(estimator, method)(*args, **kwargs)
  File "D:\ai\myenv\lib\site-packages\pycaret\internal\pipeline.py", line 127, in __getattr__
    return getattr(self._final_estimator, name)
AttributeError: 'RidgeClassifier' object has no attribute 'predict_proba'

  warnings.warn(

2026-09-15 19:22:35,704:WARNING:D:\ai\myenv\lib\site-packages\sklearn\metrics\_classification.py:1344: UndefinedMetricWarning: Precision is ill-defined and being set to 0.0 in labels with no predicted samples. Use `zero_division` parameter to control this behavior.
  _warn_prf(average, modifier, msg_start, len(result))

2026-09-15 19:22:35,707:INFO:Calculating mean and std
2026-09-15 19:22:35,707:INFO:Creating metrics dataframe
2026-09-15 19:22:35,709:INFO:Uploading results into container
2026-09-15 19:22:35,711:INFO:Uploading model into container now
2026-09-15 19:22:35,711:INFO:_master_model_container: 6
2026-09-15 19:22:35,711:INFO:_display_container: 2
2026-09-15 19:22:35,711:INFO:RidgeClassifier(alpha=1.0, class_weight=None, copy_X=True, fit_intercept=True,
                max_iter=None, positive=False, random_state=4983, solver='auto',
                tol=0.0001)
2026-09-15 19:22:35,711:INFO:create_model() successfully completed......................................
2026-09-15 19:22:35,757:INFO:SubProcess create_model() end ==================================
2026-09-15 19:22:35,757:INFO:Creating metrics dataframe
2026-09-15 19:22:35,759:INFO:Initializing Random Forest Classifier
2026-09-15 19:22:35,759:INFO:Total runtime is 0.0691616137822469 minutes
2026-09-15 19:22:35,761:INFO:SubProcess create_model() called ==================================
2026-09-15 19:22:35,761:INFO:Initializing create_model()
2026-09-15 19:22:35,761:INFO:create_model(self=<pycaret.classification.oop.ClassificationExperiment object at 0x000002498DA9F5B0>, estimator=rf, fold=StratifiedKFold(n_splits=10, random_state=None, shuffle=False), round=4, cross_validation=True, predict=True, fit_kwargs={}, groups=None, refit=False, probability_threshold=None, experiment_custom_tags=None, verbose=False, system=False, add_to_model_list=True, metrics=None, display=<pycaret.internal.display.display.CommonDisplay object at 0x00000249AB927730>, model_only=True, return_train_score=False, error_score=0.0, kwargs={})
2026-09-15 19:22:35,761:INFO:Checking exceptions
2026-09-15 19:22:35,761:INFO:Importing libraries
2026-09-15 19:22:35,761:INFO:Copying training dataset
2026-09-15 19:22:35,762:INFO:Defining folds
2026-09-15 19:22:35,762:INFO:Declaring metric variables
2026-09-15 19:22:35,762:INFO:Importing untrained model
2026-09-15 19:22:35,762:INFO:Random Forest Classifier Imported successfully
2026-09-15 19:22:35,763:INFO:Starting cross validation
2026-09-15 19:22:35,763:INFO:Cross validating with StratifiedKFold(n_splits=10, random_state=None, shuffle=False), n_jobs=-1
2026-09-15 19:22:36,054:INFO:Calculating mean and std
2026-09-15 19:22:36,054:INFO:Creating metrics dataframe
2026-09-15 19:22:36,056:INFO:Uploading results into container
2026-09-15 19:22:36,057:INFO:Uploading model into container now
2026-09-15 19:22:36,057:INFO:_master_model_container: 7
2026-09-15 19:22:36,057:INFO:_display_container: 2
2026-09-15 19:22:36,058:INFO:RandomForestClassifier(bootstrap=True, ccp_alpha=0.0, class_weight=None,
                       criterion='gini', max_depth=None, max_features='sqrt',
                       max_leaf_nodes=None, max_samples=None,
                       min_impurity_decrease=0.0, min_samples_leaf=1,
                       min_samples_split=2, min_weight_fraction_leaf=0.0,
                       n_estimators=100, n_jobs=-1, oob_score=False,
                       random_state=4983, verbose=0, warm_start=False)
2026-09-15 19:22:36,058:INFO:create_model() successfully completed......................................
2026-09-15 19:22:36,103:INFO:SubProcess create_model() end ==================================
2026-09-15 19:22:36,104:INFO:Creating metrics dataframe
2026-09-15 19:22:36,107:INFO:Initializing Quadratic Discriminant Analysis
2026-09-15 19:22:36,107:INFO:Total runtime is 0.07496523459752401 minutes
2026-09-15 19:22:36,107:INFO:SubProcess create_model() called ==================================
2026-09-15 19:22:36,107:INFO:Initializing create_model()
2026-09-15 19:22:36,107:INFO:create_model(self=<pycaret.classification.oop.ClassificationExperiment object at 0x000002498DA9F5B0>, estimator=qda, fold=StratifiedKFold(n_splits=10, random_state=None, shuffle=False), round=4, cross_validation=True, predict=True, fit_kwargs={}, groups=None, refit=False, probability_threshold=None, experiment_custom_tags=None, verbose=False, system=False, add_to_model_list=True, metrics=None, display=<pycaret.internal.display.display.CommonDisplay object at 0x00000249AB927730>, model_only=True, return_train_score=False, error_score=0.0, kwargs={})
2026-09-15 19:22:36,107:INFO:Checking exceptions
2026-09-15 19:22:36,107:INFO:Importing libraries
2026-09-15 19:22:36,107:INFO:Copying training dataset
2026-09-15 19:22:36,109:INFO:Defining folds
2026-09-15 19:22:36,109:INFO:Declaring metric variables
2026-09-15 19:22:36,109:INFO:Importing untrained model
2026-09-15 19:22:36,109:INFO:Quadratic Discriminant Analysis Imported successfully
2026-09-15 19:22:36,109:INFO:Starting cross validation
2026-09-15 19:22:36,109:INFO:Cross validating with StratifiedKFold(n_splits=10, random_state=None, shuffle=False), n_jobs=-1
2026-09-15 19:22:36,154:INFO:Calculating mean and std
2026-09-15 19:22:36,154:INFO:Creating metrics dataframe
2026-09-15 19:22:36,158:INFO:Uploading results into container
2026-09-15 19:22:36,158:INFO:Uploading model into container now
2026-09-15 19:22:36,159:INFO:_master_model_container: 8
2026-09-15 19:22:36,159:INFO:_display_container: 2
2026-09-15 19:22:36,159:INFO:QuadraticDiscriminantAnalysis(priors=None, reg_param=0.0,
                              store_covariance=False, tol=0.0001)
2026-09-15 19:22:36,159:INFO:create_model() successfully completed......................................
2026-09-15 19:22:36,204:INFO:SubProcess create_model() end ==================================
2026-09-15 19:22:36,204:INFO:Creating metrics dataframe
2026-09-15 19:22:36,206:INFO:Initializing Ada Boost Classifier
2026-09-15 19:22:36,207:INFO:Total runtime is 0.07663330634435019 minutes
2026-09-15 19:22:36,207:INFO:SubProcess create_model() called ==================================
2026-09-15 19:22:36,207:INFO:Initializing create_model()
2026-09-15 19:22:36,207:INFO:create_model(self=<pycaret.classification.oop.ClassificationExperiment object at 0x000002498DA9F5B0>, estimator=ada, fold=StratifiedKFold(n_splits=10, random_state=None, shuffle=False), round=4, cross_validation=True, predict=True, fit_kwargs={}, groups=None, refit=False, probability_threshold=None, experiment_custom_tags=None, verbose=False, system=False, add_to_model_list=True, metrics=None, display=<pycaret.internal.display.display.CommonDisplay object at 0x00000249AB927730>, model_only=True, return_train_score=False, error_score=0.0, kwargs={})
2026-09-15 19:22:36,207:INFO:Checking exceptions
2026-09-15 19:22:36,207:INFO:Importing libraries
2026-09-15 19:22:36,207:INFO:Copying training dataset
2026-09-15 19:22:36,208:INFO:Defining folds
2026-09-15 19:22:36,209:INFO:Declaring metric variables
2026-09-15 19:22:36,209:INFO:Importing untrained model
2026-09-15 19:22:36,209:INFO:Ada Boost Classifier Imported successfully
2026-09-15 19:22:36,209:INFO:Starting cross validation
2026-09-15 19:22:36,209:INFO:Cross validating with StratifiedKFold(n_splits=10, random_state=None, shuffle=False), n_jobs=-1
2026-09-15 19:22:36,355:INFO:Calculating mean and std
2026-09-15 19:22:36,355:INFO:Creating metrics dataframe
2026-09-15 19:22:36,358:INFO:Uploading results into container
2026-09-15 19:22:36,358:INFO:Uploading model into container now
2026-09-15 19:22:36,359:INFO:_master_model_container: 9
2026-09-15 19:22:36,359:INFO:_display_container: 2
2026-09-15 19:22:36,359:INFO:AdaBoostClassifier(algorithm='SAMME.R', base_estimator='deprecated',
                   estimator=None, learning_rate=1.0, n_estimators=50,
                   random_state=4983)
2026-09-15 19:22:36,359:INFO:create_model() successfully completed......................................
2026-09-15 19:22:36,403:INFO:SubProcess create_model() end ==================================
2026-09-15 19:22:36,403:INFO:Creating metrics dataframe
2026-09-15 19:22:36,407:INFO:Initializing Gradient Boosting Classifier
2026-09-15 19:22:36,407:INFO:Total runtime is 0.07995193004608155 minutes
2026-09-15 19:22:36,407:INFO:SubProcess create_model() called ==================================
2026-09-15 19:22:36,407:INFO:Initializing create_model()
2026-09-15 19:22:36,407:INFO:create_model(self=<pycaret.classification.oop.ClassificationExperiment object at 0x000002498DA9F5B0>, estimator=gbc, fold=StratifiedKFold(n_splits=10, random_state=None, shuffle=False), round=4, cross_validation=True, predict=True, fit_kwargs={}, groups=None, refit=False, probability_threshold=None, experiment_custom_tags=None, verbose=False, system=False, add_to_model_list=True, metrics=None, display=<pycaret.internal.display.display.CommonDisplay object at 0x00000249AB927730>, model_only=True, return_train_score=False, error_score=0.0, kwargs={})
2026-09-15 19:22:36,408:INFO:Checking exceptions
2026-09-15 19:22:36,408:INFO:Importing libraries
2026-09-15 19:22:36,408:INFO:Copying training dataset
2026-09-15 19:22:36,409:INFO:Defining folds
2026-09-15 19:22:36,409:INFO:Declaring metric variables
2026-09-15 19:22:36,409:INFO:Importing untrained model
2026-09-15 19:22:36,410:INFO:Gradient Boosting Classifier Imported successfully
2026-09-15 19:22:36,410:INFO:Starting cross validation
2026-09-15 19:22:36,410:INFO:Cross validating with StratifiedKFold(n_splits=10, random_state=None, shuffle=False), n_jobs=-1
2026-09-15 19:22:36,742:INFO:Calculating mean and std
2026-09-15 19:22:36,743:INFO:Creating metrics dataframe
2026-09-15 19:22:36,746:INFO:Uploading results into container
2026-09-15 19:22:36,746:INFO:Uploading model into container now
2026-09-15 19:22:36,747:INFO:_master_model_container: 10
2026-09-15 19:22:36,747:INFO:_display_container: 2
2026-09-15 19:22:36,747:INFO:GradientBoostingClassifier(ccp_alpha=0.0, criterion='friedman_mse', init=None,
                           learning_rate=0.1, loss='log_loss', max_depth=3,
                           max_features=None, max_leaf_nodes=None,
                           min_impurity_decrease=0.0, min_samples_leaf=1,
                           min_samples_split=2, min_weight_fraction_leaf=0.0,
                           n_estimators=100, n_iter_no_change=None,
                           random_state=4983, subsample=1.0, tol=0.0001,
                           validation_fraction=0.1, verbose=0,
                           warm_start=False)
2026-09-15 19:22:36,747:INFO:create_model() successfully completed......................................
2026-09-15 19:22:36,793:INFO:SubProcess create_model() end ==================================
2026-09-15 19:22:36,794:INFO:Creating metrics dataframe
2026-09-15 19:22:36,797:INFO:Initializing Linear Discriminant Analysis
2026-09-15 19:22:36,797:INFO:Total runtime is 0.08646750847498576 minutes
2026-09-15 19:22:36,797:INFO:SubProcess create_model() called ==================================
2026-09-15 19:22:36,797:INFO:Initializing create_model()
2026-09-15 19:22:36,797:INFO:create_model(self=<pycaret.classification.oop.ClassificationExperiment object at 0x000002498DA9F5B0>, estimator=lda, fold=StratifiedKFold(n_splits=10, random_state=None, shuffle=False), round=4, cross_validation=True, predict=True, fit_kwargs={}, groups=None, refit=False, probability_threshold=None, experiment_custom_tags=None, verbose=False, system=False, add_to_model_list=True, metrics=None, display=<pycaret.internal.display.display.CommonDisplay object at 0x00000249AB927730>, model_only=True, return_train_score=False, error_score=0.0, kwargs={})
2026-09-15 19:22:36,797:INFO:Checking exceptions
2026-09-15 19:22:36,797:INFO:Importing libraries
2026-09-15 19:22:36,797:INFO:Copying training dataset
2026-09-15 19:22:36,799:INFO:Defining folds
2026-09-15 19:22:36,799:INFO:Declaring metric variables
2026-09-15 19:22:36,799:INFO:Importing untrained model
2026-09-15 19:22:36,799:INFO:Linear Discriminant Analysis Imported successfully
2026-09-15 19:22:36,799:INFO:Starting cross validation
2026-09-15 19:22:36,799:INFO:Cross validating with StratifiedKFold(n_splits=10, random_state=None, shuffle=False), n_jobs=-1
2026-09-15 19:22:36,847:INFO:Calculating mean and std
2026-09-15 19:22:36,847:INFO:Creating metrics dataframe
2026-09-15 19:22:36,851:INFO:Uploading results into container
2026-09-15 19:22:36,851:INFO:Uploading model into container now
2026-09-15 19:22:36,851:INFO:_master_model_container: 11
2026-09-15 19:22:36,851:INFO:_display_container: 2
2026-09-15 19:22:36,851:INFO:LinearDiscriminantAnalysis(covariance_estimator=None, n_components=None,
                           priors=None, shrinkage=None, solver='svd',
                           store_covariance=False, tol=0.0001)
2026-09-15 19:22:36,851:INFO:create_model() successfully completed......................................
2026-09-15 19:22:36,899:INFO:SubProcess create_model() end ==================================
2026-09-15 19:22:36,899:INFO:Creating metrics dataframe
2026-09-15 19:22:36,902:INFO:Initializing Extra Trees Classifier
2026-09-15 19:22:36,902:INFO:Total runtime is 0.0882086952527364 minutes
2026-09-15 19:22:36,903:INFO:SubProcess create_model() called ==================================
2026-09-15 19:22:36,903:INFO:Initializing create_model()
2026-09-15 19:22:36,903:INFO:create_model(self=<pycaret.classification.oop.ClassificationExperiment object at 0x000002498DA9F5B0>, estimator=et, fold=StratifiedKFold(n_splits=10, random_state=None, shuffle=False), round=4, cross_validation=True, predict=True, fit_kwargs={}, groups=None, refit=False, probability_threshold=None, experiment_custom_tags=None, verbose=False, system=False, add_to_model_list=True, metrics=None, display=<pycaret.internal.display.display.CommonDisplay object at 0x00000249AB927730>, model_only=True, return_train_score=False, error_score=0.0, kwargs={})
2026-09-15 19:22:36,903:INFO:Checking exceptions
2026-09-15 19:22:36,903:INFO:Importing libraries
2026-09-15 19:22:36,903:INFO:Copying training dataset
2026-09-15 19:22:36,904:INFO:Defining folds
2026-09-15 19:22:36,904:INFO:Declaring metric variables
2026-09-15 19:22:36,904:INFO:Importing untrained model
2026-09-15 19:22:36,905:INFO:Extra Trees Classifier Imported successfully
2026-09-15 19:22:36,905:INFO:Starting cross validation
2026-09-15 19:22:36,905:INFO:Cross validating with StratifiedKFold(n_splits=10, random_state=None, shuffle=False), n_jobs=-1
2026-09-15 19:22:37,152:INFO:Calculating mean and std
2026-09-15 19:22:37,153:INFO:Creating metrics dataframe
2026-09-15 19:22:37,156:INFO:Uploading results into container
2026-09-15 19:22:37,156:INFO:Uploading model into container now
2026-09-15 19:22:37,156:INFO:_master_model_container: 12
2026-09-15 19:22:37,156:INFO:_display_container: 2
2026-09-15 19:22:37,157:INFO:ExtraTreesClassifier(bootstrap=False, ccp_alpha=0.0, class_weight=None,
                     criterion='gini', max_depth=None, max_features='sqrt',
                     max_leaf_nodes=None, max_samples=None,
                     min_impurity_decrease=0.0, min_samples_leaf=1,
                     min_samples_split=2, min_weight_fraction_leaf=0.0,
                     n_estimators=100, n_jobs=-1, oob_score=False,
                     random_state=4983, verbose=0, warm_start=False)
2026-09-15 19:22:37,157:INFO:create_model() successfully completed......................................
2026-09-15 19:22:37,202:INFO:SubProcess create_model() end ==================================
2026-09-15 19:22:37,202:INFO:Creating metrics dataframe
2026-09-15 19:22:37,206:INFO:Initializing Light Gradient Boosting Machine
2026-09-15 19:22:37,206:INFO:Total runtime is 0.09327951669692992 minutes
2026-09-15 19:22:37,206:INFO:SubProcess create_model() called ==================================
2026-09-15 19:22:37,206:INFO:Initializing create_model()
2026-09-15 19:22:37,206:INFO:create_model(self=<pycaret.classification.oop.ClassificationExperiment object at 0x000002498DA9F5B0>, estimator=lightgbm, fold=StratifiedKFold(n_splits=10, random_state=None, shuffle=False), round=4, cross_validation=True, predict=True, fit_kwargs={}, groups=None, refit=False, probability_threshold=None, experiment_custom_tags=None, verbose=False, system=False, add_to_model_list=True, metrics=None, display=<pycaret.internal.display.display.CommonDisplay object at 0x00000249AB927730>, model_only=True, return_train_score=False, error_score=0.0, kwargs={})
2026-09-15 19:22:37,206:INFO:Checking exceptions
2026-09-15 19:22:37,206:INFO:Importing libraries
2026-09-15 19:22:37,206:INFO:Copying training dataset
2026-09-15 19:22:37,208:INFO:Defining folds
2026-09-15 19:22:37,208:INFO:Declaring metric variables
2026-09-15 19:22:37,208:INFO:Importing untrained model
2026-09-15 19:22:37,209:INFO:Light Gradient Boosting Machine Imported successfully
2026-09-15 19:22:37,209:INFO:Starting cross validation
2026-09-15 19:22:37,209:INFO:Cross validating with StratifiedKFold(n_splits=10, random_state=None, shuffle=False), n_jobs=-1
2026-09-15 19:22:37,896:INFO:Calculating mean and std
2026-09-15 19:22:37,898:INFO:Creating metrics dataframe
2026-09-15 19:22:37,901:INFO:Uploading results into container
2026-09-15 19:22:37,901:INFO:Uploading model into container now
2026-09-15 19:22:37,902:INFO:_master_model_container: 13
2026-09-15 19:22:37,902:INFO:_display_container: 2
2026-09-15 19:22:37,902:INFO:LGBMClassifier(boosting_type='gbdt', class_weight=None, colsample_bytree=1.0,
               importance_type='split', learning_rate=0.1, max_depth=-1,
               min_child_samples=20, min_child_weight=0.001, min_split_gain=0.0,
               n_estimators=100, n_jobs=-1, num_leaves=31, objective=None,
               random_state=4983, reg_alpha=0.0, reg_lambda=0.0, subsample=1.0,
               subsample_for_bin=200000, subsample_freq=0)
2026-09-15 19:22:37,902:INFO:create_model() successfully completed......................................
2026-09-15 19:22:37,956:INFO:SubProcess create_model() end ==================================
2026-09-15 19:22:37,957:INFO:Creating metrics dataframe
2026-09-15 19:22:37,961:INFO:Initializing Dummy Classifier
2026-09-15 19:22:37,961:INFO:Total runtime is 0.10585938692092894 minutes
2026-09-15 19:22:37,961:INFO:SubProcess create_model() called ==================================
2026-09-15 19:22:37,961:INFO:Initializing create_model()
2026-09-15 19:22:37,961:INFO:create_model(self=<pycaret.classification.oop.ClassificationExperiment object at 0x000002498DA9F5B0>, estimator=dummy, fold=StratifiedKFold(n_splits=10, random_state=None, shuffle=False), round=4, cross_validation=True, predict=True, fit_kwargs={}, groups=None, refit=False, probability_threshold=None, experiment_custom_tags=None, verbose=False, system=False, add_to_model_list=True, metrics=None, display=<pycaret.internal.display.display.CommonDisplay object at 0x00000249AB927730>, model_only=True, return_train_score=False, error_score=0.0, kwargs={})
2026-09-15 19:22:37,961:INFO:Checking exceptions
2026-09-15 19:22:37,961:INFO:Importing libraries
2026-09-15 19:22:37,961:INFO:Copying training dataset
2026-09-15 19:22:37,964:INFO:Defining folds
2026-09-15 19:22:37,964:INFO:Declaring metric variables
2026-09-15 19:22:37,964:INFO:Importing untrained model
2026-09-15 19:22:37,964:INFO:Dummy Classifier Imported successfully
2026-09-15 19:22:37,965:INFO:Starting cross validation
2026-09-15 19:22:37,965:INFO:Cross validating with StratifiedKFold(n_splits=10, random_state=None, shuffle=False), n_jobs=-1
2026-09-15 19:22:37,996:WARNING:D:\ai\myenv\lib\site-packages\sklearn\metrics\_classification.py:1344: UndefinedMetricWarning: Precision is ill-defined and being set to 0.0 in labels with no predicted samples. Use `zero_division` parameter to control this behavior.
  _warn_prf(average, modifier, msg_start, len(result))

2026-09-15 19:22:37,998:WARNING:D:\ai\myenv\lib\site-packages\sklearn\metrics\_classification.py:1344: UndefinedMetricWarning: Precision is ill-defined and being set to 0.0 in labels with no predicted samples. Use `zero_division` parameter to control this behavior.
  _warn_prf(average, modifier, msg_start, len(result))

2026-09-15 19:22:37,999:WARNING:D:\ai\myenv\lib\site-packages\sklearn\metrics\_classification.py:1344: UndefinedMetricWarning: Precision is ill-defined and being set to 0.0 in labels with no predicted samples. Use `zero_division` parameter to control this behavior.
  _warn_prf(average, modifier, msg_start, len(result))

2026-09-15 19:22:37,999:WARNING:D:\ai\myenv\lib\site-packages\sklearn\metrics\_classification.py:1344: UndefinedMetricWarning: Precision is ill-defined and being set to 0.0 in labels with no predicted samples. Use `zero_division` parameter to control this behavior.
  _warn_prf(average, modifier, msg_start, len(result))

2026-09-15 19:22:38,000:WARNING:D:\ai\myenv\lib\site-packages\sklearn\metrics\_classification.py:1344: UndefinedMetricWarning: Precision is ill-defined and being set to 0.0 in labels with no predicted samples. Use `zero_division` parameter to control this behavior.
  _warn_prf(average, modifier, msg_start, len(result))

2026-09-15 19:22:38,001:WARNING:D:\ai\myenv\lib\site-packages\sklearn\metrics\_classification.py:1344: UndefinedMetricWarning: Precision is ill-defined and being set to 0.0 in labels with no predicted samples. Use `zero_division` parameter to control this behavior.
  _warn_prf(average, modifier, msg_start, len(result))

2026-09-15 19:22:38,013:WARNING:D:\ai\myenv\lib\site-packages\sklearn\metrics\_classification.py:1344: UndefinedMetricWarning: Precision is ill-defined and being set to 0.0 in labels with no predicted samples. Use `zero_division` parameter to control this behavior.
  _warn_prf(average, modifier, msg_start, len(result))

2026-09-15 19:22:38,014:WARNING:D:\ai\myenv\lib\site-packages\sklearn\metrics\_classification.py:1344: UndefinedMetricWarning: Precision is ill-defined and being set to 0.0 in labels with no predicted samples. Use `zero_division` parameter to control this behavior.
  _warn_prf(average, modifier, msg_start, len(result))

2026-09-15 19:22:38,014:WARNING:D:\ai\myenv\lib\site-packages\sklearn\metrics\_classification.py:1344: UndefinedMetricWarning: Precision is ill-defined and being set to 0.0 in labels with no predicted samples. Use `zero_division` parameter to control this behavior.
  _warn_prf(average, modifier, msg_start, len(result))

2026-09-15 19:22:38,017:INFO:Calculating mean and std
2026-09-15 19:22:38,018:INFO:Creating metrics dataframe
2026-09-15 19:22:38,021:INFO:Uploading results into container
2026-09-15 19:22:38,021:INFO:Uploading model into container now
2026-09-15 19:22:38,021:INFO:_master_model_container: 14
2026-09-15 19:22:38,021:INFO:_display_container: 2
2026-09-15 19:22:38,021:INFO:DummyClassifier(constant=None, random_state=4983, strategy='prior')
2026-09-15 19:22:38,021:INFO:create_model() successfully completed......................................
2026-09-15 19:22:38,066:INFO:SubProcess create_model() end ==================================
2026-09-15 19:22:38,066:INFO:Creating metrics dataframe
2026-09-15 19:22:38,071:INFO:Initializing create_model()
2026-09-15 19:22:38,071:INFO:create_model(self=<pycaret.classification.oop.ClassificationExperiment object at 0x000002498DA9F5B0>, estimator=KNeighborsClassifier(algorithm='auto', leaf_size=30, metric='minkowski',
                     metric_params=None, n_jobs=-1, n_neighbors=5, p=2,
                     weights='uniform'), fold=StratifiedKFold(n_splits=10, random_state=None, shuffle=False), round=4, cross_validation=False, predict=False, fit_kwargs={}, groups=None, refit=True, probability_threshold=None, experiment_custom_tags=None, verbose=False, system=False, add_to_model_list=True, metrics=None, display=None, model_only=True, return_train_score=False, error_score=0.0, kwargs={})
2026-09-15 19:22:38,071:INFO:Checking exceptions
2026-09-15 19:22:38,071:INFO:Importing libraries
2026-09-15 19:22:38,071:INFO:Copying training dataset
2026-09-15 19:22:38,072:INFO:Defining folds
2026-09-15 19:22:38,073:INFO:Declaring metric variables
2026-09-15 19:22:38,073:INFO:Importing untrained model
2026-09-15 19:22:38,073:INFO:Declaring custom model
2026-09-15 19:22:38,073:INFO:K Neighbors Classifier Imported successfully
2026-09-15 19:22:38,073:INFO:Cross validation set to False
2026-09-15 19:22:38,073:INFO:Fitting Model
2026-09-15 19:22:38,078:INFO:KNeighborsClassifier(algorithm='auto', leaf_size=30, metric='minkowski',
                     metric_params=None, n_jobs=-1, n_neighbors=5, p=2,
                     weights='uniform')
2026-09-15 19:22:38,078:INFO:create_model() successfully completed......................................
2026-09-15 19:22:38,133:INFO:_master_model_container: 14
2026-09-15 19:22:38,133:INFO:_display_container: 2
2026-09-15 19:22:38,133:INFO:KNeighborsClassifier(algorithm='auto', leaf_size=30, metric='minkowski',
                     metric_params=None, n_jobs=-1, n_neighbors=5, p=2,
                     weights='uniform')
2026-09-15 19:22:38,133:INFO:compare_models() successfully completed......................................
2026-09-15 19:22:48,403:WARNING:
'cuml' is a soft dependency and not included in the pycaret installation. Please run: `pip install cuml` to install.
2026-09-15 19:22:48,403:WARNING:
'cuml' is a soft dependency and not included in the pycaret installation. Please run: `pip install cuml` to install.
2026-09-15 19:22:48,403:WARNING:
'cuml' is a soft dependency and not included in the pycaret installation. Please run: `pip install cuml` to install.
2026-09-15 19:22:48,403:WARNING:
'cuml' is a soft dependency and not included in the pycaret installation. Please run: `pip install cuml` to install.
2026-09-15 19:22:48,902:INFO:PyCaret ClassificationExperiment
2026-09-15 19:22:48,902:INFO:Logging name: clf-default-name
2026-09-15 19:22:48,902:INFO:ML Usecase: MLUsecase.CLASSIFICATION
2026-09-15 19:22:48,902:INFO:version 3.2.0
2026-09-15 19:22:48,902:INFO:Initializing setup()
2026-09-15 19:22:48,902:INFO:self.USI: fd22
2026-09-15 19:22:48,902:INFO:self._variable_keys: {'exp_name_log', 'fix_imbalance', 'fold_generator', 'gpu_param', '_available_plots', 'memory', 'X_test', 'target_param', 'html_param', 'USI', 'seed', 'gpu_n_jobs_param', 'fold_shuffle_param', 'fold_groups_param', 'y_test', '_ml_usecase', 'X', 'pipeline', 'X_train', 'y', 'n_jobs_param', 'is_multiclass', 'data', 'log_plots_param', 'idx', 'exp_id', 'logging_param', 'y_train'}
2026-09-15 19:22:48,902:INFO:Checking environment
2026-09-15 19:22:48,902:INFO:python_version: 3.8.10
2026-09-15 19:22:48,902:INFO:python_build: ('tags/v3.8.10:3d8993a', 'May  3 2021 11:48:03')
2026-09-15 19:22:48,902:INFO:machine: AMD64
2026-09-15 19:22:48,912:INFO:platform: Windows-10-10.0.26200-SP0
2026-09-15 19:22:48,912:INFO:Memory: svmem(total=25463480320, available=7887945728, percent=69.0, used=17575534592, free=7887945728)
2026-09-15 19:22:48,912:INFO:Physical Core: 8
2026-09-15 19:22:48,912:INFO:Logical Core: 12
2026-09-15 19:22:48,912:INFO:Checking libraries
2026-09-15 19:22:48,912:INFO:System:
2026-09-15 19:22:48,912:INFO:    python: 3.8.10 (tags/v3.8.10:3d8993a, May  3 2021, 11:48:03) [MSC v.1928 64 bit (AMD64)]
2026-09-15 19:22:48,912:INFO:executable: D:\ai\myenv\Scripts\python.exe
2026-09-15 19:22:48,912:INFO:   machine: Windows-10-10.0.26200-SP0
2026-09-15 19:22:48,912:INFO:PyCaret required dependencies:
2026-09-15 19:22:48,926:INFO:                 pip: 25.0.1
2026-09-15 19:22:48,926:INFO:          setuptools: 75.3.4
2026-09-15 19:22:48,926:INFO:             pycaret: 3.2.0
2026-09-15 19:22:48,926:INFO:             IPython: 8.12.3
2026-09-15 19:22:48,926:INFO:          ipywidgets: 8.1.9
2026-09-15 19:22:48,926:INFO:                tqdm: 4.70.1
2026-09-15 19:22:48,926:INFO:               numpy: 1.24.4
2026-09-15 19:22:48,926:INFO:              pandas: 1.5.3
2026-09-15 19:22:48,926:INFO:              jinja2: 3.1.6
2026-09-15 19:22:48,926:INFO:               scipy: 1.10.1
2026-09-15 19:22:48,926:INFO:              joblib: 1.2.0
2026-09-15 19:22:48,926:INFO:             sklearn: 1.2.2
2026-09-15 19:22:48,926:INFO:                pyod: 2.1.0
2026-09-15 19:22:48,926:INFO:            imblearn: 0.12.4
2026-09-15 19:22:48,926:INFO:   category_encoders: 2.6.4
2026-09-15 19:22:48,926:INFO:            lightgbm: 4.6.0
2026-09-15 19:22:48,926:INFO:               numba: 0.58.1
2026-09-15 19:22:48,926:INFO:            requests: 2.32.4
2026-09-15 19:22:48,926:INFO:          matplotlib: 3.3.4
2026-09-15 19:22:48,926:INFO:          scikitplot: 0.3.7
2026-09-15 19:22:48,926:INFO:         yellowbrick: 1.5
2026-09-15 19:22:48,926:INFO:              plotly: 6.9.0
2026-09-15 19:22:48,926:INFO:    plotly-resampler: Not installed
2026-09-15 19:22:48,926:INFO:             kaleido: 1.4.0
2026-09-15 19:22:48,926:INFO:           schemdraw: 0.15
2026-09-15 19:22:48,926:INFO:         statsmodels: 0.14.1
2026-09-15 19:22:48,926:INFO:              sktime: 0.21.1
2026-09-15 19:22:48,926:INFO:               tbats: 1.1.3
2026-09-15 19:22:48,926:INFO:            pmdarima: 2.0.4
2026-09-15 19:22:48,926:INFO:              psutil: 7.2.2
2026-09-15 19:22:48,926:INFO:          markupsafe: 2.1.5
2026-09-15 19:22:48,926:INFO:             pickle5: Not installed
2026-09-15 19:22:48,926:INFO:         cloudpickle: 3.1.2
2026-09-15 19:22:48,926:INFO:         deprecation: 2.1.0
2026-09-15 19:22:48,926:INFO:              xxhash: 3.8.1
2026-09-15 19:22:48,926:INFO:           wurlitzer: Not installed
2026-09-15 19:22:48,926:INFO:PyCaret optional dependencies:
2026-09-15 19:22:48,934:INFO:                shap: Not installed
2026-09-15 19:22:48,934:INFO:           interpret: Not installed
2026-09-15 19:22:48,934:INFO:                umap: Not installed
2026-09-15 19:22:48,934:INFO:     ydata_profiling: Not installed
2026-09-15 19:22:48,934:INFO:  explainerdashboard: Not installed
2026-09-15 19:22:48,934:INFO:             autoviz: Not installed
2026-09-15 19:22:48,934:INFO:           fairlearn: Not installed
2026-09-15 19:22:48,934:INFO:          deepchecks: Not installed
2026-09-15 19:22:48,934:INFO:             xgboost: Not installed
2026-09-15 19:22:48,934:INFO:            catboost: Not installed
2026-09-15 19:22:48,934:INFO:              kmodes: Not installed
2026-09-15 19:22:48,934:INFO:             mlxtend: Not installed
2026-09-15 19:22:48,934:INFO:       statsforecast: Not installed
2026-09-15 19:22:48,934:INFO:        tune_sklearn: Not installed
2026-09-15 19:22:48,934:INFO:                 ray: Not installed
2026-09-15 19:22:48,934:INFO:            hyperopt: Not installed
2026-09-15 19:22:48,934:INFO:              optuna: Not installed
2026-09-15 19:22:48,934:INFO:               skopt: Not installed
2026-09-15 19:22:48,934:INFO:              mlflow: Not installed
2026-09-15 19:22:48,934:INFO:              gradio: Not installed
2026-09-15 19:22:48,934:INFO:             fastapi: Not installed
2026-09-15 19:22:48,934:INFO:             uvicorn: Not installed
2026-09-15 19:22:48,934:INFO:              m2cgen: Not installed
2026-09-15 19:22:48,934:INFO:           evidently: Not installed
2026-09-15 19:22:48,935:INFO:               fugue: Not installed
2026-09-15 19:22:48,935:INFO:           streamlit: Not installed
2026-09-15 19:22:48,935:INFO:             prophet: Not installed
2026-09-15 19:22:48,935:INFO:None
2026-09-15 19:22:48,935:INFO:Set up data.
2026-09-15 19:22:48,938:INFO:Set up folding strategy.
2026-09-15 19:22:48,938:INFO:Set up train/test split.
2026-09-15 19:22:48,939:INFO:Set up index.
2026-09-15 19:22:48,939:INFO:Assigning column types.
2026-09-15 19:22:48,941:INFO:Engine successfully changes for model 'lr' to 'sklearn'.
2026-09-15 19:22:48,968:INFO:Engine for model 'knn' has not been set explicitly, hence returning None.
2026-09-15 19:22:48,969:INFO:Engine for model 'rbfsvm' has not been set explicitly, hence returning None.
2026-09-15 19:22:48,989:WARNING:
'xgboost' is a soft dependency and not included in the pycaret installation. Please run: `pip install xgboost` to install.
Alternately, you can install this by running `pip install pycaret[models]`
2026-09-15 19:22:48,989:WARNING:
'catboost' is a soft dependency and not included in the pycaret installation. Please run: `pip install catboost` to install.
Alternately, you can install this by running `pip install pycaret[models]`
2026-09-15 19:22:49,014:INFO:Engine for model 'knn' has not been set explicitly, hence returning None.
2026-09-15 19:22:49,014:INFO:Engine for model 'rbfsvm' has not been set explicitly, hence returning None.
2026-09-15 19:22:49,031:WARNING:
'xgboost' is a soft dependency and not included in the pycaret installation. Please run: `pip install xgboost` to install.
Alternately, you can install this by running `pip install pycaret[models]`
2026-09-15 19:22:49,031:WARNING:
'catboost' is a soft dependency and not included in the pycaret installation. Please run: `pip install catboost` to install.
Alternately, you can install this by running `pip install pycaret[models]`
2026-09-15 19:22:49,031:INFO:Engine successfully changes for model 'knn' to 'sklearn'.
2026-09-15 19:22:49,056:INFO:Engine for model 'rbfsvm' has not been set explicitly, hence returning None.
2026-09-15 19:22:49,073:WARNING:
'xgboost' is a soft dependency and not included in the pycaret installation. Please run: `pip install xgboost` to install.
Alternately, you can install this by running `pip install pycaret[models]`
2026-09-15 19:22:49,073:WARNING:
'catboost' is a soft dependency and not included in the pycaret installation. Please run: `pip install catboost` to install.
Alternately, you can install this by running `pip install pycaret[models]`
2026-09-15 19:22:49,102:INFO:Engine for model 'rbfsvm' has not been set explicitly, hence returning None.
2026-09-15 19:22:49,119:WARNING:
'xgboost' is a soft dependency and not included in the pycaret installation. Please run: `pip install xgboost` to install.
Alternately, you can install this by running `pip install pycaret[models]`
2026-09-15 19:22:49,119:WARNING:
'catboost' is a soft dependency and not included in the pycaret installation. Please run: `pip install catboost` to install.
Alternately, you can install this by running `pip install pycaret[models]`
2026-09-15 19:22:49,119:INFO:Engine successfully changes for model 'rbfsvm' to 'sklearn'.
2026-09-15 19:22:49,164:WARNING:
'xgboost' is a soft dependency and not included in the pycaret installation. Please run: `pip install xgboost` to install.
Alternately, you can install this by running `pip install pycaret[models]`
2026-09-15 19:22:49,164:WARNING:
'catboost' is a soft dependency and not included in the pycaret installation. Please run: `pip install catboost` to install.
Alternately, you can install this by running `pip install pycaret[models]`
2026-09-15 19:22:49,210:WARNING:
'xgboost' is a soft dependency and not included in the pycaret installation. Please run: `pip install xgboost` to install.
Alternately, you can install this by running `pip install pycaret[models]`
2026-09-15 19:22:49,210:WARNING:
'catboost' is a soft dependency and not included in the pycaret installation. Please run: `pip install catboost` to install.
Alternately, you can install this by running `pip install pycaret[models]`
2026-09-15 19:22:49,211:INFO:Preparing preprocessing pipeline...
2026-09-15 19:22:49,211:INFO:Set up simple imputation.
2026-09-15 19:22:49,213:INFO:Set up column name cleaning.
2026-09-15 19:22:49,229:INFO:Finished creating preprocessing pipeline.
2026-09-15 19:22:49,233:INFO:Pipeline: Pipeline(memory=FastMemory(location=C:\Users\TELORY~1\AppData\Local\Temp\joblib),
         steps=[('numerical_imputer',
                 TransformerWrapper(exclude=None,
                                    include=['sepal length (cm)',
                                             'sepal width (cm)',
                                             'petal length (cm)',
                                             'petal width (cm)'],
                                    transformer=SimpleImputer(add_indicator=False,
                                                              copy=True,
                                                              fill_value=None,
                                                              keep_empty_features=False,
                                                              missing_values=nan,
                                                              strategy='me...
                 TransformerWrapper(exclude=None, include=[],
                                    transformer=SimpleImputer(add_indicator=False,
                                                              copy=True,
                                                              fill_value=None,
                                                              keep_empty_features=False,
                                                              missing_values=nan,
                                                              strategy='most_frequent',
                                                              verbose='deprecated'))),
                ('clean_column_names',
                 TransformerWrapper(exclude=None, include=None,
                                    transformer=CleanColumnNames(match='[\\]\\[\\,\\{\\}\\"\\:]+')))],
         verbose=False)
2026-09-15 19:22:49,233:INFO:Creating final display dataframe.
2026-09-15 19:22:49,289:INFO:Setup _display_container:                     Description             Value
0                    Session id              1970
1                        Target            Target
2                   Target type        Multiclass
3           Original data shape          (150, 5)
4        Transformed data shape          (150, 5)
5   Transformed train set shape          (105, 5)
6    Transformed test set shape           (45, 5)
7              Numeric features                 4
8                    Preprocess              True
9               Imputation type            simple
10           Numeric imputation              mean
11       Categorical imputation              mode
12               Fold Generator   StratifiedKFold
13                  Fold Number                10
14                     CPU Jobs                -1
15                      Use GPU             False
16               Log Experiment             False
17              Experiment Name  clf-default-name
18                          USI              fd22
2026-09-15 19:22:49,343:WARNING:
'xgboost' is a soft dependency and not included in the pycaret installation. Please run: `pip install xgboost` to install.
Alternately, you can install this by running `pip install pycaret[models]`
2026-09-15 19:22:49,344:WARNING:
'catboost' is a soft dependency and not included in the pycaret installation. Please run: `pip install catboost` to install.
Alternately, you can install this by running `pip install pycaret[models]`
2026-09-15 19:22:49,391:WARNING:
'xgboost' is a soft dependency and not included in the pycaret installation. Please run: `pip install xgboost` to install.
Alternately, you can install this by running `pip install pycaret[models]`
2026-09-15 19:22:49,392:WARNING:
'catboost' is a soft dependency and not included in the pycaret installation. Please run: `pip install catboost` to install.
Alternately, you can install this by running `pip install pycaret[models]`
2026-09-15 19:22:49,392:INFO:setup() successfully completed in 0.49s...............
2026-09-15 19:22:49,392:INFO:Initializing compare_models()
2026-09-15 19:22:49,392:INFO:compare_models(self=<pycaret.classification.oop.ClassificationExperiment object at 0x0000016C73FCF5B0>, include=None, fold=None, round=4, cross_validation=True, sort=Accuracy, n_select=1, budget_time=None, turbo=True, errors=ignore, fit_kwargs=None, groups=None, experiment_custom_tags=None, probability_threshold=None, verbose=True, parallel=None, caller_params={'self': <pycaret.classification.oop.ClassificationExperiment object at 0x0000016C73FCF5B0>, 'include': None, 'exclude': None, 'fold': None, 'round': 4, 'cross_validation': True, 'sort': 'Accuracy', 'n_select': 1, 'budget_time': None, 'turbo': True, 'errors': 'ignore', 'fit_kwargs': None, 'groups': None, 'experiment_custom_tags': None, 'probability_threshold': None, 'engine': None, 'verbose': True, 'parallel': None, '__class__': <class 'pycaret.classification.oop.ClassificationExperiment'>}, exclude=None)
2026-09-15 19:22:49,392:INFO:Checking exceptions
2026-09-15 19:22:49,394:INFO:Preparing display monitor
2026-09-15 19:22:49,397:INFO:Initializing Logistic Regression
2026-09-15 19:22:49,397:INFO:Total runtime is 0.0 minutes
2026-09-15 19:22:49,397:INFO:SubProcess create_model() called ==================================
2026-09-15 19:22:49,397:INFO:Initializing create_model()
2026-09-15 19:22:49,397:INFO:create_model(self=<pycaret.classification.oop.ClassificationExperiment object at 0x0000016C73FCF5B0>, estimator=lr, fold=StratifiedKFold(n_splits=10, random_state=None, shuffle=False), round=4, cross_validation=True, predict=True, fit_kwargs={}, groups=None, refit=False, probability_threshold=None, experiment_custom_tags=None, verbose=False, system=False, add_to_model_list=True, metrics=None, display=<pycaret.internal.display.display.CommonDisplay object at 0x0000016C11E96730>, model_only=True, return_train_score=False, error_score=0.0, kwargs={})
2026-09-15 19:22:49,398:INFO:Checking exceptions
2026-09-15 19:22:49,398:INFO:Importing libraries
2026-09-15 19:22:49,398:INFO:Copying training dataset
2026-09-15 19:22:49,399:INFO:Defining folds
2026-09-15 19:22:49,399:INFO:Declaring metric variables
2026-09-15 19:22:49,399:INFO:Importing untrained model
2026-09-15 19:22:49,399:INFO:Logistic Regression Imported successfully
2026-09-15 19:22:49,399:INFO:Starting cross validation
2026-09-15 19:22:49,401:INFO:Cross validating with StratifiedKFold(n_splits=10, random_state=None, shuffle=False), n_jobs=-1
2026-09-15 19:22:51,905:INFO:Calculating mean and std
2026-09-15 19:22:51,906:INFO:Creating metrics dataframe
2026-09-15 19:22:51,911:INFO:Uploading results into container
2026-09-15 19:22:51,912:INFO:Uploading model into container now
2026-09-15 19:22:51,913:INFO:_master_model_container: 1
2026-09-15 19:22:51,913:INFO:_display_container: 2
2026-09-15 19:22:51,914:INFO:LogisticRegression(C=1.0, class_weight=None, dual=False, fit_intercept=True,
                   intercept_scaling=1, l1_ratio=None, max_iter=1000,
                   multi_class='auto', n_jobs=None, penalty='l2',
                   random_state=1970, solver='lbfgs', tol=0.0001, verbose=0,
                   warm_start=False)
2026-09-15 19:22:51,914:INFO:create_model() successfully completed......................................
2026-09-15 19:22:51,979:INFO:SubProcess create_model() end ==================================
2026-09-15 19:22:51,979:INFO:Creating metrics dataframe
2026-09-15 19:22:51,983:INFO:Initializing K Neighbors Classifier
2026-09-15 19:22:51,983:INFO:Total runtime is 0.04309020439783732 minutes
2026-09-15 19:22:51,984:INFO:SubProcess create_model() called ==================================
2026-09-15 19:22:51,984:INFO:Initializing create_model()
2026-09-15 19:22:51,984:INFO:create_model(self=<pycaret.classification.oop.ClassificationExperiment object at 0x0000016C73FCF5B0>, estimator=knn, fold=StratifiedKFold(n_splits=10, random_state=None, shuffle=False), round=4, cross_validation=True, predict=True, fit_kwargs={}, groups=None, refit=False, probability_threshold=None, experiment_custom_tags=None, verbose=False, system=False, add_to_model_list=True, metrics=None, display=<pycaret.internal.display.display.CommonDisplay object at 0x0000016C11E96730>, model_only=True, return_train_score=False, error_score=0.0, kwargs={})
2026-09-15 19:22:51,984:INFO:Checking exceptions
2026-09-15 19:22:51,984:INFO:Importing libraries
2026-09-15 19:22:51,984:INFO:Copying training dataset
2026-09-15 19:22:51,986:INFO:Defining folds
2026-09-15 19:22:51,986:INFO:Declaring metric variables
2026-09-15 19:22:51,986:INFO:Importing untrained model
2026-09-15 19:22:51,986:INFO:K Neighbors Classifier Imported successfully
2026-09-15 19:22:51,986:INFO:Starting cross validation
2026-09-15 19:22:51,987:INFO:Cross validating with StratifiedKFold(n_splits=10, random_state=None, shuffle=False), n_jobs=-1
2026-09-15 19:22:53,076:INFO:Calculating mean and std
2026-09-15 19:22:53,076:INFO:Creating metrics dataframe
2026-09-15 19:22:53,079:INFO:Uploading results into container
2026-09-15 19:22:53,079:INFO:Uploading model into container now
2026-09-15 19:22:53,079:INFO:_master_model_container: 2
2026-09-15 19:22:53,079:INFO:_display_container: 2
2026-09-15 19:22:53,079:INFO:KNeighborsClassifier(algorithm='auto', leaf_size=30, metric='minkowski',
                     metric_params=None, n_jobs=-1, n_neighbors=5, p=2,
                     weights='uniform')
2026-09-15 19:22:53,079:INFO:create_model() successfully completed......................................
2026-09-15 19:22:53,130:INFO:SubProcess create_model() end ==================================
2026-09-15 19:22:53,130:INFO:Creating metrics dataframe
2026-09-15 19:22:53,133:INFO:Initializing Naive Bayes
2026-09-15 19:22:53,134:INFO:Total runtime is 0.062277193864186606 minutes
2026-09-15 19:22:53,134:INFO:SubProcess create_model() called ==================================
2026-09-15 19:22:53,134:INFO:Initializing create_model()
2026-09-15 19:22:53,134:INFO:create_model(self=<pycaret.classification.oop.ClassificationExperiment object at 0x0000016C73FCF5B0>, estimator=nb, fold=StratifiedKFold(n_splits=10, random_state=None, shuffle=False), round=4, cross_validation=True, predict=True, fit_kwargs={}, groups=None, refit=False, probability_threshold=None, experiment_custom_tags=None, verbose=False, system=False, add_to_model_list=True, metrics=None, display=<pycaret.internal.display.display.CommonDisplay object at 0x0000016C11E96730>, model_only=True, return_train_score=False, error_score=0.0, kwargs={})
2026-09-15 19:22:53,134:INFO:Checking exceptions
2026-09-15 19:22:53,134:INFO:Importing libraries
2026-09-15 19:22:53,134:INFO:Copying training dataset
2026-09-15 19:22:53,135:INFO:Defining folds
2026-09-15 19:22:53,135:INFO:Declaring metric variables
2026-09-15 19:22:53,135:INFO:Importing untrained model
2026-09-15 19:22:53,135:INFO:Naive Bayes Imported successfully
2026-09-15 19:22:53,135:INFO:Starting cross validation
2026-09-15 19:22:53,137:INFO:Cross validating with StratifiedKFold(n_splits=10, random_state=None, shuffle=False), n_jobs=-1
2026-09-15 19:22:53,177:INFO:Calculating mean and std
2026-09-15 19:22:53,178:INFO:Creating metrics dataframe
2026-09-15 19:22:53,181:INFO:Uploading results into container
2026-09-15 19:22:53,181:INFO:Uploading model into container now
2026-09-15 19:22:53,181:INFO:_master_model_container: 3
2026-09-15 19:22:53,182:INFO:_display_container: 2
2026-09-15 19:22:53,182:INFO:GaussianNB(priors=None, var_smoothing=1e-09)
2026-09-15 19:22:53,182:INFO:create_model() successfully completed......................................
2026-09-15 19:22:53,226:INFO:SubProcess create_model() end ==================================
2026-09-15 19:22:53,226:INFO:Creating metrics dataframe
2026-09-15 19:22:53,229:INFO:Initializing Decision Tree Classifier
2026-09-15 19:22:53,229:INFO:Total runtime is 0.06386598745981853 minutes
2026-09-15 19:22:53,229:INFO:SubProcess create_model() called ==================================
2026-09-15 19:22:53,229:INFO:Initializing create_model()
2026-09-15 19:22:53,229:INFO:create_model(self=<pycaret.classification.oop.ClassificationExperiment object at 0x0000016C73FCF5B0>, estimator=dt, fold=StratifiedKFold(n_splits=10, random_state=None, shuffle=False), round=4, cross_validation=True, predict=True, fit_kwargs={}, groups=None, refit=False, probability_threshold=None, experiment_custom_tags=None, verbose=False, system=False, add_to_model_list=True, metrics=None, display=<pycaret.internal.display.display.CommonDisplay object at 0x0000016C11E96730>, model_only=True, return_train_score=False, error_score=0.0, kwargs={})
2026-09-15 19:22:53,229:INFO:Checking exceptions
2026-09-15 19:22:53,229:INFO:Importing libraries
2026-09-15 19:22:53,229:INFO:Copying training dataset
2026-09-15 19:22:53,231:INFO:Defining folds
2026-09-15 19:22:53,231:INFO:Declaring metric variables
2026-09-15 19:22:53,231:INFO:Importing untrained model
2026-09-15 19:22:53,231:INFO:Decision Tree Classifier Imported successfully
2026-09-15 19:22:53,231:INFO:Starting cross validation
2026-09-15 19:22:53,232:INFO:Cross validating with StratifiedKFold(n_splits=10, random_state=None, shuffle=False), n_jobs=-1
2026-09-15 19:22:53,273:INFO:Calculating mean and std
2026-09-15 19:22:53,273:INFO:Creating metrics dataframe
2026-09-15 19:22:53,276:INFO:Uploading results into container
2026-09-15 19:22:53,276:INFO:Uploading model into container now
2026-09-15 19:22:53,276:INFO:_master_model_container: 4
2026-09-15 19:22:53,276:INFO:_display_container: 2
2026-09-15 19:22:53,277:INFO:DecisionTreeClassifier(ccp_alpha=0.0, class_weight=None, criterion='gini',
                       max_depth=None, max_features=None, max_leaf_nodes=None,
                       min_impurity_decrease=0.0, min_samples_leaf=1,
                       min_samples_split=2, min_weight_fraction_leaf=0.0,
                       random_state=1970, splitter='best')
2026-09-15 19:22:53,277:INFO:create_model() successfully completed......................................
2026-09-15 19:22:53,322:INFO:SubProcess create_model() end ==================================
2026-09-15 19:22:53,322:INFO:Creating metrics dataframe
2026-09-15 19:22:53,326:INFO:Initializing SVM - Linear Kernel
2026-09-15 19:22:53,326:INFO:Total runtime is 0.0654842217763265 minutes
2026-09-15 19:22:53,326:INFO:SubProcess create_model() called ==================================
2026-09-15 19:22:53,326:INFO:Initializing create_model()
2026-09-15 19:22:53,326:INFO:create_model(self=<pycaret.classification.oop.ClassificationExperiment object at 0x0000016C73FCF5B0>, estimator=svm, fold=StratifiedKFold(n_splits=10, random_state=None, shuffle=False), round=4, cross_validation=True, predict=True, fit_kwargs={}, groups=None, refit=False, probability_threshold=None, experiment_custom_tags=None, verbose=False, system=False, add_to_model_list=True, metrics=None, display=<pycaret.internal.display.display.CommonDisplay object at 0x0000016C11E96730>, model_only=True, return_train_score=False, error_score=0.0, kwargs={})
2026-09-15 19:22:53,326:INFO:Checking exceptions
2026-09-15 19:22:53,326:INFO:Importing libraries
2026-09-15 19:22:53,326:INFO:Copying training dataset
2026-09-15 19:22:53,328:INFO:Defining folds
2026-09-15 19:22:53,328:INFO:Declaring metric variables
2026-09-15 19:22:53,328:INFO:Importing untrained model
2026-09-15 19:22:53,329:INFO:SVM - Linear Kernel Imported successfully
2026-09-15 19:22:53,329:INFO:Starting cross validation
2026-09-15 19:22:53,329:INFO:Cross validating with StratifiedKFold(n_splits=10, random_state=None, shuffle=False), n_jobs=-1
2026-09-15 19:22:53,362:WARNING:D:\ai\myenv\lib\site-packages\pycaret\internal\metrics.py:190: FitFailedWarning: Metric 'make_scorer(roc_auc_score, needs_proba=True, error_score=0.0, average=weighted, multi_class=ovr)' failed and error score 0.0 has been returned instead. If this is a custom metric, this usually means that the error is in the metric code. Full exception below:
Traceback (most recent call last):
  File "D:\ai\myenv\lib\site-packages\sklearn\metrics\_scorer.py", line 76, in _cached_call
    return cache[method]
KeyError: 'predict_proba'

During handling of the above exception, another exception occurred:

Traceback (most recent call last):
  File "D:\ai\myenv\lib\site-packages\pycaret\internal\metrics.py", line 182, in _score
    return super()._score(
  File "D:\ai\myenv\lib\site-packages\sklearn\metrics\_scorer.py", line 316, in _score
    y_pred = method_caller(clf, "predict_proba", X)
  File "D:\ai\myenv\lib\site-packages\sklearn\metrics\_scorer.py", line 78, in _cached_call
    result = getattr(estimator, method)(*args, **kwargs)
  File "D:\ai\myenv\lib\site-packages\pycaret\internal\pipeline.py", line 127, in __getattr__
    return getattr(self._final_estimator, name)
  File "D:\ai\myenv\lib\site-packages\sklearn\utils\_available_if.py", line 32, in __get__
    if not self.check(obj):
  File "D:\ai\myenv\lib\site-packages\sklearn\linear_model\_stochastic_gradient.py", line 1235, in _check_proba
    raise AttributeError(
AttributeError: probability estimates are not available for loss='hinge'

  warnings.warn(

2026-09-15 19:22:53,363:WARNING:D:\ai\myenv\lib\site-packages\pycaret\internal\metrics.py:190: FitFailedWarning: Metric 'make_scorer(roc_auc_score, needs_proba=True, error_score=0.0, average=weighted, multi_class=ovr)' failed and error score 0.0 has been returned instead. If this is a custom metric, this usually means that the error is in the metric code. Full exception below:
Traceback (most recent call last):
  File "D:\ai\myenv\lib\site-packages\sklearn\metrics\_scorer.py", line 76, in _cached_call
    return cache[method]
KeyError: 'predict_proba'

During handling of the above exception, another exception occurred:

Traceback (most recent call last):
  File "D:\ai\myenv\lib\site-packages\pycaret\internal\metrics.py", line 182, in _score
    return super()._score(
  File "D:\ai\myenv\lib\site-packages\sklearn\metrics\_scorer.py", line 316, in _score
    y_pred = method_caller(clf, "predict_proba", X)
  File "D:\ai\myenv\lib\site-packages\sklearn\metrics\_scorer.py", line 78, in _cached_call
    result = getattr(estimator, method)(*args, **kwargs)
  File "D:\ai\myenv\lib\site-packages\pycaret\internal\pipeline.py", line 127, in __getattr__
    return getattr(self._final_estimator, name)
  File "D:\ai\myenv\lib\site-packages\sklearn\utils\_available_if.py", line 32, in __get__
    if not self.check(obj):
  File "D:\ai\myenv\lib\site-packages\sklearn\linear_model\_stochastic_gradient.py", line 1235, in _check_proba
    raise AttributeError(
AttributeError: probability estimates are not available for loss='hinge'

  warnings.warn(

2026-09-15 19:22:53,364:WARNING:D:\ai\myenv\lib\site-packages\pycaret\internal\metrics.py:190: FitFailedWarning: Metric 'make_scorer(roc_auc_score, needs_proba=True, error_score=0.0, average=weighted, multi_class=ovr)' failed and error score 0.0 has been returned instead. If this is a custom metric, this usually means that the error is in the metric code. Full exception below:
Traceback (most recent call last):
  File "D:\ai\myenv\lib\site-packages\sklearn\metrics\_scorer.py", line 76, in _cached_call
    return cache[method]
KeyError: 'predict_proba'

During handling of the above exception, another exception occurred:

Traceback (most recent call last):
  File "D:\ai\myenv\lib\site-packages\pycaret\internal\metrics.py", line 182, in _score
    return super()._score(
  File "D:\ai\myenv\lib\site-packages\sklearn\metrics\_scorer.py", line 316, in _score
    y_pred = method_caller(clf, "predict_proba", X)
  File "D:\ai\myenv\lib\site-packages\sklearn\metrics\_scorer.py", line 78, in _cached_call
    result = getattr(estimator, method)(*args, **kwargs)
  File "D:\ai\myenv\lib\site-packages\pycaret\internal\pipeline.py", line 127, in __getattr__
    return getattr(self._final_estimator, name)
  File "D:\ai\myenv\lib\site-packages\sklearn\utils\_available_if.py", line 32, in __get__
    if not self.check(obj):
  File "D:\ai\myenv\lib\site-packages\sklearn\linear_model\_stochastic_gradient.py", line 1235, in _check_proba
    raise AttributeError(
AttributeError: probability estimates are not available for loss='hinge'

  warnings.warn(

2026-09-15 19:22:53,369:WARNING:D:\ai\myenv\lib\site-packages\pycaret\internal\metrics.py:190: FitFailedWarning: Metric 'make_scorer(roc_auc_score, needs_proba=True, error_score=0.0, average=weighted, multi_class=ovr)' failed and error score 0.0 has been returned instead. If this is a custom metric, this usually means that the error is in the metric code. Full exception below:
Traceback (most recent call last):
  File "D:\ai\myenv\lib\site-packages\sklearn\metrics\_scorer.py", line 76, in _cached_call
    return cache[method]
KeyError: 'predict_proba'

During handling of the above exception, another exception occurred:

Traceback (most recent call last):
  File "D:\ai\myenv\lib\site-packages\pycaret\internal\metrics.py", line 182, in _score
    return super()._score(
  File "D:\ai\myenv\lib\site-packages\sklearn\metrics\_scorer.py", line 316, in _score
    y_pred = method_caller(clf, "predict_proba", X)
  File "D:\ai\myenv\lib\site-packages\sklearn\metrics\_scorer.py", line 78, in _cached_call
    result = getattr(estimator, method)(*args, **kwargs)
  File "D:\ai\myenv\lib\site-packages\pycaret\internal\pipeline.py", line 127, in __getattr__
    return getattr(self._final_estimator, name)
  File "D:\ai\myenv\lib\site-packages\sklearn\utils\_available_if.py", line 32, in __get__
    if not self.check(obj):
  File "D:\ai\myenv\lib\site-packages\sklearn\linear_model\_stochastic_gradient.py", line 1235, in _check_proba
    raise AttributeError(
AttributeError: probability estimates are not available for loss='hinge'

  warnings.warn(

2026-09-15 19:22:53,372:WARNING:D:\ai\myenv\lib\site-packages\pycaret\internal\metrics.py:190: FitFailedWarning: Metric 'make_scorer(roc_auc_score, needs_proba=True, error_score=0.0, average=weighted, multi_class=ovr)' failed and error score 0.0 has been returned instead. If this is a custom metric, this usually means that the error is in the metric code. Full exception below:
Traceback (most recent call last):
  File "D:\ai\myenv\lib\site-packages\sklearn\metrics\_scorer.py", line 76, in _cached_call
    return cache[method]
KeyError: 'predict_proba'

During handling of the above exception, another exception occurred:

Traceback (most recent call last):
  File "D:\ai\myenv\lib\site-packages\pycaret\internal\metrics.py", line 182, in _score
    return super()._score(
  File "D:\ai\myenv\lib\site-packages\sklearn\metrics\_scorer.py", line 316, in _score
    y_pred = method_caller(clf, "predict_proba", X)
  File "D:\ai\myenv\lib\site-packages\sklearn\metrics\_scorer.py", line 78, in _cached_call
    result = getattr(estimator, method)(*args, **kwargs)
  File "D:\ai\myenv\lib\site-packages\pycaret\internal\pipeline.py", line 127, in __getattr__
    return getattr(self._final_estimator, name)
  File "D:\ai\myenv\lib\site-packages\sklearn\utils\_available_if.py", line 32, in __get__
    if not self.check(obj):
  File "D:\ai\myenv\lib\site-packages\sklearn\linear_model\_stochastic_gradient.py", line 1235, in _check_proba
    raise AttributeError(
AttributeError: probability estimates are not available for loss='hinge'

  warnings.warn(

2026-09-15 19:22:53,374:WARNING:D:\ai\myenv\lib\site-packages\pycaret\internal\metrics.py:190: FitFailedWarning: Metric 'make_scorer(roc_auc_score, needs_proba=True, error_score=0.0, average=weighted, multi_class=ovr)' failed and error score 0.0 has been returned instead. If this is a custom metric, this usually means that the error is in the metric code. Full exception below:
Traceback (most recent call last):
  File "D:\ai\myenv\lib\site-packages\sklearn\metrics\_scorer.py", line 76, in _cached_call
    return cache[method]
KeyError: 'predict_proba'

During handling of the above exception, another exception occurred:

Traceback (most recent call last):
  File "D:\ai\myenv\lib\site-packages\pycaret\internal\metrics.py", line 182, in _score
    return super()._score(
  File "D:\ai\myenv\lib\site-packages\sklearn\metrics\_scorer.py", line 316, in _score
    y_pred = method_caller(clf, "predict_proba", X)
  File "D:\ai\myenv\lib\site-packages\sklearn\metrics\_scorer.py", line 78, in _cached_call
    result = getattr(estimator, method)(*args, **kwargs)
  File "D:\ai\myenv\lib\site-packages\pycaret\internal\pipeline.py", line 127, in __getattr__
    return getattr(self._final_estimator, name)
  File "D:\ai\myenv\lib\site-packages\sklearn\utils\_available_if.py", line 32, in __get__
    if not self.check(obj):
  File "D:\ai\myenv\lib\site-packages\sklearn\linear_model\_stochastic_gradient.py", line 1235, in _check_proba
    raise AttributeError(
AttributeError: probability estimates are not available for loss='hinge'

  warnings.warn(

2026-09-15 19:22:53,374:WARNING:D:\ai\myenv\lib\site-packages\pycaret\internal\metrics.py:190: FitFailedWarning: Metric 'make_scorer(roc_auc_score, needs_proba=True, error_score=0.0, average=weighted, multi_class=ovr)' failed and error score 0.0 has been returned instead. If this is a custom metric, this usually means that the error is in the metric code. Full exception below:
Traceback (most recent call last):
  File "D:\ai\myenv\lib\site-packages\sklearn\metrics\_scorer.py", line 76, in _cached_call
    return cache[method]
KeyError: 'predict_proba'

During handling of the above exception, another exception occurred:

Traceback (most recent call last):
  File "D:\ai\myenv\lib\site-packages\pycaret\internal\metrics.py", line 182, in _score
    return super()._score(
  File "D:\ai\myenv\lib\site-packages\sklearn\metrics\_scorer.py", line 316, in _score
    y_pred = method_caller(clf, "predict_proba", X)
  File "D:\ai\myenv\lib\site-packages\sklearn\metrics\_scorer.py", line 78, in _cached_call
    result = getattr(estimator, method)(*args, **kwargs)
  File "D:\ai\myenv\lib\site-packages\pycaret\internal\pipeline.py", line 127, in __getattr__
    return getattr(self._final_estimator, name)
  File "D:\ai\myenv\lib\site-packages\sklearn\utils\_available_if.py", line 32, in __get__
    if not self.check(obj):
  File "D:\ai\myenv\lib\site-packages\sklearn\linear_model\_stochastic_gradient.py", line 1235, in _check_proba
    raise AttributeError(
AttributeError: probability estimates are not available for loss='hinge'

  warnings.warn(

2026-09-15 19:22:53,378:WARNING:D:\ai\myenv\lib\site-packages\sklearn\metrics\_classification.py:1344: UndefinedMetricWarning: Precision is ill-defined and being set to 0.0 in labels with no predicted samples. Use `zero_division` parameter to control this behavior.
  _warn_prf(average, modifier, msg_start, len(result))

2026-09-15 19:22:53,378:WARNING:D:\ai\myenv\lib\site-packages\pycaret\internal\metrics.py:190: FitFailedWarning: Metric 'make_scorer(roc_auc_score, needs_proba=True, error_score=0.0, average=weighted, multi_class=ovr)' failed and error score 0.0 has been returned instead. If this is a custom metric, this usually means that the error is in the metric code. Full exception below:
Traceback (most recent call last):
  File "D:\ai\myenv\lib\site-packages\sklearn\metrics\_scorer.py", line 76, in _cached_call
    return cache[method]
KeyError: 'predict_proba'

During handling of the above exception, another exception occurred:

Traceback (most recent call last):
  File "D:\ai\myenv\lib\site-packages\pycaret\internal\metrics.py", line 182, in _score
    return super()._score(
  File "D:\ai\myenv\lib\site-packages\sklearn\metrics\_scorer.py", line 316, in _score
    y_pred = method_caller(clf, "predict_proba", X)
  File "D:\ai\myenv\lib\site-packages\sklearn\metrics\_scorer.py", line 78, in _cached_call
    result = getattr(estimator, method)(*args, **kwargs)
  File "D:\ai\myenv\lib\site-packages\pycaret\internal\pipeline.py", line 127, in __getattr__
    return getattr(self._final_estimator, name)
  File "D:\ai\myenv\lib\site-packages\sklearn\utils\_available_if.py", line 32, in __get__
    if not self.check(obj):
  File "D:\ai\myenv\lib\site-packages\sklearn\linear_model\_stochastic_gradient.py", line 1235, in _check_proba
    raise AttributeError(
AttributeError: probability estimates are not available for loss='hinge'

  warnings.warn(

2026-09-15 19:22:53,378:WARNING:D:\ai\myenv\lib\site-packages\sklearn\metrics\_classification.py:1344: UndefinedMetricWarning: Precision is ill-defined and being set to 0.0 in labels with no predicted samples. Use `zero_division` parameter to control this behavior.
  _warn_prf(average, modifier, msg_start, len(result))

2026-09-15 19:22:53,379:WARNING:D:\ai\myenv\lib\site-packages\pycaret\internal\metrics.py:190: FitFailedWarning: Metric 'make_scorer(roc_auc_score, needs_proba=True, error_score=0.0, average=weighted, multi_class=ovr)' failed and error score 0.0 has been returned instead. If this is a custom metric, this usually means that the error is in the metric code. Full exception below:
Traceback (most recent call last):
  File "D:\ai\myenv\lib\site-packages\sklearn\metrics\_scorer.py", line 76, in _cached_call
    return cache[method]
KeyError: 'predict_proba'

During handling of the above exception, another exception occurred:

Traceback (most recent call last):
  File "D:\ai\myenv\lib\site-packages\pycaret\internal\metrics.py", line 182, in _score
    return super()._score(
  File "D:\ai\myenv\lib\site-packages\sklearn\metrics\_scorer.py", line 316, in _score
    y_pred = method_caller(clf, "predict_proba", X)
  File "D:\ai\myenv\lib\site-packages\sklearn\metrics\_scorer.py", line 78, in _cached_call
    result = getattr(estimator, method)(*args, **kwargs)
  File "D:\ai\myenv\lib\site-packages\pycaret\internal\pipeline.py", line 127, in __getattr__
    return getattr(self._final_estimator, name)
  File "D:\ai\myenv\lib\site-packages\sklearn\utils\_available_if.py", line 32, in __get__
    if not self.check(obj):
  File "D:\ai\myenv\lib\site-packages\sklearn\linear_model\_stochastic_gradient.py", line 1235, in _check_proba
    raise AttributeError(
AttributeError: probability estimates are not available for loss='hinge'

  warnings.warn(

2026-09-15 19:22:53,383:WARNING:D:\ai\myenv\lib\site-packages\pycaret\internal\metrics.py:190: FitFailedWarning: Metric 'make_scorer(roc_auc_score, needs_proba=True, error_score=0.0, average=weighted, multi_class=ovr)' failed and error score 0.0 has been returned instead. If this is a custom metric, this usually means that the error is in the metric code. Full exception below:
Traceback (most recent call last):
  File "D:\ai\myenv\lib\site-packages\sklearn\metrics\_scorer.py", line 76, in _cached_call
    return cache[method]
KeyError: 'predict_proba'

During handling of the above exception, another exception occurred:

Traceback (most recent call last):
  File "D:\ai\myenv\lib\site-packages\pycaret\internal\metrics.py", line 182, in _score
    return super()._score(
  File "D:\ai\myenv\lib\site-packages\sklearn\metrics\_scorer.py", line 316, in _score
    y_pred = method_caller(clf, "predict_proba", X)
  File "D:\ai\myenv\lib\site-packages\sklearn\metrics\_scorer.py", line 78, in _cached_call
    result = getattr(estimator, method)(*args, **kwargs)
  File "D:\ai\myenv\lib\site-packages\pycaret\internal\pipeline.py", line 127, in __getattr__
    return getattr(self._final_estimator, name)
  File "D:\ai\myenv\lib\site-packages\sklearn\utils\_available_if.py", line 32, in __get__
    if not self.check(obj):
  File "D:\ai\myenv\lib\site-packages\sklearn\linear_model\_stochastic_gradient.py", line 1235, in _check_proba
    raise AttributeError(
AttributeError: probability estimates are not available for loss='hinge'

  warnings.warn(

2026-09-15 19:22:53,388:INFO:Calculating mean and std
2026-09-15 19:22:53,388:INFO:Creating metrics dataframe
2026-09-15 19:22:53,390:INFO:Uploading results into container
2026-09-15 19:22:53,391:INFO:Uploading model into container now
2026-09-15 19:22:53,391:INFO:_master_model_container: 5
2026-09-15 19:22:53,391:INFO:_display_container: 2
2026-09-15 19:22:53,391:INFO:SGDClassifier(alpha=0.0001, average=False, class_weight=None,
              early_stopping=False, epsilon=0.1, eta0=0.001, fit_intercept=True,
              l1_ratio=0.15, learning_rate='optimal', loss='hinge',
              max_iter=1000, n_iter_no_change=5, n_jobs=-1, penalty='l2',
              power_t=0.5, random_state=1970, shuffle=True, tol=0.001,
              validation_fraction=0.1, verbose=0, warm_start=False)
2026-09-15 19:22:53,391:INFO:create_model() successfully completed......................................
2026-09-15 19:22:53,435:INFO:SubProcess create_model() end ==================================
2026-09-15 19:22:53,435:INFO:Creating metrics dataframe
2026-09-15 19:22:53,438:INFO:Initializing Ridge Classifier
2026-09-15 19:22:53,438:INFO:Total runtime is 0.06734724839528401 minutes
2026-09-15 19:22:53,438:INFO:SubProcess create_model() called ==================================
2026-09-15 19:22:53,438:INFO:Initializing create_model()
2026-09-15 19:22:53,438:INFO:create_model(self=<pycaret.classification.oop.ClassificationExperiment object at 0x0000016C73FCF5B0>, estimator=ridge, fold=StratifiedKFold(n_splits=10, random_state=None, shuffle=False), round=4, cross_validation=True, predict=True, fit_kwargs={}, groups=None, refit=False, probability_threshold=None, experiment_custom_tags=None, verbose=False, system=False, add_to_model_list=True, metrics=None, display=<pycaret.internal.display.display.CommonDisplay object at 0x0000016C11E96730>, model_only=True, return_train_score=False, error_score=0.0, kwargs={})
2026-09-15 19:22:53,438:INFO:Checking exceptions
2026-09-15 19:22:53,438:INFO:Importing libraries
2026-09-15 19:22:53,438:INFO:Copying training dataset
2026-09-15 19:22:53,439:INFO:Defining folds
2026-09-15 19:22:53,439:INFO:Declaring metric variables
2026-09-15 19:22:53,441:INFO:Importing untrained model
2026-09-15 19:22:53,441:INFO:Ridge Classifier Imported successfully
2026-09-15 19:22:53,441:INFO:Starting cross validation
2026-09-15 19:22:53,441:INFO:Cross validating with StratifiedKFold(n_splits=10, random_state=None, shuffle=False), n_jobs=-1
2026-09-15 19:22:53,463:WARNING:D:\ai\myenv\lib\site-packages\pycaret\internal\metrics.py:190: FitFailedWarning: Metric 'make_scorer(roc_auc_score, needs_proba=True, error_score=0.0, average=weighted, multi_class=ovr)' failed and error score 0.0 has been returned instead. If this is a custom metric, this usually means that the error is in the metric code. Full exception below:
Traceback (most recent call last):
  File "D:\ai\myenv\lib\site-packages\sklearn\metrics\_scorer.py", line 76, in _cached_call
    return cache[method]
KeyError: 'predict_proba'

During handling of the above exception, another exception occurred:

Traceback (most recent call last):
  File "D:\ai\myenv\lib\site-packages\pycaret\internal\metrics.py", line 182, in _score
    return super()._score(
  File "D:\ai\myenv\lib\site-packages\sklearn\metrics\_scorer.py", line 316, in _score
    y_pred = method_caller(clf, "predict_proba", X)
  File "D:\ai\myenv\lib\site-packages\sklearn\metrics\_scorer.py", line 78, in _cached_call
    result = getattr(estimator, method)(*args, **kwargs)
  File "D:\ai\myenv\lib\site-packages\pycaret\internal\pipeline.py", line 127, in __getattr__
    return getattr(self._final_estimator, name)
AttributeError: 'RidgeClassifier' object has no attribute 'predict_proba'

  warnings.warn(

2026-09-15 19:22:53,463:WARNING:D:\ai\myenv\lib\site-packages\pycaret\internal\metrics.py:190: FitFailedWarning: Metric 'make_scorer(roc_auc_score, needs_proba=True, error_score=0.0, average=weighted, multi_class=ovr)' failed and error score 0.0 has been returned instead. If this is a custom metric, this usually means that the error is in the metric code. Full exception below:
Traceback (most recent call last):
  File "D:\ai\myenv\lib\site-packages\sklearn\metrics\_scorer.py", line 76, in _cached_call
    return cache[method]
KeyError: 'predict_proba'

During handling of the above exception, another exception occurred:

Traceback (most recent call last):
  File "D:\ai\myenv\lib\site-packages\pycaret\internal\metrics.py", line 182, in _score
    return super()._score(
  File "D:\ai\myenv\lib\site-packages\sklearn\metrics\_scorer.py", line 316, in _score
    y_pred = method_caller(clf, "predict_proba", X)
  File "D:\ai\myenv\lib\site-packages\sklearn\metrics\_scorer.py", line 78, in _cached_call
    result = getattr(estimator, method)(*args, **kwargs)
  File "D:\ai\myenv\lib\site-packages\pycaret\internal\pipeline.py", line 127, in __getattr__
    return getattr(self._final_estimator, name)
AttributeError: 'RidgeClassifier' object has no attribute 'predict_proba'

  warnings.warn(

2026-09-15 19:22:53,464:WARNING:D:\ai\myenv\lib\site-packages\pycaret\internal\metrics.py:190: FitFailedWarning: Metric 'make_scorer(roc_auc_score, needs_proba=True, error_score=0.0, average=weighted, multi_class=ovr)' failed and error score 0.0 has been returned instead. If this is a custom metric, this usually means that the error is in the metric code. Full exception below:
Traceback (most recent call last):
  File "D:\ai\myenv\lib\site-packages\sklearn\metrics\_scorer.py", line 76, in _cached_call
    return cache[method]
KeyError: 'predict_proba'

During handling of the above exception, another exception occurred:

Traceback (most recent call last):
  File "D:\ai\myenv\lib\site-packages\pycaret\internal\metrics.py", line 182, in _score
    return super()._score(
  File "D:\ai\myenv\lib\site-packages\sklearn\metrics\_scorer.py", line 316, in _score
    y_pred = method_caller(clf, "predict_proba", X)
  File "D:\ai\myenv\lib\site-packages\sklearn\metrics\_scorer.py", line 78, in _cached_call
    result = getattr(estimator, method)(*args, **kwargs)
  File "D:\ai\myenv\lib\site-packages\pycaret\internal\pipeline.py", line 127, in __getattr__
    return getattr(self._final_estimator, name)
AttributeError: 'RidgeClassifier' object has no attribute 'predict_proba'

  warnings.warn(

2026-09-15 19:22:53,464:WARNING:D:\ai\myenv\lib\site-packages\pycaret\internal\metrics.py:190: FitFailedWarning: Metric 'make_scorer(roc_auc_score, needs_proba=True, error_score=0.0, average=weighted, multi_class=ovr)' failed and error score 0.0 has been returned instead. If this is a custom metric, this usually means that the error is in the metric code. Full exception below:
Traceback (most recent call last):
  File "D:\ai\myenv\lib\site-packages\sklearn\metrics\_scorer.py", line 76, in _cached_call
    return cache[method]
KeyError: 'predict_proba'

During handling of the above exception, another exception occurred:

Traceback (most recent call last):
  File "D:\ai\myenv\lib\site-packages\pycaret\internal\metrics.py", line 182, in _score
    return super()._score(
  File "D:\ai\myenv\lib\site-packages\sklearn\metrics\_scorer.py", line 316, in _score
    y_pred = method_caller(clf, "predict_proba", X)
  File "D:\ai\myenv\lib\site-packages\sklearn\metrics\_scorer.py", line 78, in _cached_call
    result = getattr(estimator, method)(*args, **kwargs)
  File "D:\ai\myenv\lib\site-packages\pycaret\internal\pipeline.py", line 127, in __getattr__
    return getattr(self._final_estimator, name)
AttributeError: 'RidgeClassifier' object has no attribute 'predict_proba'

  warnings.warn(

2026-09-15 19:22:53,468:WARNING:D:\ai\myenv\lib\site-packages\pycaret\internal\metrics.py:190: FitFailedWarning: Metric 'make_scorer(roc_auc_score, needs_proba=True, error_score=0.0, average=weighted, multi_class=ovr)' failed and error score 0.0 has been returned instead. If this is a custom metric, this usually means that the error is in the metric code. Full exception below:
Traceback (most recent call last):
  File "D:\ai\myenv\lib\site-packages\sklearn\metrics\_scorer.py", line 76, in _cached_call
    return cache[method]
KeyError: 'predict_proba'

During handling of the above exception, another exception occurred:

Traceback (most recent call last):
  File "D:\ai\myenv\lib\site-packages\pycaret\internal\metrics.py", line 182, in _score
    return super()._score(
  File "D:\ai\myenv\lib\site-packages\sklearn\metrics\_scorer.py", line 316, in _score
    y_pred = method_caller(clf, "predict_proba", X)
  File "D:\ai\myenv\lib\site-packages\sklearn\metrics\_scorer.py", line 78, in _cached_call
    result = getattr(estimator, method)(*args, **kwargs)
  File "D:\ai\myenv\lib\site-packages\pycaret\internal\pipeline.py", line 127, in __getattr__
    return getattr(self._final_estimator, name)
AttributeError: 'RidgeClassifier' object has no attribute 'predict_proba'

  warnings.warn(

2026-09-15 19:22:53,470:WARNING:D:\ai\myenv\lib\site-packages\pycaret\internal\metrics.py:190: FitFailedWarning: Metric 'make_scorer(roc_auc_score, needs_proba=True, error_score=0.0, average=weighted, multi_class=ovr)' failed and error score 0.0 has been returned instead. If this is a custom metric, this usually means that the error is in the metric code. Full exception below:
Traceback (most recent call last):
  File "D:\ai\myenv\lib\site-packages\sklearn\metrics\_scorer.py", line 76, in _cached_call
    return cache[method]
KeyError: 'predict_proba'

During handling of the above exception, another exception occurred:

Traceback (most recent call last):
  File "D:\ai\myenv\lib\site-packages\pycaret\internal\metrics.py", line 182, in _score
    return super()._score(
  File "D:\ai\myenv\lib\site-packages\sklearn\metrics\_scorer.py", line 316, in _score
    y_pred = method_caller(clf, "predict_proba", X)
  File "D:\ai\myenv\lib\site-packages\sklearn\metrics\_scorer.py", line 78, in _cached_call
    result = getattr(estimator, method)(*args, **kwargs)
  File "D:\ai\myenv\lib\site-packages\pycaret\internal\pipeline.py", line 127, in __getattr__
    return getattr(self._final_estimator, name)
AttributeError: 'RidgeClassifier' object has no attribute 'predict_proba'

  warnings.warn(

2026-09-15 19:22:53,472:WARNING:D:\ai\myenv\lib\site-packages\pycaret\internal\metrics.py:190: FitFailedWarning: Metric 'make_scorer(roc_auc_score, needs_proba=True, error_score=0.0, average=weighted, multi_class=ovr)' failed and error score 0.0 has been returned instead. If this is a custom metric, this usually means that the error is in the metric code. Full exception below:
Traceback (most recent call last):
  File "D:\ai\myenv\lib\site-packages\sklearn\metrics\_scorer.py", line 76, in _cached_call
    return cache[method]
KeyError: 'predict_proba'

During handling of the above exception, another exception occurred:

Traceback (most recent call last):
  File "D:\ai\myenv\lib\site-packages\pycaret\internal\metrics.py", line 182, in _score
    return super()._score(
  File "D:\ai\myenv\lib\site-packages\sklearn\metrics\_scorer.py", line 316, in _score
    y_pred = method_caller(clf, "predict_proba", X)
  File "D:\ai\myenv\lib\site-packages\sklearn\metrics\_scorer.py", line 78, in _cached_call
    result = getattr(estimator, method)(*args, **kwargs)
  File "D:\ai\myenv\lib\site-packages\pycaret\internal\pipeline.py", line 127, in __getattr__
    return getattr(self._final_estimator, name)
AttributeError: 'RidgeClassifier' object has no attribute 'predict_proba'

  warnings.warn(

2026-09-15 19:22:53,472:WARNING:D:\ai\myenv\lib\site-packages\pycaret\internal\metrics.py:190: FitFailedWarning: Metric 'make_scorer(roc_auc_score, needs_proba=True, error_score=0.0, average=weighted, multi_class=ovr)' failed and error score 0.0 has been returned instead. If this is a custom metric, this usually means that the error is in the metric code. Full exception below:
Traceback (most recent call last):
  File "D:\ai\myenv\lib\site-packages\sklearn\metrics\_scorer.py", line 76, in _cached_call
    return cache[method]
KeyError: 'predict_proba'

During handling of the above exception, another exception occurred:

Traceback (most recent call last):
  File "D:\ai\myenv\lib\site-packages\pycaret\internal\metrics.py", line 182, in _score
    return super()._score(
  File "D:\ai\myenv\lib\site-packages\sklearn\metrics\_scorer.py", line 316, in _score
    y_pred = method_caller(clf, "predict_proba", X)
  File "D:\ai\myenv\lib\site-packages\sklearn\metrics\_scorer.py", line 78, in _cached_call
    result = getattr(estimator, method)(*args, **kwargs)
  File "D:\ai\myenv\lib\site-packages\pycaret\internal\pipeline.py", line 127, in __getattr__
    return getattr(self._final_estimator, name)
AttributeError: 'RidgeClassifier' object has no attribute 'predict_proba'

  warnings.warn(

2026-09-15 19:22:53,474:WARNING:D:\ai\myenv\lib\site-packages\pycaret\internal\metrics.py:190: FitFailedWarning: Metric 'make_scorer(roc_auc_score, needs_proba=True, error_score=0.0, average=weighted, multi_class=ovr)' failed and error score 0.0 has been returned instead. If this is a custom metric, this usually means that the error is in the metric code. Full exception below:
Traceback (most recent call last):
  File "D:\ai\myenv\lib\site-packages\sklearn\metrics\_scorer.py", line 76, in _cached_call
    return cache[method]
KeyError: 'predict_proba'

During handling of the above exception, another exception occurred:

Traceback (most recent call last):
  File "D:\ai\myenv\lib\site-packages\pycaret\internal\metrics.py", line 182, in _score
    return super()._score(
  File "D:\ai\myenv\lib\site-packages\sklearn\metrics\_scorer.py", line 316, in _score
    y_pred = method_caller(clf, "predict_proba", X)
  File "D:\ai\myenv\lib\site-packages\sklearn\metrics\_scorer.py", line 78, in _cached_call
    result = getattr(estimator, method)(*args, **kwargs)
  File "D:\ai\myenv\lib\site-packages\pycaret\internal\pipeline.py", line 127, in __getattr__
    return getattr(self._final_estimator, name)
AttributeError: 'RidgeClassifier' object has no attribute 'predict_proba'

  warnings.warn(

2026-09-15 19:22:53,477:WARNING:D:\ai\myenv\lib\site-packages\pycaret\internal\metrics.py:190: FitFailedWarning: Metric 'make_scorer(roc_auc_score, needs_proba=True, error_score=0.0, average=weighted, multi_class=ovr)' failed and error score 0.0 has been returned instead. If this is a custom metric, this usually means that the error is in the metric code. Full exception below:
Traceback (most recent call last):
  File "D:\ai\myenv\lib\site-packages\sklearn\metrics\_scorer.py", line 76, in _cached_call
    return cache[method]
KeyError: 'predict_proba'

During handling of the above exception, another exception occurred:

Traceback (most recent call last):
  File "D:\ai\myenv\lib\site-packages\pycaret\internal\metrics.py", line 182, in _score
    return super()._score(
  File "D:\ai\myenv\lib\site-packages\sklearn\metrics\_scorer.py", line 316, in _score
    y_pred = method_caller(clf, "predict_proba", X)
  File "D:\ai\myenv\lib\site-packages\sklearn\metrics\_scorer.py", line 78, in _cached_call
    result = getattr(estimator, method)(*args, **kwargs)
  File "D:\ai\myenv\lib\site-packages\pycaret\internal\pipeline.py", line 127, in __getattr__
    return getattr(self._final_estimator, name)
AttributeError: 'RidgeClassifier' object has no attribute 'predict_proba'

  warnings.warn(

2026-09-15 19:22:53,481:INFO:Calculating mean and std
2026-09-15 19:22:53,481:INFO:Creating metrics dataframe
2026-09-15 19:22:53,484:INFO:Uploading results into container
2026-09-15 19:22:53,484:INFO:Uploading model into container now
2026-09-15 19:22:53,484:INFO:_master_model_container: 6
2026-09-15 19:22:53,484:INFO:_display_container: 2
2026-09-15 19:22:53,484:INFO:RidgeClassifier(alpha=1.0, class_weight=None, copy_X=True, fit_intercept=True,
                max_iter=None, positive=False, random_state=1970, solver='auto',
                tol=0.0001)
2026-09-15 19:22:53,484:INFO:create_model() successfully completed......................................
2026-09-15 19:22:53,529:INFO:SubProcess create_model() end ==================================
2026-09-15 19:22:53,529:INFO:Creating metrics dataframe
2026-09-15 19:22:53,532:INFO:Initializing Random Forest Classifier
2026-09-15 19:22:53,532:INFO:Total runtime is 0.06891674598058065 minutes
2026-09-15 19:22:53,532:INFO:SubProcess create_model() called ==================================
2026-09-15 19:22:53,532:INFO:Initializing create_model()
2026-09-15 19:22:53,532:INFO:create_model(self=<pycaret.classification.oop.ClassificationExperiment object at 0x0000016C73FCF5B0>, estimator=rf, fold=StratifiedKFold(n_splits=10, random_state=None, shuffle=False), round=4, cross_validation=True, predict=True, fit_kwargs={}, groups=None, refit=False, probability_threshold=None, experiment_custom_tags=None, verbose=False, system=False, add_to_model_list=True, metrics=None, display=<pycaret.internal.display.display.CommonDisplay object at 0x0000016C11E96730>, model_only=True, return_train_score=False, error_score=0.0, kwargs={})
2026-09-15 19:22:53,532:INFO:Checking exceptions
2026-09-15 19:22:53,532:INFO:Importing libraries
2026-09-15 19:22:53,532:INFO:Copying training dataset
2026-09-15 19:22:53,534:INFO:Defining folds
2026-09-15 19:22:53,534:INFO:Declaring metric variables
2026-09-15 19:22:53,534:INFO:Importing untrained model
2026-09-15 19:22:53,534:INFO:Random Forest Classifier Imported successfully
2026-09-15 19:22:53,534:INFO:Starting cross validation
2026-09-15 19:22:53,535:INFO:Cross validating with StratifiedKFold(n_splits=10, random_state=None, shuffle=False), n_jobs=-1
2026-09-15 19:22:53,815:INFO:Calculating mean and std
2026-09-15 19:22:53,816:INFO:Creating metrics dataframe
2026-09-15 19:22:53,818:INFO:Uploading results into container
2026-09-15 19:22:53,818:INFO:Uploading model into container now
2026-09-15 19:22:53,819:INFO:_master_model_container: 7
2026-09-15 19:22:53,819:INFO:_display_container: 2
2026-09-15 19:22:53,819:INFO:RandomForestClassifier(bootstrap=True, ccp_alpha=0.0, class_weight=None,
                       criterion='gini', max_depth=None, max_features='sqrt',
                       max_leaf_nodes=None, max_samples=None,
                       min_impurity_decrease=0.0, min_samples_leaf=1,
                       min_samples_split=2, min_weight_fraction_leaf=0.0,
                       n_estimators=100, n_jobs=-1, oob_score=False,
                       random_state=1970, verbose=0, warm_start=False)
2026-09-15 19:22:53,819:INFO:create_model() successfully completed......................................
2026-09-15 19:22:53,864:INFO:SubProcess create_model() end ==================================
2026-09-15 19:22:53,864:INFO:Creating metrics dataframe
2026-09-15 19:22:53,869:INFO:Initializing Quadratic Discriminant Analysis
2026-09-15 19:22:53,869:INFO:Total runtime is 0.0745192289352417 minutes
2026-09-15 19:22:53,869:INFO:SubProcess create_model() called ==================================
2026-09-15 19:22:53,869:INFO:Initializing create_model()
2026-09-15 19:22:53,869:INFO:create_model(self=<pycaret.classification.oop.ClassificationExperiment object at 0x0000016C73FCF5B0>, estimator=qda, fold=StratifiedKFold(n_splits=10, random_state=None, shuffle=False), round=4, cross_validation=True, predict=True, fit_kwargs={}, groups=None, refit=False, probability_threshold=None, experiment_custom_tags=None, verbose=False, system=False, add_to_model_list=True, metrics=None, display=<pycaret.internal.display.display.CommonDisplay object at 0x0000016C11E96730>, model_only=True, return_train_score=False, error_score=0.0, kwargs={})
2026-09-15 19:22:53,869:INFO:Checking exceptions
2026-09-15 19:22:53,869:INFO:Importing libraries
2026-09-15 19:22:53,869:INFO:Copying training dataset
2026-09-15 19:22:53,871:INFO:Defining folds
2026-09-15 19:22:53,871:INFO:Declaring metric variables
2026-09-15 19:22:53,871:INFO:Importing untrained model
2026-09-15 19:22:53,871:INFO:Quadratic Discriminant Analysis Imported successfully
2026-09-15 19:22:53,871:INFO:Starting cross validation
2026-09-15 19:22:53,871:INFO:Cross validating with StratifiedKFold(n_splits=10, random_state=None, shuffle=False), n_jobs=-1
2026-09-15 19:22:53,914:INFO:Calculating mean and std
2026-09-15 19:22:53,914:INFO:Creating metrics dataframe
2026-09-15 19:22:53,917:INFO:Uploading results into container
2026-09-15 19:22:53,917:INFO:Uploading model into container now
2026-09-15 19:22:53,917:INFO:_master_model_container: 8
2026-09-15 19:22:53,917:INFO:_display_container: 2
2026-09-15 19:22:53,918:INFO:QuadraticDiscriminantAnalysis(priors=None, reg_param=0.0,
                              store_covariance=False, tol=0.0001)
2026-09-15 19:22:53,918:INFO:create_model() successfully completed......................................
2026-09-15 19:22:53,962:INFO:SubProcess create_model() end ==================================
2026-09-15 19:22:53,962:INFO:Creating metrics dataframe
2026-09-15 19:22:53,965:INFO:Initializing Ada Boost Classifier
2026-09-15 19:22:53,965:INFO:Total runtime is 0.07613530158996581 minutes
2026-09-15 19:22:53,965:INFO:SubProcess create_model() called ==================================
2026-09-15 19:22:53,965:INFO:Initializing create_model()
2026-09-15 19:22:53,965:INFO:create_model(self=<pycaret.classification.oop.ClassificationExperiment object at 0x0000016C73FCF5B0>, estimator=ada, fold=StratifiedKFold(n_splits=10, random_state=None, shuffle=False), round=4, cross_validation=True, predict=True, fit_kwargs={}, groups=None, refit=False, probability_threshold=None, experiment_custom_tags=None, verbose=False, system=False, add_to_model_list=True, metrics=None, display=<pycaret.internal.display.display.CommonDisplay object at 0x0000016C11E96730>, model_only=True, return_train_score=False, error_score=0.0, kwargs={})
2026-09-15 19:22:53,965:INFO:Checking exceptions
2026-09-15 19:22:53,965:INFO:Importing libraries
2026-09-15 19:22:53,965:INFO:Copying training dataset
2026-09-15 19:22:53,967:INFO:Defining folds
2026-09-15 19:22:53,967:INFO:Declaring metric variables
2026-09-15 19:22:53,967:INFO:Importing untrained model
2026-09-15 19:22:53,967:INFO:Ada Boost Classifier Imported successfully
2026-09-15 19:22:53,967:INFO:Starting cross validation
2026-09-15 19:22:53,968:INFO:Cross validating with StratifiedKFold(n_splits=10, random_state=None, shuffle=False), n_jobs=-1
2026-09-15 19:22:54,100:INFO:Calculating mean and std
2026-09-15 19:22:54,100:INFO:Creating metrics dataframe
2026-09-15 19:22:54,103:INFO:Uploading results into container
2026-09-15 19:22:54,104:INFO:Uploading model into container now
2026-09-15 19:22:54,104:INFO:_master_model_container: 9
2026-09-15 19:22:54,104:INFO:_display_container: 2
2026-09-15 19:22:54,104:INFO:AdaBoostClassifier(algorithm='SAMME.R', base_estimator='deprecated',
                   estimator=None, learning_rate=1.0, n_estimators=50,
                   random_state=1970)
2026-09-15 19:22:54,104:INFO:create_model() successfully completed......................................
2026-09-15 19:22:54,147:INFO:SubProcess create_model() end ==================================
2026-09-15 19:22:54,148:INFO:Creating metrics dataframe
2026-09-15 19:22:54,151:INFO:Initializing Gradient Boosting Classifier
2026-09-15 19:22:54,151:INFO:Total runtime is 0.07923479477564493 minutes
2026-09-15 19:22:54,151:INFO:SubProcess create_model() called ==================================
2026-09-15 19:22:54,151:INFO:Initializing create_model()
2026-09-15 19:22:54,151:INFO:create_model(self=<pycaret.classification.oop.ClassificationExperiment object at 0x0000016C73FCF5B0>, estimator=gbc, fold=StratifiedKFold(n_splits=10, random_state=None, shuffle=False), round=4, cross_validation=True, predict=True, fit_kwargs={}, groups=None, refit=False, probability_threshold=None, experiment_custom_tags=None, verbose=False, system=False, add_to_model_list=True, metrics=None, display=<pycaret.internal.display.display.CommonDisplay object at 0x0000016C11E96730>, model_only=True, return_train_score=False, error_score=0.0, kwargs={})
2026-09-15 19:22:54,151:INFO:Checking exceptions
2026-09-15 19:22:54,151:INFO:Importing libraries
2026-09-15 19:22:54,151:INFO:Copying training dataset
2026-09-15 19:22:54,153:INFO:Defining folds
2026-09-15 19:22:54,153:INFO:Declaring metric variables
2026-09-15 19:22:54,153:INFO:Importing untrained model
2026-09-15 19:22:54,153:INFO:Gradient Boosting Classifier Imported successfully
2026-09-15 19:22:54,153:INFO:Starting cross validation
2026-09-15 19:22:54,154:INFO:Cross validating with StratifiedKFold(n_splits=10, random_state=None, shuffle=False), n_jobs=-1
2026-09-15 19:22:54,473:INFO:Calculating mean and std
2026-09-15 19:22:54,474:INFO:Creating metrics dataframe
2026-09-15 19:22:54,477:INFO:Uploading results into container
2026-09-15 19:22:54,477:INFO:Uploading model into container now
2026-09-15 19:22:54,478:INFO:_master_model_container: 10
2026-09-15 19:22:54,478:INFO:_display_container: 2
2026-09-15 19:22:54,478:INFO:GradientBoostingClassifier(ccp_alpha=0.0, criterion='friedman_mse', init=None,
                           learning_rate=0.1, loss='log_loss', max_depth=3,
                           max_features=None, max_leaf_nodes=None,
                           min_impurity_decrease=0.0, min_samples_leaf=1,
                           min_samples_split=2, min_weight_fraction_leaf=0.0,
                           n_estimators=100, n_iter_no_change=None,
                           random_state=1970, subsample=1.0, tol=0.0001,
                           validation_fraction=0.1, verbose=0,
                           warm_start=False)
2026-09-15 19:22:54,478:INFO:create_model() successfully completed......................................
2026-09-15 19:22:54,524:INFO:SubProcess create_model() end ==================================
2026-09-15 19:22:54,524:INFO:Creating metrics dataframe
2026-09-15 19:22:54,527:INFO:Initializing Linear Discriminant Analysis
2026-09-15 19:22:54,527:INFO:Total runtime is 0.08549640178680419 minutes
2026-09-15 19:22:54,527:INFO:SubProcess create_model() called ==================================
2026-09-15 19:22:54,527:INFO:Initializing create_model()
2026-09-15 19:22:54,527:INFO:create_model(self=<pycaret.classification.oop.ClassificationExperiment object at 0x0000016C73FCF5B0>, estimator=lda, fold=StratifiedKFold(n_splits=10, random_state=None, shuffle=False), round=4, cross_validation=True, predict=True, fit_kwargs={}, groups=None, refit=False, probability_threshold=None, experiment_custom_tags=None, verbose=False, system=False, add_to_model_list=True, metrics=None, display=<pycaret.internal.display.display.CommonDisplay object at 0x0000016C11E96730>, model_only=True, return_train_score=False, error_score=0.0, kwargs={})
2026-09-15 19:22:54,527:INFO:Checking exceptions
2026-09-15 19:22:54,527:INFO:Importing libraries
2026-09-15 19:22:54,527:INFO:Copying training dataset
2026-09-15 19:22:54,529:INFO:Defining folds
2026-09-15 19:22:54,529:INFO:Declaring metric variables
2026-09-15 19:22:54,529:INFO:Importing untrained model
2026-09-15 19:22:54,529:INFO:Linear Discriminant Analysis Imported successfully
2026-09-15 19:22:54,529:INFO:Starting cross validation
2026-09-15 19:22:54,531:INFO:Cross validating with StratifiedKFold(n_splits=10, random_state=None, shuffle=False), n_jobs=-1
2026-09-15 19:22:54,582:INFO:Calculating mean and std
2026-09-15 19:22:54,583:INFO:Creating metrics dataframe
2026-09-15 19:22:54,586:INFO:Uploading results into container
2026-09-15 19:22:54,587:INFO:Uploading model into container now
2026-09-15 19:22:54,587:INFO:_master_model_container: 11
2026-09-15 19:22:54,587:INFO:_display_container: 2
2026-09-15 19:22:54,587:INFO:LinearDiscriminantAnalysis(covariance_estimator=None, n_components=None,
                           priors=None, shrinkage=None, solver='svd',
                           store_covariance=False, tol=0.0001)
2026-09-15 19:22:54,587:INFO:create_model() successfully completed......................................
2026-09-15 19:22:54,632:INFO:SubProcess create_model() end ==================================
2026-09-15 19:22:54,632:INFO:Creating metrics dataframe
2026-09-15 19:22:54,635:INFO:Initializing Extra Trees Classifier
2026-09-15 19:22:54,635:INFO:Total runtime is 0.08730167547861734 minutes
2026-09-15 19:22:54,635:INFO:SubProcess create_model() called ==================================
2026-09-15 19:22:54,635:INFO:Initializing create_model()
2026-09-15 19:22:54,636:INFO:create_model(self=<pycaret.classification.oop.ClassificationExperiment object at 0x0000016C73FCF5B0>, estimator=et, fold=StratifiedKFold(n_splits=10, random_state=None, shuffle=False), round=4, cross_validation=True, predict=True, fit_kwargs={}, groups=None, refit=False, probability_threshold=None, experiment_custom_tags=None, verbose=False, system=False, add_to_model_list=True, metrics=None, display=<pycaret.internal.display.display.CommonDisplay object at 0x0000016C11E96730>, model_only=True, return_train_score=False, error_score=0.0, kwargs={})
2026-09-15 19:22:54,636:INFO:Checking exceptions
2026-09-15 19:22:54,636:INFO:Importing libraries
2026-09-15 19:22:54,636:INFO:Copying training dataset
2026-09-15 19:22:54,637:INFO:Defining folds
2026-09-15 19:22:54,637:INFO:Declaring metric variables
2026-09-15 19:22:54,637:INFO:Importing untrained model
2026-09-15 19:22:54,638:INFO:Extra Trees Classifier Imported successfully
2026-09-15 19:22:54,638:INFO:Starting cross validation
2026-09-15 19:22:54,638:INFO:Cross validating with StratifiedKFold(n_splits=10, random_state=None, shuffle=False), n_jobs=-1
2026-09-15 19:22:54,951:INFO:Calculating mean and std
2026-09-15 19:22:54,951:INFO:Creating metrics dataframe
2026-09-15 19:22:54,953:INFO:Uploading results into container
2026-09-15 19:22:54,954:INFO:Uploading model into container now
2026-09-15 19:22:54,954:INFO:_master_model_container: 12
2026-09-15 19:22:54,954:INFO:_display_container: 2
2026-09-15 19:22:54,954:INFO:ExtraTreesClassifier(bootstrap=False, ccp_alpha=0.0, class_weight=None,
                     criterion='gini', max_depth=None, max_features='sqrt',
                     max_leaf_nodes=None, max_samples=None,
                     min_impurity_decrease=0.0, min_samples_leaf=1,
                     min_samples_split=2, min_weight_fraction_leaf=0.0,
                     n_estimators=100, n_jobs=-1, oob_score=False,
                     random_state=1970, verbose=0, warm_start=False)
2026-09-15 19:22:54,954:INFO:create_model() successfully completed......................................
2026-09-15 19:22:54,999:INFO:SubProcess create_model() end ==================================
2026-09-15 19:22:55,001:INFO:Creating metrics dataframe
2026-09-15 19:22:55,003:INFO:Initializing Light Gradient Boosting Machine
2026-09-15 19:22:55,003:INFO:Total runtime is 0.09342794020970661 minutes
2026-09-15 19:22:55,003:INFO:SubProcess create_model() called ==================================
2026-09-15 19:22:55,004:INFO:Initializing create_model()
2026-09-15 19:22:55,004:INFO:create_model(self=<pycaret.classification.oop.ClassificationExperiment object at 0x0000016C73FCF5B0>, estimator=lightgbm, fold=StratifiedKFold(n_splits=10, random_state=None, shuffle=False), round=4, cross_validation=True, predict=True, fit_kwargs={}, groups=None, refit=False, probability_threshold=None, experiment_custom_tags=None, verbose=False, system=False, add_to_model_list=True, metrics=None, display=<pycaret.internal.display.display.CommonDisplay object at 0x0000016C11E96730>, model_only=True, return_train_score=False, error_score=0.0, kwargs={})
2026-09-15 19:22:55,004:INFO:Checking exceptions
2026-09-15 19:22:55,004:INFO:Importing libraries
2026-09-15 19:22:55,004:INFO:Copying training dataset
2026-09-15 19:22:55,005:INFO:Defining folds
2026-09-15 19:22:55,006:INFO:Declaring metric variables
2026-09-15 19:22:55,006:INFO:Importing untrained model
2026-09-15 19:22:55,006:INFO:Light Gradient Boosting Machine Imported successfully
2026-09-15 19:22:55,006:INFO:Starting cross validation
2026-09-15 19:22:55,007:INFO:Cross validating with StratifiedKFold(n_splits=10, random_state=None, shuffle=False), n_jobs=-1
2026-09-15 19:22:55,664:INFO:Calculating mean and std
2026-09-15 19:22:55,664:INFO:Creating metrics dataframe
2026-09-15 19:22:55,667:INFO:Uploading results into container
2026-09-15 19:22:55,668:INFO:Uploading model into container now
2026-09-15 19:22:55,668:INFO:_master_model_container: 13
2026-09-15 19:22:55,668:INFO:_display_container: 2
2026-09-15 19:22:55,669:INFO:LGBMClassifier(boosting_type='gbdt', class_weight=None, colsample_bytree=1.0,
               importance_type='split', learning_rate=0.1, max_depth=-1,
               min_child_samples=20, min_child_weight=0.001, min_split_gain=0.0,
               n_estimators=100, n_jobs=-1, num_leaves=31, objective=None,
               random_state=1970, reg_alpha=0.0, reg_lambda=0.0, subsample=1.0,
               subsample_for_bin=200000, subsample_freq=0)
2026-09-15 19:22:55,669:INFO:create_model() successfully completed......................................
2026-09-15 19:22:55,724:INFO:SubProcess create_model() end ==================================
2026-09-15 19:22:55,724:INFO:Creating metrics dataframe
2026-09-15 19:22:55,727:INFO:Initializing Dummy Classifier
2026-09-15 19:22:55,728:INFO:Total runtime is 0.10551268657048542 minutes
2026-09-15 19:22:55,728:INFO:SubProcess create_model() called ==================================
2026-09-15 19:22:55,728:INFO:Initializing create_model()
2026-09-15 19:22:55,728:INFO:create_model(self=<pycaret.classification.oop.ClassificationExperiment object at 0x0000016C73FCF5B0>, estimator=dummy, fold=StratifiedKFold(n_splits=10, random_state=None, shuffle=False), round=4, cross_validation=True, predict=True, fit_kwargs={}, groups=None, refit=False, probability_threshold=None, experiment_custom_tags=None, verbose=False, system=False, add_to_model_list=True, metrics=None, display=<pycaret.internal.display.display.CommonDisplay object at 0x0000016C11E96730>, model_only=True, return_train_score=False, error_score=0.0, kwargs={})
2026-09-15 19:22:55,728:INFO:Checking exceptions
2026-09-15 19:22:55,728:INFO:Importing libraries
2026-09-15 19:22:55,728:INFO:Copying training dataset
2026-09-15 19:22:55,729:INFO:Defining folds
2026-09-15 19:22:55,731:INFO:Declaring metric variables
2026-09-15 19:22:55,731:INFO:Importing untrained model
2026-09-15 19:22:55,731:INFO:Dummy Classifier Imported successfully
2026-09-15 19:22:55,731:INFO:Starting cross validation
2026-09-15 19:22:55,731:INFO:Cross validating with StratifiedKFold(n_splits=10, random_state=None, shuffle=False), n_jobs=-1
2026-09-15 19:22:55,763:WARNING:D:\ai\myenv\lib\site-packages\sklearn\metrics\_classification.py:1344: UndefinedMetricWarning: Precision is ill-defined and being set to 0.0 in labels with no predicted samples. Use `zero_division` parameter to control this behavior.
  _warn_prf(average, modifier, msg_start, len(result))

2026-09-15 19:22:55,764:WARNING:D:\ai\myenv\lib\site-packages\sklearn\metrics\_classification.py:1344: UndefinedMetricWarning: Precision is ill-defined and being set to 0.0 in labels with no predicted samples. Use `zero_division` parameter to control this behavior.
  _warn_prf(average, modifier, msg_start, len(result))

2026-09-15 19:22:55,764:WARNING:D:\ai\myenv\lib\site-packages\sklearn\metrics\_classification.py:1344: UndefinedMetricWarning: Precision is ill-defined and being set to 0.0 in labels with no predicted samples. Use `zero_division` parameter to control this behavior.
  _warn_prf(average, modifier, msg_start, len(result))

2026-09-15 19:22:55,766:WARNING:D:\ai\myenv\lib\site-packages\sklearn\metrics\_classification.py:1344: UndefinedMetricWarning: Precision is ill-defined and being set to 0.0 in labels with no predicted samples. Use `zero_division` parameter to control this behavior.
  _warn_prf(average, modifier, msg_start, len(result))

2026-09-15 19:22:55,767:WARNING:D:\ai\myenv\lib\site-packages\sklearn\metrics\_classification.py:1344: UndefinedMetricWarning: Precision is ill-defined and being set to 0.0 in labels with no predicted samples. Use `zero_division` parameter to control this behavior.
  _warn_prf(average, modifier, msg_start, len(result))

2026-09-15 19:22:55,769:WARNING:D:\ai\myenv\lib\site-packages\sklearn\metrics\_classification.py:1344: UndefinedMetricWarning: Precision is ill-defined and being set to 0.0 in labels with no predicted samples. Use `zero_division` parameter to control this behavior.
  _warn_prf(average, modifier, msg_start, len(result))

2026-09-15 19:22:55,773:WARNING:D:\ai\myenv\lib\site-packages\sklearn\metrics\_classification.py:1344: UndefinedMetricWarning: Precision is ill-defined and being set to 0.0 in labels with no predicted samples. Use `zero_division` parameter to control this behavior.
  _warn_prf(average, modifier, msg_start, len(result))

2026-09-15 19:22:55,781:WARNING:D:\ai\myenv\lib\site-packages\sklearn\metrics\_classification.py:1344: UndefinedMetricWarning: Precision is ill-defined and being set to 0.0 in labels with no predicted samples. Use `zero_division` parameter to control this behavior.
  _warn_prf(average, modifier, msg_start, len(result))

2026-09-15 19:22:55,783:WARNING:D:\ai\myenv\lib\site-packages\sklearn\metrics\_classification.py:1344: UndefinedMetricWarning: Precision is ill-defined and being set to 0.0 in labels with no predicted samples. Use `zero_division` parameter to control this behavior.
  _warn_prf(average, modifier, msg_start, len(result))

2026-09-15 19:22:55,785:INFO:Calculating mean and std
2026-09-15 19:22:55,785:INFO:Creating metrics dataframe
2026-09-15 19:22:55,788:INFO:Uploading results into container
2026-09-15 19:22:55,788:INFO:Uploading model into container now
2026-09-15 19:22:55,788:INFO:_master_model_container: 14
2026-09-15 19:22:55,788:INFO:_display_container: 2
2026-09-15 19:22:55,788:INFO:DummyClassifier(constant=None, random_state=1970, strategy='prior')
2026-09-15 19:22:55,788:INFO:create_model() successfully completed......................................
2026-09-15 19:22:55,833:INFO:SubProcess create_model() end ==================================
2026-09-15 19:22:55,833:INFO:Creating metrics dataframe
2026-09-15 19:22:55,837:INFO:Initializing create_model()
2026-09-15 19:22:55,837:INFO:create_model(self=<pycaret.classification.oop.ClassificationExperiment object at 0x0000016C73FCF5B0>, estimator=QuadraticDiscriminantAnalysis(priors=None, reg_param=0.0,
                              store_covariance=False, tol=0.0001), fold=StratifiedKFold(n_splits=10, random_state=None, shuffle=False), round=4, cross_validation=False, predict=False, fit_kwargs={}, groups=None, refit=True, probability_threshold=None, experiment_custom_tags=None, verbose=False, system=False, add_to_model_list=True, metrics=None, display=None, model_only=True, return_train_score=False, error_score=0.0, kwargs={})
2026-09-15 19:22:55,837:INFO:Checking exceptions
2026-09-15 19:22:55,837:INFO:Importing libraries
2026-09-15 19:22:55,837:INFO:Copying training dataset
2026-09-15 19:22:55,839:INFO:Defining folds
2026-09-15 19:22:55,839:INFO:Declaring metric variables
2026-09-15 19:22:55,839:INFO:Importing untrained model
2026-09-15 19:22:55,839:INFO:Declaring custom model
2026-09-15 19:22:55,839:INFO:Quadratic Discriminant Analysis Imported successfully
2026-09-15 19:22:55,839:INFO:Cross validation set to False
2026-09-15 19:22:55,839:INFO:Fitting Model
2026-09-15 19:22:55,844:INFO:QuadraticDiscriminantAnalysis(priors=None, reg_param=0.0,
                              store_covariance=False, tol=0.0001)
2026-09-15 19:22:55,844:INFO:create_model() successfully completed......................................
2026-09-15 19:22:55,898:INFO:_master_model_container: 14
2026-09-15 19:22:55,899:INFO:_display_container: 2
2026-09-15 19:22:55,899:INFO:QuadraticDiscriminantAnalysis(priors=None, reg_param=0.0,
                              store_covariance=False, tol=0.0001)
2026-09-15 19:22:55,899:INFO:compare_models() successfully completed......................................
2026-09-15 19:59:45,351:WARNING:
'cuml' is a soft dependency and not included in the pycaret installation. Please run: `pip install cuml` to install.
2026-09-15 19:59:45,351:WARNING:
'cuml' is a soft dependency and not included in the pycaret installation. Please run: `pip install cuml` to install.
2026-09-15 19:59:45,351:WARNING:
'cuml' is a soft dependency and not included in the pycaret installation. Please run: `pip install cuml` to install.
2026-09-15 19:59:45,351:WARNING:
'cuml' is a soft dependency and not included in the pycaret installation. Please run: `pip install cuml` to install.
2026-09-15 19:59:45,857:INFO:PyCaret ClassificationExperiment
2026-09-15 19:59:45,857:INFO:Logging name: clf-default-name
2026-09-15 19:59:45,857:INFO:ML Usecase: MLUsecase.CLASSIFICATION
2026-09-15 19:59:45,857:INFO:version 3.2.0
2026-09-15 19:59:45,857:INFO:Initializing setup()
2026-09-15 19:59:45,857:INFO:self.USI: 31eb
2026-09-15 19:59:45,857:INFO:self._variable_keys: {'y_test', '_available_plots', 'gpu_n_jobs_param', '_ml_usecase', 'idx', 'memory', 'X_test', 'gpu_param', 'X_train', 'pipeline', 'log_plots_param', 'fold_generator', 'seed', 'n_jobs_param', 'X', 'y_train', 'fix_imbalance', 'data', 'y', 'exp_id', 'target_param', 'html_param', 'fold_shuffle_param', 'exp_name_log', 'fold_groups_param', 'is_multiclass', 'logging_param', 'USI'}
2026-09-15 19:59:45,857:INFO:Checking environment
2026-09-15 19:59:45,857:INFO:python_version: 3.8.10
2026-09-15 19:59:45,857:INFO:python_build: ('tags/v3.8.10:3d8993a', 'May  3 2021 11:48:03')
2026-09-15 19:59:45,857:INFO:machine: AMD64
2026-09-15 19:59:45,868:INFO:platform: Windows-10-10.0.26200-SP0
2026-09-15 19:59:45,868:INFO:Memory: svmem(total=25463480320, available=7832219648, percent=69.2, used=17631260672, free=7832219648)
2026-09-15 19:59:45,868:INFO:Physical Core: 8
2026-09-15 19:59:45,868:INFO:Logical Core: 12
2026-09-15 19:59:45,868:INFO:Checking libraries
2026-09-15 19:59:45,868:INFO:System:
2026-09-15 19:59:45,868:INFO:    python: 3.8.10 (tags/v3.8.10:3d8993a, May  3 2021, 11:48:03) [MSC v.1928 64 bit (AMD64)]
2026-09-15 19:59:45,868:INFO:executable: D:\ai\myenv\Scripts\python.exe
2026-09-15 19:59:45,868:INFO:   machine: Windows-10-10.0.26200-SP0
2026-09-15 19:59:45,868:INFO:PyCaret required dependencies:
2026-09-15 19:59:45,881:INFO:                 pip: 25.0.1
2026-09-15 19:59:45,882:INFO:          setuptools: 75.3.4
2026-09-15 19:59:45,882:INFO:             pycaret: 3.2.0
2026-09-15 19:59:45,882:INFO:             IPython: 8.12.3
2026-09-15 19:59:45,882:INFO:          ipywidgets: 8.1.9
2026-09-15 19:59:45,882:INFO:                tqdm: 4.70.1
2026-09-15 19:59:45,882:INFO:               numpy: 1.21.6
2026-09-15 19:59:45,882:INFO:              pandas: 0.25.3
2026-09-15 19:59:45,882:INFO:              jinja2: 3.1.6
2026-09-15 19:59:45,882:INFO:               scipy: 1.10.1
2026-09-15 19:59:45,882:INFO:              joblib: 1.2.0
2026-09-15 19:59:45,882:INFO:             sklearn: 1.2.2
2026-09-15 19:59:45,882:INFO:                pyod: 2.1.0
2026-09-15 19:59:45,882:INFO:            imblearn: 0.12.4
2026-09-15 19:59:45,882:INFO:   category_encoders: 2.6.4
2026-09-15 19:59:45,882:INFO:            lightgbm: 4.6.0
2026-09-15 19:59:45,882:INFO:               numba: 0.58.1
2026-09-15 19:59:45,882:INFO:            requests: 2.32.4
2026-09-15 19:59:45,882:INFO:          matplotlib: 3.3.4
2026-09-15 19:59:45,882:INFO:          scikitplot: 0.3.7
2026-09-15 19:59:45,882:INFO:         yellowbrick: 1.5
2026-09-15 19:59:45,882:INFO:              plotly: 6.9.0
2026-09-15 19:59:45,882:INFO:    plotly-resampler: Not installed
2026-09-15 19:59:45,882:INFO:             kaleido: 1.4.0
2026-09-15 19:59:45,882:INFO:           schemdraw: 0.15
2026-09-15 19:59:45,882:INFO:         statsmodels: 0.14.1
2026-09-15 19:59:45,882:INFO:              sktime: 0.21.1
2026-09-15 19:59:45,882:INFO:               tbats: 1.1.3
2026-09-15 19:59:45,882:INFO:            pmdarima: 2.0.4
2026-09-15 19:59:45,882:INFO:              psutil: 7.2.2
2026-09-15 19:59:45,882:INFO:          markupsafe: 2.1.5
2026-09-15 19:59:45,882:INFO:             pickle5: Not installed
2026-09-15 19:59:45,882:INFO:         cloudpickle: 3.1.2
2026-09-15 19:59:45,882:INFO:         deprecation: 2.1.0
2026-09-15 19:59:45,882:INFO:              xxhash: 3.8.1
2026-09-15 19:59:45,882:INFO:           wurlitzer: Not installed
2026-09-15 19:59:45,882:INFO:PyCaret optional dependencies:
2026-09-15 19:59:45,892:INFO:                shap: Not installed
2026-09-15 19:59:45,892:INFO:           interpret: Not installed
2026-09-15 19:59:45,892:INFO:                umap: Not installed
2026-09-15 19:59:45,892:INFO:     ydata_profiling: Not installed
2026-09-15 19:59:45,892:INFO:  explainerdashboard: Not installed
2026-09-15 19:59:45,892:INFO:             autoviz: Not installed
2026-09-15 19:59:45,892:INFO:           fairlearn: Not installed
2026-09-15 19:59:45,892:INFO:          deepchecks: Not installed
2026-09-15 19:59:45,892:INFO:             xgboost: Not installed
2026-09-15 19:59:45,892:INFO:            catboost: Not installed
2026-09-15 19:59:45,892:INFO:              kmodes: Not installed
2026-09-15 19:59:45,892:INFO:             mlxtend: Not installed
2026-09-15 19:59:45,892:INFO:       statsforecast: Not installed
2026-09-15 19:59:45,892:INFO:        tune_sklearn: Not installed
2026-09-15 19:59:45,892:INFO:                 ray: Not installed
2026-09-15 19:59:45,892:INFO:            hyperopt: Not installed
2026-09-15 19:59:45,892:INFO:              optuna: Not installed
2026-09-15 19:59:45,892:INFO:               skopt: Not installed
2026-09-15 19:59:45,892:INFO:              mlflow: Not installed
2026-09-15 19:59:45,892:INFO:              gradio: Not installed
2026-09-15 19:59:45,892:INFO:             fastapi: Not installed
2026-09-15 19:59:45,892:INFO:             uvicorn: Not installed
2026-09-15 19:59:45,892:INFO:              m2cgen: Not installed
2026-09-15 19:59:45,892:INFO:           evidently: Not installed
2026-09-15 19:59:45,892:INFO:               fugue: Not installed
2026-09-15 19:59:45,892:INFO:           streamlit: Not installed
2026-09-15 19:59:45,892:INFO:             prophet: Not installed
2026-09-15 19:59:45,892:INFO:None
2026-09-15 19:59:45,892:INFO:Set up data.
2026-09-15 19:59:45,899:INFO:Set up folding strategy.
2026-09-15 19:59:45,899:INFO:Set up train/test split.
2026-09-15 19:59:45,902:INFO:Set up index.
2026-09-15 19:59:45,902:INFO:Assigning column types.
2026-09-15 20:00:17,744:WARNING:
'cuml' is a soft dependency and not included in the pycaret installation. Please run: `pip install cuml` to install.
2026-09-15 20:00:17,745:WARNING:
'cuml' is a soft dependency and not included in the pycaret installation. Please run: `pip install cuml` to install.
2026-09-15 20:00:17,745:WARNING:
'cuml' is a soft dependency and not included in the pycaret installation. Please run: `pip install cuml` to install.
2026-09-15 20:00:17,745:WARNING:
'cuml' is a soft dependency and not included in the pycaret installation. Please run: `pip install cuml` to install.
2026-09-15 20:00:18,263:INFO:PyCaret ClassificationExperiment
2026-09-15 20:00:18,263:INFO:Logging name: clf-default-name
2026-09-15 20:00:18,263:INFO:ML Usecase: MLUsecase.CLASSIFICATION
2026-09-15 20:00:18,263:INFO:version 3.2.0
2026-09-15 20:00:18,263:INFO:Initializing setup()
2026-09-15 20:00:18,263:INFO:self.USI: eadb
2026-09-15 20:00:18,263:INFO:self._variable_keys: {'log_plots_param', 'html_param', 'gpu_n_jobs_param', 'y', '_ml_usecase', 'memory', 'n_jobs_param', 'logging_param', 'gpu_param', 'exp_id', 'fix_imbalance', 'seed', '_available_plots', 'target_param', 'X_train', 'is_multiclass', 'fold_groups_param', 'fold_generator', 'pipeline', 'data', 'USI', 'fold_shuffle_param', 'exp_name_log', 'idx', 'X_test', 'y_train', 'y_test', 'X'}
2026-09-15 20:00:18,263:INFO:Checking environment
2026-09-15 20:00:18,263:INFO:python_version: 3.8.10
2026-09-15 20:00:18,263:INFO:python_build: ('tags/v3.8.10:3d8993a', 'May  3 2021 11:48:03')
2026-09-15 20:00:18,263:INFO:machine: AMD64
2026-09-15 20:00:18,274:INFO:platform: Windows-10-10.0.26200-SP0
2026-09-15 20:00:18,274:INFO:Memory: svmem(total=25463480320, available=7917223936, percent=68.9, used=17546256384, free=7917223936)
2026-09-15 20:00:18,275:INFO:Physical Core: 8
2026-09-15 20:00:18,275:INFO:Logical Core: 12
2026-09-15 20:00:18,275:INFO:Checking libraries
2026-09-15 20:00:18,275:INFO:System:
2026-09-15 20:00:18,275:INFO:    python: 3.8.10 (tags/v3.8.10:3d8993a, May  3 2021, 11:48:03) [MSC v.1928 64 bit (AMD64)]
2026-09-15 20:00:18,275:INFO:executable: D:\ai\myenv\Scripts\python.exe
2026-09-15 20:00:18,275:INFO:   machine: Windows-10-10.0.26200-SP0
2026-09-15 20:00:18,275:INFO:PyCaret required dependencies:
2026-09-15 20:00:18,290:INFO:                 pip: 25.0.1
2026-09-15 20:00:18,290:INFO:          setuptools: 75.3.4
2026-09-15 20:00:18,290:INFO:             pycaret: 3.2.0
2026-09-15 20:00:18,290:INFO:             IPython: 8.12.3
2026-09-15 20:00:18,290:INFO:          ipywidgets: 8.1.9
2026-09-15 20:00:18,290:INFO:                tqdm: 4.70.1
2026-09-15 20:00:18,290:INFO:               numpy: 1.21.6
2026-09-15 20:00:18,290:INFO:              pandas: 1.5.3
2026-09-15 20:00:18,290:INFO:              jinja2: 3.1.6
2026-09-15 20:00:18,290:INFO:               scipy: 1.10.1
2026-09-15 20:00:18,290:INFO:              joblib: 1.2.0
2026-09-15 20:00:18,290:INFO:             sklearn: 1.2.2
2026-09-15 20:00:18,290:INFO:                pyod: 2.1.0
2026-09-15 20:00:18,290:INFO:            imblearn: 0.12.4
2026-09-15 20:00:18,290:INFO:   category_encoders: 2.6.4
2026-09-15 20:00:18,290:INFO:            lightgbm: 4.6.0
2026-09-15 20:00:18,290:INFO:               numba: 0.58.1
2026-09-15 20:00:18,290:INFO:            requests: 2.32.4
2026-09-15 20:00:18,290:INFO:          matplotlib: 3.3.4
2026-09-15 20:00:18,290:INFO:          scikitplot: 0.3.7
2026-09-15 20:00:18,290:INFO:         yellowbrick: 1.5
2026-09-15 20:00:18,290:INFO:              plotly: 6.9.0
2026-09-15 20:00:18,290:INFO:    plotly-resampler: Not installed
2026-09-15 20:00:18,290:INFO:             kaleido: 1.4.0
2026-09-15 20:00:18,290:INFO:           schemdraw: 0.15
2026-09-15 20:00:18,290:INFO:         statsmodels: 0.14.1
2026-09-15 20:00:18,290:INFO:              sktime: 0.21.1
2026-09-15 20:00:18,290:INFO:               tbats: 1.1.3
2026-09-15 20:00:18,290:INFO:            pmdarima: 2.0.4
2026-09-15 20:00:18,290:INFO:              psutil: 7.2.2
2026-09-15 20:00:18,290:INFO:          markupsafe: 2.1.5
2026-09-15 20:00:18,290:INFO:             pickle5: Not installed
2026-09-15 20:00:18,290:INFO:         cloudpickle: 3.1.2
2026-09-15 20:00:18,290:INFO:         deprecation: 2.1.0
2026-09-15 20:00:18,290:INFO:              xxhash: 3.8.1
2026-09-15 20:00:18,290:INFO:           wurlitzer: Not installed
2026-09-15 20:00:18,290:INFO:PyCaret optional dependencies:
2026-09-15 20:00:18,298:INFO:                shap: Not installed
2026-09-15 20:00:18,298:INFO:           interpret: Not installed
2026-09-15 20:00:18,298:INFO:                umap: Not installed
2026-09-15 20:00:18,298:INFO:     ydata_profiling: Not installed
2026-09-15 20:00:18,298:INFO:  explainerdashboard: Not installed
2026-09-15 20:00:18,298:INFO:             autoviz: Not installed
2026-09-15 20:00:18,298:INFO:           fairlearn: Not installed
2026-09-15 20:00:18,298:INFO:          deepchecks: Not installed
2026-09-15 20:00:18,298:INFO:             xgboost: Not installed
2026-09-15 20:00:18,298:INFO:            catboost: Not installed
2026-09-15 20:00:18,298:INFO:              kmodes: Not installed
2026-09-15 20:00:18,298:INFO:             mlxtend: Not installed
2026-09-15 20:00:18,298:INFO:       statsforecast: Not installed
2026-09-15 20:00:18,298:INFO:        tune_sklearn: Not installed
2026-09-15 20:00:18,298:INFO:                 ray: Not installed
2026-09-15 20:00:18,298:INFO:            hyperopt: Not installed
2026-09-15 20:00:18,298:INFO:              optuna: Not installed
2026-09-15 20:00:18,298:INFO:               skopt: Not installed
2026-09-15 20:00:18,298:INFO:              mlflow: Not installed
2026-09-15 20:00:18,298:INFO:              gradio: Not installed
2026-09-15 20:00:18,298:INFO:             fastapi: Not installed
2026-09-15 20:00:18,298:INFO:             uvicorn: Not installed
2026-09-15 20:00:18,298:INFO:              m2cgen: Not installed
2026-09-15 20:00:18,298:INFO:           evidently: Not installed
2026-09-15 20:00:18,298:INFO:               fugue: Not installed
2026-09-15 20:00:18,298:INFO:           streamlit: Not installed
2026-09-15 20:00:18,298:INFO:             prophet: Not installed
2026-09-15 20:00:18,298:INFO:None
2026-09-15 20:00:18,298:INFO:Set up data.
2026-09-15 20:00:18,305:INFO:Set up folding strategy.
2026-09-15 20:00:18,305:INFO:Set up train/test split.
2026-09-15 20:00:18,308:INFO:Set up index.
2026-09-15 20:00:18,308:INFO:Assigning column types.
2026-09-15 20:00:18,309:INFO:Engine successfully changes for model 'lr' to 'sklearn'.
2026-09-15 20:00:18,337:INFO:Engine for model 'knn' has not been set explicitly, hence returning None.
2026-09-15 20:00:18,339:INFO:Engine for model 'rbfsvm' has not been set explicitly, hence returning None.
2026-09-15 20:00:18,360:WARNING:
'xgboost' is a soft dependency and not included in the pycaret installation. Please run: `pip install xgboost` to install.
Alternately, you can install this by running `pip install pycaret[models]`
2026-09-15 20:00:18,360:WARNING:
'catboost' is a soft dependency and not included in the pycaret installation. Please run: `pip install catboost` to install.
Alternately, you can install this by running `pip install pycaret[models]`
2026-09-15 20:00:18,387:INFO:Engine for model 'knn' has not been set explicitly, hence returning None.
2026-09-15 20:00:18,388:INFO:Engine for model 'rbfsvm' has not been set explicitly, hence returning None.
2026-09-15 20:00:18,405:WARNING:
'xgboost' is a soft dependency and not included in the pycaret installation. Please run: `pip install xgboost` to install.
Alternately, you can install this by running `pip install pycaret[models]`
2026-09-15 20:00:18,405:WARNING:
'catboost' is a soft dependency and not included in the pycaret installation. Please run: `pip install catboost` to install.
Alternately, you can install this by running `pip install pycaret[models]`
2026-09-15 20:00:18,406:INFO:Engine successfully changes for model 'knn' to 'sklearn'.
2026-09-15 20:00:18,434:INFO:Engine for model 'rbfsvm' has not been set explicitly, hence returning None.
2026-09-15 20:00:18,451:WARNING:
'xgboost' is a soft dependency and not included in the pycaret installation. Please run: `pip install xgboost` to install.
Alternately, you can install this by running `pip install pycaret[models]`
2026-09-15 20:00:18,451:WARNING:
'catboost' is a soft dependency and not included in the pycaret installation. Please run: `pip install catboost` to install.
Alternately, you can install this by running `pip install pycaret[models]`
2026-09-15 20:00:18,480:INFO:Engine for model 'rbfsvm' has not been set explicitly, hence returning None.
2026-09-15 20:00:18,500:WARNING:
'xgboost' is a soft dependency and not included in the pycaret installation. Please run: `pip install xgboost` to install.
Alternately, you can install this by running `pip install pycaret[models]`
2026-09-15 20:00:18,500:WARNING:
'catboost' is a soft dependency and not included in the pycaret installation. Please run: `pip install catboost` to install.
Alternately, you can install this by running `pip install pycaret[models]`
2026-09-15 20:00:18,500:INFO:Engine successfully changes for model 'rbfsvm' to 'sklearn'.
2026-09-15 20:00:18,550:WARNING:
'xgboost' is a soft dependency and not included in the pycaret installation. Please run: `pip install xgboost` to install.
Alternately, you can install this by running `pip install pycaret[models]`
2026-09-15 20:00:18,550:WARNING:
'catboost' is a soft dependency and not included in the pycaret installation. Please run: `pip install catboost` to install.
Alternately, you can install this by running `pip install pycaret[models]`
2026-09-15 20:00:18,598:WARNING:
'xgboost' is a soft dependency and not included in the pycaret installation. Please run: `pip install xgboost` to install.
Alternately, you can install this by running `pip install pycaret[models]`
2026-09-15 20:00:18,599:WARNING:
'catboost' is a soft dependency and not included in the pycaret installation. Please run: `pip install catboost` to install.
Alternately, you can install this by running `pip install pycaret[models]`
2026-09-15 20:00:18,600:INFO:Preparing preprocessing pipeline...
2026-09-15 20:00:18,601:INFO:Set up simple imputation.
2026-09-15 20:00:18,602:INFO:Set up column name cleaning.
2026-09-15 20:00:18,622:INFO:Finished creating preprocessing pipeline.
2026-09-15 20:00:18,627:INFO:Pipeline: Pipeline(memory=FastMemory(location=C:\Users\TELORY~1\AppData\Local\Temp\joblib),
         steps=[('numerical_imputer',
                 TransformerWrapper(exclude=None,
                                    include=['mean radius', 'mean texture',
                                             'mean perimeter', 'mean area',
                                             'mean smoothness',
                                             'mean compactness',
                                             'mean concavity',
                                             'mean concave points',
                                             'mean symmetry',
                                             'mean fractal dimension',
                                             'radius error', 'texture error',
                                             'perimet...
                 TransformerWrapper(exclude=None, include=[],
                                    transformer=SimpleImputer(add_indicator=False,
                                                              copy=True,
                                                              fill_value=None,
                                                              keep_empty_features=False,
                                                              missing_values=nan,
                                                              strategy='most_frequent',
                                                              verbose='deprecated'))),
                ('clean_column_names',
                 TransformerWrapper(exclude=None, include=None,
                                    transformer=CleanColumnNames(match='[\\]\\[\\,\\{\\}\\"\\:]+')))],
         verbose=False)
2026-09-15 20:00:18,627:INFO:Creating final display dataframe.
2026-09-15 20:00:18,676:INFO:Setup _display_container:                     Description             Value
0                    Session id                42
1                        Target            target
2                   Target type            Binary
3           Original data shape         (569, 31)
4        Transformed data shape         (569, 31)
5   Transformed train set shape         (398, 31)
6    Transformed test set shape         (171, 31)
7              Numeric features                30
8                    Preprocess              True
9               Imputation type            simple
10           Numeric imputation              mean
11       Categorical imputation              mode
12               Fold Generator   StratifiedKFold
13                  Fold Number                10
14                     CPU Jobs                -1
15                      Use GPU             False
16               Log Experiment             False
17              Experiment Name  clf-default-name
18                          USI              eadb
2026-09-15 20:00:18,732:WARNING:
'xgboost' is a soft dependency and not included in the pycaret installation. Please run: `pip install xgboost` to install.
Alternately, you can install this by running `pip install pycaret[models]`
2026-09-15 20:00:18,733:WARNING:
'catboost' is a soft dependency and not included in the pycaret installation. Please run: `pip install catboost` to install.
Alternately, you can install this by running `pip install pycaret[models]`
2026-09-15 20:00:18,781:WARNING:
'xgboost' is a soft dependency and not included in the pycaret installation. Please run: `pip install xgboost` to install.
Alternately, you can install this by running `pip install pycaret[models]`
2026-09-15 20:00:18,781:WARNING:
'catboost' is a soft dependency and not included in the pycaret installation. Please run: `pip install catboost` to install.
Alternately, you can install this by running `pip install pycaret[models]`
2026-09-15 20:00:18,782:INFO:setup() successfully completed in 0.52s...............
2026-09-15 20:00:18,782:INFO:Initializing compare_models()
2026-09-15 20:00:18,782:INFO:compare_models(self=<pycaret.classification.oop.ClassificationExperiment object at 0x0000017F0A3E3400>, include=None, fold=None, round=4, cross_validation=True, sort=Accuracy, n_select=1, budget_time=None, turbo=True, errors=ignore, fit_kwargs=None, groups=None, experiment_custom_tags=None, probability_threshold=None, verbose=True, parallel=None, caller_params={'self': <pycaret.classification.oop.ClassificationExperiment object at 0x0000017F0A3E3400>, 'include': None, 'exclude': None, 'fold': None, 'round': 4, 'cross_validation': True, 'sort': 'Accuracy', 'n_select': 1, 'budget_time': None, 'turbo': True, 'errors': 'ignore', 'fit_kwargs': None, 'groups': None, 'experiment_custom_tags': None, 'probability_threshold': None, 'engine': None, 'verbose': True, 'parallel': None, '__class__': <class 'pycaret.classification.oop.ClassificationExperiment'>}, exclude=None)
2026-09-15 20:00:18,782:INFO:Checking exceptions
2026-09-15 20:00:18,784:INFO:Preparing display monitor
2026-09-15 20:00:18,787:INFO:Initializing Logistic Regression
2026-09-15 20:00:18,787:INFO:Total runtime is 0.0 minutes
2026-09-15 20:00:18,788:INFO:SubProcess create_model() called ==================================
2026-09-15 20:00:18,788:INFO:Initializing create_model()
2026-09-15 20:00:18,788:INFO:create_model(self=<pycaret.classification.oop.ClassificationExperiment object at 0x0000017F0A3E3400>, estimator=lr, fold=StratifiedKFold(n_splits=10, random_state=None, shuffle=False), round=4, cross_validation=True, predict=True, fit_kwargs={}, groups=None, refit=False, probability_threshold=None, experiment_custom_tags=None, verbose=False, system=False, add_to_model_list=True, metrics=None, display=<pycaret.internal.display.display.CommonDisplay object at 0x0000017F42077AF0>, model_only=True, return_train_score=False, error_score=0.0, kwargs={})
2026-09-15 20:00:18,788:INFO:Checking exceptions
2026-09-15 20:00:18,788:INFO:Importing libraries
2026-09-15 20:00:18,788:INFO:Copying training dataset
2026-09-15 20:00:18,790:INFO:Defining folds
2026-09-15 20:00:18,790:INFO:Declaring metric variables
2026-09-15 20:00:18,790:INFO:Importing untrained model
2026-09-15 20:00:18,790:INFO:Logistic Regression Imported successfully
2026-09-15 20:00:18,790:INFO:Starting cross validation
2026-09-15 20:00:18,790:INFO:Cross validating with StratifiedKFold(n_splits=10, random_state=None, shuffle=False), n_jobs=-1
2026-09-15 20:00:21,379:WARNING:D:\ai\myenv\lib\site-packages\sklearn\linear_model\_logistic.py:458: ConvergenceWarning: lbfgs failed to converge (status=1):
STOP: TOTAL NO. of ITERATIONS REACHED LIMIT.

Increase the number of iterations (max_iter) or scale the data as shown in:
    https://scikit-learn.org/stable/modules/preprocessing.html
Please also refer to the documentation for alternative solver options:
    https://scikit-learn.org/stable/modules/linear_model.html#logistic-regression
  n_iter_i = _check_optimize_result(

2026-09-15 20:00:21,381:WARNING:D:\ai\myenv\lib\site-packages\sklearn\linear_model\_logistic.py:458: ConvergenceWarning: lbfgs failed to converge (status=1):
STOP: TOTAL NO. of ITERATIONS REACHED LIMIT.

Increase the number of iterations (max_iter) or scale the data as shown in:
    https://scikit-learn.org/stable/modules/preprocessing.html
Please also refer to the documentation for alternative solver options:
    https://scikit-learn.org/stable/modules/linear_model.html#logistic-regression
  n_iter_i = _check_optimize_result(

2026-09-15 20:00:21,382:WARNING:D:\ai\myenv\lib\site-packages\sklearn\linear_model\_logistic.py:458: ConvergenceWarning: lbfgs failed to converge (status=1):
STOP: TOTAL NO. of ITERATIONS REACHED LIMIT.

Increase the number of iterations (max_iter) or scale the data as shown in:
    https://scikit-learn.org/stable/modules/preprocessing.html
Please also refer to the documentation for alternative solver options:
    https://scikit-learn.org/stable/modules/linear_model.html#logistic-regression
  n_iter_i = _check_optimize_result(

2026-09-15 20:00:21,387:WARNING:D:\ai\myenv\lib\site-packages\sklearn\linear_model\_logistic.py:458: ConvergenceWarning: lbfgs failed to converge (status=1):
STOP: TOTAL NO. of ITERATIONS REACHED LIMIT.

Increase the number of iterations (max_iter) or scale the data as shown in:
    https://scikit-learn.org/stable/modules/preprocessing.html
Please also refer to the documentation for alternative solver options:
    https://scikit-learn.org/stable/modules/linear_model.html#logistic-regression
  n_iter_i = _check_optimize_result(

2026-09-15 20:00:21,390:WARNING:D:\ai\myenv\lib\site-packages\sklearn\linear_model\_logistic.py:458: ConvergenceWarning: lbfgs failed to converge (status=1):
STOP: TOTAL NO. of ITERATIONS REACHED LIMIT.

Increase the number of iterations (max_iter) or scale the data as shown in:
    https://scikit-learn.org/stable/modules/preprocessing.html
Please also refer to the documentation for alternative solver options:
    https://scikit-learn.org/stable/modules/linear_model.html#logistic-regression
  n_iter_i = _check_optimize_result(

2026-09-15 20:00:21,391:WARNING:D:\ai\myenv\lib\site-packages\sklearn\linear_model\_logistic.py:458: ConvergenceWarning: lbfgs failed to converge (status=1):
STOP: TOTAL NO. of ITERATIONS REACHED LIMIT.

Increase the number of iterations (max_iter) or scale the data as shown in:
    https://scikit-learn.org/stable/modules/preprocessing.html
Please also refer to the documentation for alternative solver options:
    https://scikit-learn.org/stable/modules/linear_model.html#logistic-regression
  n_iter_i = _check_optimize_result(

2026-09-15 20:00:21,393:WARNING:D:\ai\myenv\lib\site-packages\sklearn\linear_model\_logistic.py:458: ConvergenceWarning: lbfgs failed to converge (status=1):
STOP: TOTAL NO. of ITERATIONS REACHED LIMIT.

Increase the number of iterations (max_iter) or scale the data as shown in:
    https://scikit-learn.org/stable/modules/preprocessing.html
Please also refer to the documentation for alternative solver options:
    https://scikit-learn.org/stable/modules/linear_model.html#logistic-regression
  n_iter_i = _check_optimize_result(

2026-09-15 20:00:21,422:WARNING:D:\ai\myenv\lib\site-packages\sklearn\linear_model\_logistic.py:458: ConvergenceWarning: lbfgs failed to converge (status=1):
STOP: TOTAL NO. of ITERATIONS REACHED LIMIT.

Increase the number of iterations (max_iter) or scale the data as shown in:
    https://scikit-learn.org/stable/modules/preprocessing.html
Please also refer to the documentation for alternative solver options:
    https://scikit-learn.org/stable/modules/linear_model.html#logistic-regression
  n_iter_i = _check_optimize_result(

2026-09-15 20:00:21,428:WARNING:D:\ai\myenv\lib\site-packages\sklearn\linear_model\_logistic.py:458: ConvergenceWarning: lbfgs failed to converge (status=1):
STOP: TOTAL NO. of ITERATIONS REACHED LIMIT.

Increase the number of iterations (max_iter) or scale the data as shown in:
    https://scikit-learn.org/stable/modules/preprocessing.html
Please also refer to the documentation for alternative solver options:
    https://scikit-learn.org/stable/modules/linear_model.html#logistic-regression
  n_iter_i = _check_optimize_result(

2026-09-15 20:00:21,475:WARNING:D:\ai\myenv\lib\site-packages\sklearn\linear_model\_logistic.py:458: ConvergenceWarning: lbfgs failed to converge (status=1):
STOP: TOTAL NO. of ITERATIONS REACHED LIMIT.

Increase the number of iterations (max_iter) or scale the data as shown in:
    https://scikit-learn.org/stable/modules/preprocessing.html
Please also refer to the documentation for alternative solver options:
    https://scikit-learn.org/stable/modules/linear_model.html#logistic-regression
  n_iter_i = _check_optimize_result(

2026-09-15 20:00:21,490:INFO:Calculating mean and std
2026-09-15 20:00:21,490:INFO:Creating metrics dataframe
2026-09-15 20:00:21,494:INFO:Uploading results into container
2026-09-15 20:00:21,495:INFO:Uploading model into container now
2026-09-15 20:00:21,495:INFO:_master_model_container: 1
2026-09-15 20:00:21,495:INFO:_display_container: 2
2026-09-15 20:00:21,496:INFO:LogisticRegression(C=1.0, class_weight=None, dual=False, fit_intercept=True,
                   intercept_scaling=1, l1_ratio=None, max_iter=1000,
                   multi_class='auto', n_jobs=None, penalty='l2',
                   random_state=42, solver='lbfgs', tol=0.0001, verbose=0,
                   warm_start=False)
2026-09-15 20:00:21,496:INFO:create_model() successfully completed......................................
2026-09-15 20:00:21,546:INFO:SubProcess create_model() end ==================================
2026-09-15 20:00:21,547:INFO:Creating metrics dataframe
2026-09-15 20:00:21,550:INFO:Initializing K Neighbors Classifier
2026-09-15 20:00:21,550:INFO:Total runtime is 0.04604894717534383 minutes
2026-09-15 20:00:21,550:INFO:SubProcess create_model() called ==================================
2026-09-15 20:00:21,550:INFO:Initializing create_model()
2026-09-15 20:00:21,550:INFO:create_model(self=<pycaret.classification.oop.ClassificationExperiment object at 0x0000017F0A3E3400>, estimator=knn, fold=StratifiedKFold(n_splits=10, random_state=None, shuffle=False), round=4, cross_validation=True, predict=True, fit_kwargs={}, groups=None, refit=False, probability_threshold=None, experiment_custom_tags=None, verbose=False, system=False, add_to_model_list=True, metrics=None, display=<pycaret.internal.display.display.CommonDisplay object at 0x0000017F42077AF0>, model_only=True, return_train_score=False, error_score=0.0, kwargs={})
2026-09-15 20:00:21,550:INFO:Checking exceptions
2026-09-15 20:00:21,550:INFO:Importing libraries
2026-09-15 20:00:21,550:INFO:Copying training dataset
2026-09-15 20:00:21,552:INFO:Defining folds
2026-09-15 20:00:21,552:INFO:Declaring metric variables
2026-09-15 20:00:21,552:INFO:Importing untrained model
2026-09-15 20:00:21,552:INFO:K Neighbors Classifier Imported successfully
2026-09-15 20:00:21,552:INFO:Starting cross validation
2026-09-15 20:00:21,553:INFO:Cross validating with StratifiedKFold(n_splits=10, random_state=None, shuffle=False), n_jobs=-1
2026-09-15 20:00:22,688:INFO:Calculating mean and std
2026-09-15 20:00:22,690:INFO:Creating metrics dataframe
2026-09-15 20:00:22,692:INFO:Uploading results into container
2026-09-15 20:00:22,692:INFO:Uploading model into container now
2026-09-15 20:00:22,692:INFO:_master_model_container: 2
2026-09-15 20:00:22,693:INFO:_display_container: 2
2026-09-15 20:00:22,693:INFO:KNeighborsClassifier(algorithm='auto', leaf_size=30, metric='minkowski',
                     metric_params=None, n_jobs=-1, n_neighbors=5, p=2,
                     weights='uniform')
2026-09-15 20:00:22,693:INFO:create_model() successfully completed......................................
2026-09-15 20:00:22,747:INFO:SubProcess create_model() end ==================================
2026-09-15 20:00:22,747:INFO:Creating metrics dataframe
2026-09-15 20:00:22,750:INFO:Initializing Naive Bayes
2026-09-15 20:00:22,750:INFO:Total runtime is 0.06605639457702636 minutes
2026-09-15 20:00:22,750:INFO:SubProcess create_model() called ==================================
2026-09-15 20:00:22,750:INFO:Initializing create_model()
2026-09-15 20:00:22,750:INFO:create_model(self=<pycaret.classification.oop.ClassificationExperiment object at 0x0000017F0A3E3400>, estimator=nb, fold=StratifiedKFold(n_splits=10, random_state=None, shuffle=False), round=4, cross_validation=True, predict=True, fit_kwargs={}, groups=None, refit=False, probability_threshold=None, experiment_custom_tags=None, verbose=False, system=False, add_to_model_list=True, metrics=None, display=<pycaret.internal.display.display.CommonDisplay object at 0x0000017F42077AF0>, model_only=True, return_train_score=False, error_score=0.0, kwargs={})
2026-09-15 20:00:22,750:INFO:Checking exceptions
2026-09-15 20:00:22,750:INFO:Importing libraries
2026-09-15 20:00:22,751:INFO:Copying training dataset
2026-09-15 20:00:22,752:INFO:Defining folds
2026-09-15 20:00:22,752:INFO:Declaring metric variables
2026-09-15 20:00:22,753:INFO:Importing untrained model
2026-09-15 20:00:22,753:INFO:Naive Bayes Imported successfully
2026-09-15 20:00:22,753:INFO:Starting cross validation
2026-09-15 20:00:22,753:INFO:Cross validating with StratifiedKFold(n_splits=10, random_state=None, shuffle=False), n_jobs=-1
2026-09-15 20:00:22,802:INFO:Calculating mean and std
2026-09-15 20:00:22,803:INFO:Creating metrics dataframe
2026-09-15 20:00:22,805:INFO:Uploading results into container
2026-09-15 20:00:22,806:INFO:Uploading model into container now
2026-09-15 20:00:22,806:INFO:_master_model_container: 3
2026-09-15 20:00:22,806:INFO:_display_container: 2
2026-09-15 20:00:22,806:INFO:GaussianNB(priors=None, var_smoothing=1e-09)
2026-09-15 20:00:22,806:INFO:create_model() successfully completed......................................
2026-09-15 20:00:22,851:INFO:SubProcess create_model() end ==================================
2026-09-15 20:00:22,851:INFO:Creating metrics dataframe
2026-09-15 20:00:22,855:INFO:Initializing Decision Tree Classifier
2026-09-15 20:00:22,855:INFO:Total runtime is 0.06779561042785644 minutes
2026-09-15 20:00:22,855:INFO:SubProcess create_model() called ==================================
2026-09-15 20:00:22,855:INFO:Initializing create_model()
2026-09-15 20:00:22,855:INFO:create_model(self=<pycaret.classification.oop.ClassificationExperiment object at 0x0000017F0A3E3400>, estimator=dt, fold=StratifiedKFold(n_splits=10, random_state=None, shuffle=False), round=4, cross_validation=True, predict=True, fit_kwargs={}, groups=None, refit=False, probability_threshold=None, experiment_custom_tags=None, verbose=False, system=False, add_to_model_list=True, metrics=None, display=<pycaret.internal.display.display.CommonDisplay object at 0x0000017F42077AF0>, model_only=True, return_train_score=False, error_score=0.0, kwargs={})
2026-09-15 20:00:22,855:INFO:Checking exceptions
2026-09-15 20:00:22,855:INFO:Importing libraries
2026-09-15 20:00:22,855:INFO:Copying training dataset
2026-09-15 20:00:22,857:INFO:Defining folds
2026-09-15 20:00:22,857:INFO:Declaring metric variables
2026-09-15 20:00:22,857:INFO:Importing untrained model
2026-09-15 20:00:22,858:INFO:Decision Tree Classifier Imported successfully
2026-09-15 20:00:22,858:INFO:Starting cross validation
2026-09-15 20:00:22,858:INFO:Cross validating with StratifiedKFold(n_splits=10, random_state=None, shuffle=False), n_jobs=-1
2026-09-15 20:00:22,904:INFO:Calculating mean and std
2026-09-15 20:00:22,904:INFO:Creating metrics dataframe
2026-09-15 20:00:22,906:INFO:Uploading results into container
2026-09-15 20:00:22,907:INFO:Uploading model into container now
2026-09-15 20:00:22,907:INFO:_master_model_container: 4
2026-09-15 20:00:22,907:INFO:_display_container: 2
2026-09-15 20:00:22,907:INFO:DecisionTreeClassifier(ccp_alpha=0.0, class_weight=None, criterion='gini',
                       max_depth=None, max_features=None, max_leaf_nodes=None,
                       min_impurity_decrease=0.0, min_samples_leaf=1,
                       min_samples_split=2, min_weight_fraction_leaf=0.0,
                       random_state=42, splitter='best')
2026-09-15 20:00:22,907:INFO:create_model() successfully completed......................................
2026-09-15 20:00:22,953:INFO:SubProcess create_model() end ==================================
2026-09-15 20:00:22,954:INFO:Creating metrics dataframe
2026-09-15 20:00:22,956:INFO:Initializing SVM - Linear Kernel
2026-09-15 20:00:22,957:INFO:Total runtime is 0.06949437459309896 minutes
2026-09-15 20:00:22,957:INFO:SubProcess create_model() called ==================================
2026-09-15 20:00:22,957:INFO:Initializing create_model()
2026-09-15 20:00:22,957:INFO:create_model(self=<pycaret.classification.oop.ClassificationExperiment object at 0x0000017F0A3E3400>, estimator=svm, fold=StratifiedKFold(n_splits=10, random_state=None, shuffle=False), round=4, cross_validation=True, predict=True, fit_kwargs={}, groups=None, refit=False, probability_threshold=None, experiment_custom_tags=None, verbose=False, system=False, add_to_model_list=True, metrics=None, display=<pycaret.internal.display.display.CommonDisplay object at 0x0000017F42077AF0>, model_only=True, return_train_score=False, error_score=0.0, kwargs={})
2026-09-15 20:00:22,957:INFO:Checking exceptions
2026-09-15 20:00:22,957:INFO:Importing libraries
2026-09-15 20:00:22,957:INFO:Copying training dataset
2026-09-15 20:00:22,959:INFO:Defining folds
2026-09-15 20:00:22,959:INFO:Declaring metric variables
2026-09-15 20:00:22,959:INFO:Importing untrained model
2026-09-15 20:00:22,959:INFO:SVM - Linear Kernel Imported successfully
2026-09-15 20:00:22,959:INFO:Starting cross validation
2026-09-15 20:00:22,959:INFO:Cross validating with StratifiedKFold(n_splits=10, random_state=None, shuffle=False), n_jobs=-1
2026-09-15 20:00:22,980:WARNING:D:\ai\myenv\lib\site-packages\pycaret\internal\metrics.py:190: FitFailedWarning: Metric 'make_scorer(roc_auc_score, needs_proba=True, error_score=0.0, average=weighted, multi_class=ovr)' failed and error score 0.0 has been returned instead. If this is a custom metric, this usually means that the error is in the metric code. Full exception below:
Traceback (most recent call last):
  File "D:\ai\myenv\lib\site-packages\sklearn\metrics\_scorer.py", line 76, in _cached_call
    return cache[method]
KeyError: 'predict_proba'

During handling of the above exception, another exception occurred:

Traceback (most recent call last):
  File "D:\ai\myenv\lib\site-packages\pycaret\internal\metrics.py", line 182, in _score
    return super()._score(
  File "D:\ai\myenv\lib\site-packages\sklearn\metrics\_scorer.py", line 316, in _score
    y_pred = method_caller(clf, "predict_proba", X)
  File "D:\ai\myenv\lib\site-packages\sklearn\metrics\_scorer.py", line 78, in _cached_call
    result = getattr(estimator, method)(*args, **kwargs)
  File "D:\ai\myenv\lib\site-packages\pycaret\internal\pipeline.py", line 127, in __getattr__
    return getattr(self._final_estimator, name)
  File "D:\ai\myenv\lib\site-packages\sklearn\utils\_available_if.py", line 32, in __get__
    if not self.check(obj):
  File "D:\ai\myenv\lib\site-packages\sklearn\linear_model\_stochastic_gradient.py", line 1235, in _check_proba
    raise AttributeError(
AttributeError: probability estimates are not available for loss='hinge'

  warnings.warn(

2026-09-15 20:00:22,983:WARNING:D:\ai\myenv\lib\site-packages\pycaret\internal\metrics.py:190: FitFailedWarning: Metric 'make_scorer(roc_auc_score, needs_proba=True, error_score=0.0, average=weighted, multi_class=ovr)' failed and error score 0.0 has been returned instead. If this is a custom metric, this usually means that the error is in the metric code. Full exception below:
Traceback (most recent call last):
  File "D:\ai\myenv\lib\site-packages\sklearn\metrics\_scorer.py", line 76, in _cached_call
    return cache[method]
KeyError: 'predict_proba'

During handling of the above exception, another exception occurred:

Traceback (most recent call last):
  File "D:\ai\myenv\lib\site-packages\pycaret\internal\metrics.py", line 182, in _score
    return super()._score(
  File "D:\ai\myenv\lib\site-packages\sklearn\metrics\_scorer.py", line 316, in _score
    y_pred = method_caller(clf, "predict_proba", X)
  File "D:\ai\myenv\lib\site-packages\sklearn\metrics\_scorer.py", line 78, in _cached_call
    result = getattr(estimator, method)(*args, **kwargs)
  File "D:\ai\myenv\lib\site-packages\pycaret\internal\pipeline.py", line 127, in __getattr__
    return getattr(self._final_estimator, name)
  File "D:\ai\myenv\lib\site-packages\sklearn\utils\_available_if.py", line 32, in __get__
    if not self.check(obj):
  File "D:\ai\myenv\lib\site-packages\sklearn\linear_model\_stochastic_gradient.py", line 1235, in _check_proba
    raise AttributeError(
AttributeError: probability estimates are not available for loss='hinge'

  warnings.warn(

2026-09-15 20:00:22,985:WARNING:D:\ai\myenv\lib\site-packages\pycaret\internal\metrics.py:190: FitFailedWarning: Metric 'make_scorer(roc_auc_score, needs_proba=True, error_score=0.0, average=weighted, multi_class=ovr)' failed and error score 0.0 has been returned instead. If this is a custom metric, this usually means that the error is in the metric code. Full exception below:
Traceback (most recent call last):
  File "D:\ai\myenv\lib\site-packages\sklearn\metrics\_scorer.py", line 76, in _cached_call
    return cache[method]
KeyError: 'predict_proba'

During handling of the above exception, another exception occurred:

Traceback (most recent call last):
  File "D:\ai\myenv\lib\site-packages\pycaret\internal\metrics.py", line 182, in _score
    return super()._score(
  File "D:\ai\myenv\lib\site-packages\sklearn\metrics\_scorer.py", line 316, in _score
    y_pred = method_caller(clf, "predict_proba", X)
  File "D:\ai\myenv\lib\site-packages\sklearn\metrics\_scorer.py", line 78, in _cached_call
    result = getattr(estimator, method)(*args, **kwargs)
  File "D:\ai\myenv\lib\site-packages\pycaret\internal\pipeline.py", line 127, in __getattr__
    return getattr(self._final_estimator, name)
  File "D:\ai\myenv\lib\site-packages\sklearn\utils\_available_if.py", line 32, in __get__
    if not self.check(obj):
  File "D:\ai\myenv\lib\site-packages\sklearn\linear_model\_stochastic_gradient.py", line 1235, in _check_proba
    raise AttributeError(
AttributeError: probability estimates are not available for loss='hinge'

  warnings.warn(

2026-09-15 20:00:22,987:WARNING:D:\ai\myenv\lib\site-packages\pycaret\internal\metrics.py:190: FitFailedWarning: Metric 'make_scorer(roc_auc_score, needs_proba=True, error_score=0.0, average=weighted, multi_class=ovr)' failed and error score 0.0 has been returned instead. If this is a custom metric, this usually means that the error is in the metric code. Full exception below:
Traceback (most recent call last):
  File "D:\ai\myenv\lib\site-packages\sklearn\metrics\_scorer.py", line 76, in _cached_call
    return cache[method]
KeyError: 'predict_proba'

During handling of the above exception, another exception occurred:

Traceback (most recent call last):
  File "D:\ai\myenv\lib\site-packages\pycaret\internal\metrics.py", line 182, in _score
    return super()._score(
  File "D:\ai\myenv\lib\site-packages\sklearn\metrics\_scorer.py", line 316, in _score
    y_pred = method_caller(clf, "predict_proba", X)
  File "D:\ai\myenv\lib\site-packages\sklearn\metrics\_scorer.py", line 78, in _cached_call
    result = getattr(estimator, method)(*args, **kwargs)
  File "D:\ai\myenv\lib\site-packages\pycaret\internal\pipeline.py", line 127, in __getattr__
    return getattr(self._final_estimator, name)
  File "D:\ai\myenv\lib\site-packages\sklearn\utils\_available_if.py", line 32, in __get__
    if not self.check(obj):
  File "D:\ai\myenv\lib\site-packages\sklearn\linear_model\_stochastic_gradient.py", line 1235, in _check_proba
    raise AttributeError(
AttributeError: probability estimates are not available for loss='hinge'

  warnings.warn(

2026-09-15 20:00:22,990:WARNING:D:\ai\myenv\lib\site-packages\pycaret\internal\metrics.py:190: FitFailedWarning: Metric 'make_scorer(roc_auc_score, needs_proba=True, error_score=0.0, average=weighted, multi_class=ovr)' failed and error score 0.0 has been returned instead. If this is a custom metric, this usually means that the error is in the metric code. Full exception below:
Traceback (most recent call last):
  File "D:\ai\myenv\lib\site-packages\sklearn\metrics\_scorer.py", line 76, in _cached_call
    return cache[method]
KeyError: 'predict_proba'

During handling of the above exception, another exception occurred:

Traceback (most recent call last):
  File "D:\ai\myenv\lib\site-packages\pycaret\internal\metrics.py", line 182, in _score
    return super()._score(
  File "D:\ai\myenv\lib\site-packages\sklearn\metrics\_scorer.py", line 316, in _score
    y_pred = method_caller(clf, "predict_proba", X)
  File "D:\ai\myenv\lib\site-packages\sklearn\metrics\_scorer.py", line 78, in _cached_call
    result = getattr(estimator, method)(*args, **kwargs)
  File "D:\ai\myenv\lib\site-packages\pycaret\internal\pipeline.py", line 127, in __getattr__
    return getattr(self._final_estimator, name)
  File "D:\ai\myenv\lib\site-packages\sklearn\utils\_available_if.py", line 32, in __get__
    if not self.check(obj):
  File "D:\ai\myenv\lib\site-packages\sklearn\linear_model\_stochastic_gradient.py", line 1235, in _check_proba
    raise AttributeError(
AttributeError: probability estimates are not available for loss='hinge'

  warnings.warn(

2026-09-15 20:00:22,991:WARNING:D:\ai\myenv\lib\site-packages\pycaret\internal\metrics.py:190: FitFailedWarning: Metric 'make_scorer(roc_auc_score, needs_proba=True, error_score=0.0, average=weighted, multi_class=ovr)' failed and error score 0.0 has been returned instead. If this is a custom metric, this usually means that the error is in the metric code. Full exception below:
Traceback (most recent call last):
  File "D:\ai\myenv\lib\site-packages\sklearn\metrics\_scorer.py", line 76, in _cached_call
    return cache[method]
KeyError: 'predict_proba'

During handling of the above exception, another exception occurred:

Traceback (most recent call last):
  File "D:\ai\myenv\lib\site-packages\pycaret\internal\metrics.py", line 182, in _score
    return super()._score(
  File "D:\ai\myenv\lib\site-packages\sklearn\metrics\_scorer.py", line 316, in _score
    y_pred = method_caller(clf, "predict_proba", X)
  File "D:\ai\myenv\lib\site-packages\sklearn\metrics\_scorer.py", line 78, in _cached_call
    result = getattr(estimator, method)(*args, **kwargs)
  File "D:\ai\myenv\lib\site-packages\pycaret\internal\pipeline.py", line 127, in __getattr__
    return getattr(self._final_estimator, name)
  File "D:\ai\myenv\lib\site-packages\sklearn\utils\_available_if.py", line 32, in __get__
    if not self.check(obj):
  File "D:\ai\myenv\lib\site-packages\sklearn\linear_model\_stochastic_gradient.py", line 1235, in _check_proba
    raise AttributeError(
AttributeError: probability estimates are not available for loss='hinge'

  warnings.warn(

2026-09-15 20:00:22,992:WARNING:D:\ai\myenv\lib\site-packages\pycaret\internal\metrics.py:190: FitFailedWarning: Metric 'make_scorer(roc_auc_score, needs_proba=True, error_score=0.0, average=weighted, multi_class=ovr)' failed and error score 0.0 has been returned instead. If this is a custom metric, this usually means that the error is in the metric code. Full exception below:
Traceback (most recent call last):
  File "D:\ai\myenv\lib\site-packages\sklearn\metrics\_scorer.py", line 76, in _cached_call
    return cache[method]
KeyError: 'predict_proba'

During handling of the above exception, another exception occurred:

Traceback (most recent call last):
  File "D:\ai\myenv\lib\site-packages\pycaret\internal\metrics.py", line 182, in _score
    return super()._score(
  File "D:\ai\myenv\lib\site-packages\sklearn\metrics\_scorer.py", line 316, in _score
    y_pred = method_caller(clf, "predict_proba", X)
  File "D:\ai\myenv\lib\site-packages\sklearn\metrics\_scorer.py", line 78, in _cached_call
    result = getattr(estimator, method)(*args, **kwargs)
  File "D:\ai\myenv\lib\site-packages\pycaret\internal\pipeline.py", line 127, in __getattr__
    return getattr(self._final_estimator, name)
  File "D:\ai\myenv\lib\site-packages\sklearn\utils\_available_if.py", line 32, in __get__
    if not self.check(obj):
  File "D:\ai\myenv\lib\site-packages\sklearn\linear_model\_stochastic_gradient.py", line 1235, in _check_proba
    raise AttributeError(
AttributeError: probability estimates are not available for loss='hinge'

  warnings.warn(

2026-09-15 20:00:22,992:WARNING:D:\ai\myenv\lib\site-packages\pycaret\internal\metrics.py:190: FitFailedWarning: Metric 'make_scorer(roc_auc_score, needs_proba=True, error_score=0.0, average=weighted, multi_class=ovr)' failed and error score 0.0 has been returned instead. If this is a custom metric, this usually means that the error is in the metric code. Full exception below:
Traceback (most recent call last):
  File "D:\ai\myenv\lib\site-packages\sklearn\metrics\_scorer.py", line 76, in _cached_call
    return cache[method]
KeyError: 'predict_proba'

During handling of the above exception, another exception occurred:

Traceback (most recent call last):
  File "D:\ai\myenv\lib\site-packages\pycaret\internal\metrics.py", line 182, in _score
    return super()._score(
  File "D:\ai\myenv\lib\site-packages\sklearn\metrics\_scorer.py", line 316, in _score
    y_pred = method_caller(clf, "predict_proba", X)
  File "D:\ai\myenv\lib\site-packages\sklearn\metrics\_scorer.py", line 78, in _cached_call
    result = getattr(estimator, method)(*args, **kwargs)
  File "D:\ai\myenv\lib\site-packages\pycaret\internal\pipeline.py", line 127, in __getattr__
    return getattr(self._final_estimator, name)
  File "D:\ai\myenv\lib\site-packages\sklearn\utils\_available_if.py", line 32, in __get__
    if not self.check(obj):
  File "D:\ai\myenv\lib\site-packages\sklearn\linear_model\_stochastic_gradient.py", line 1235, in _check_proba
    raise AttributeError(
AttributeError: probability estimates are not available for loss='hinge'

  warnings.warn(

2026-09-15 20:00:22,992:WARNING:D:\ai\myenv\lib\site-packages\pycaret\internal\metrics.py:190: FitFailedWarning: Metric 'make_scorer(roc_auc_score, needs_proba=True, error_score=0.0, average=weighted, multi_class=ovr)' failed and error score 0.0 has been returned instead. If this is a custom metric, this usually means that the error is in the metric code. Full exception below:
Traceback (most recent call last):
  File "D:\ai\myenv\lib\site-packages\sklearn\metrics\_scorer.py", line 76, in _cached_call
    return cache[method]
KeyError: 'predict_proba'

During handling of the above exception, another exception occurred:

Traceback (most recent call last):
  File "D:\ai\myenv\lib\site-packages\pycaret\internal\metrics.py", line 182, in _score
    return super()._score(
  File "D:\ai\myenv\lib\site-packages\sklearn\metrics\_scorer.py", line 316, in _score
    y_pred = method_caller(clf, "predict_proba", X)
  File "D:\ai\myenv\lib\site-packages\sklearn\metrics\_scorer.py", line 78, in _cached_call
    result = getattr(estimator, method)(*args, **kwargs)
  File "D:\ai\myenv\lib\site-packages\pycaret\internal\pipeline.py", line 127, in __getattr__
    return getattr(self._final_estimator, name)
  File "D:\ai\myenv\lib\site-packages\sklearn\utils\_available_if.py", line 32, in __get__
    if not self.check(obj):
  File "D:\ai\myenv\lib\site-packages\sklearn\linear_model\_stochastic_gradient.py", line 1235, in _check_proba
    raise AttributeError(
AttributeError: probability estimates are not available for loss='hinge'

  warnings.warn(

2026-09-15 20:00:22,995:WARNING:D:\ai\myenv\lib\site-packages\pycaret\internal\metrics.py:190: FitFailedWarning: Metric 'make_scorer(roc_auc_score, needs_proba=True, error_score=0.0, average=weighted, multi_class=ovr)' failed and error score 0.0 has been returned instead. If this is a custom metric, this usually means that the error is in the metric code. Full exception below:
Traceback (most recent call last):
  File "D:\ai\myenv\lib\site-packages\sklearn\metrics\_scorer.py", line 76, in _cached_call
    return cache[method]
KeyError: 'predict_proba'

During handling of the above exception, another exception occurred:

Traceback (most recent call last):
  File "D:\ai\myenv\lib\site-packages\pycaret\internal\metrics.py", line 182, in _score
    return super()._score(
  File "D:\ai\myenv\lib\site-packages\sklearn\metrics\_scorer.py", line 316, in _score
    y_pred = method_caller(clf, "predict_proba", X)
  File "D:\ai\myenv\lib\site-packages\sklearn\metrics\_scorer.py", line 78, in _cached_call
    result = getattr(estimator, method)(*args, **kwargs)
  File "D:\ai\myenv\lib\site-packages\pycaret\internal\pipeline.py", line 127, in __getattr__
    return getattr(self._final_estimator, name)
  File "D:\ai\myenv\lib\site-packages\sklearn\utils\_available_if.py", line 32, in __get__
    if not self.check(obj):
  File "D:\ai\myenv\lib\site-packages\sklearn\linear_model\_stochastic_gradient.py", line 1235, in _check_proba
    raise AttributeError(
AttributeError: probability estimates are not available for loss='hinge'

  warnings.warn(

2026-09-15 20:00:23,003:INFO:Calculating mean and std
2026-09-15 20:00:23,004:INFO:Creating metrics dataframe
2026-09-15 20:00:23,006:INFO:Uploading results into container
2026-09-15 20:00:23,007:INFO:Uploading model into container now
2026-09-15 20:00:23,007:INFO:_master_model_container: 5
2026-09-15 20:00:23,007:INFO:_display_container: 2
2026-09-15 20:00:23,007:INFO:SGDClassifier(alpha=0.0001, average=False, class_weight=None,
              early_stopping=False, epsilon=0.1, eta0=0.001, fit_intercept=True,
              l1_ratio=0.15, learning_rate='optimal', loss='hinge',
              max_iter=1000, n_iter_no_change=5, n_jobs=-1, penalty='l2',
              power_t=0.5, random_state=42, shuffle=True, tol=0.001,
              validation_fraction=0.1, verbose=0, warm_start=False)
2026-09-15 20:00:23,007:INFO:create_model() successfully completed......................................
2026-09-15 20:00:23,051:INFO:SubProcess create_model() end ==================================
2026-09-15 20:00:23,051:INFO:Creating metrics dataframe
2026-09-15 20:00:23,054:INFO:Initializing Ridge Classifier
2026-09-15 20:00:23,054:INFO:Total runtime is 0.07112288077672323 minutes
2026-09-15 20:00:23,054:INFO:SubProcess create_model() called ==================================
2026-09-15 20:00:23,055:INFO:Initializing create_model()
2026-09-15 20:00:23,055:INFO:create_model(self=<pycaret.classification.oop.ClassificationExperiment object at 0x0000017F0A3E3400>, estimator=ridge, fold=StratifiedKFold(n_splits=10, random_state=None, shuffle=False), round=4, cross_validation=True, predict=True, fit_kwargs={}, groups=None, refit=False, probability_threshold=None, experiment_custom_tags=None, verbose=False, system=False, add_to_model_list=True, metrics=None, display=<pycaret.internal.display.display.CommonDisplay object at 0x0000017F42077AF0>, model_only=True, return_train_score=False, error_score=0.0, kwargs={})
2026-09-15 20:00:23,055:INFO:Checking exceptions
2026-09-15 20:00:23,055:INFO:Importing libraries
2026-09-15 20:00:23,055:INFO:Copying training dataset
2026-09-15 20:00:23,056:INFO:Defining folds
2026-09-15 20:00:23,056:INFO:Declaring metric variables
2026-09-15 20:00:23,056:INFO:Importing untrained model
2026-09-15 20:00:23,057:INFO:Ridge Classifier Imported successfully
2026-09-15 20:00:23,057:INFO:Starting cross validation
2026-09-15 20:00:23,057:INFO:Cross validating with StratifiedKFold(n_splits=10, random_state=None, shuffle=False), n_jobs=-1
2026-09-15 20:00:23,073:WARNING:D:\ai\myenv\lib\site-packages\sklearn\linear_model\_ridge.py:216: LinAlgWarning: Ill-conditioned matrix (rcond=4.80429e-09): result may not be accurate.
  return linalg.solve(A, Xy, assume_a="pos", overwrite_a=True).T

2026-09-15 20:00:23,074:WARNING:D:\ai\myenv\lib\site-packages\sklearn\linear_model\_ridge.py:216: LinAlgWarning: Ill-conditioned matrix (rcond=4.45307e-09): result may not be accurate.
  return linalg.solve(A, Xy, assume_a="pos", overwrite_a=True).T

2026-09-15 20:00:23,076:WARNING:D:\ai\myenv\lib\site-packages\sklearn\linear_model\_ridge.py:216: LinAlgWarning: Ill-conditioned matrix (rcond=4.68047e-09): result may not be accurate.
  return linalg.solve(A, Xy, assume_a="pos", overwrite_a=True).T

2026-09-15 20:00:23,077:WARNING:D:\ai\myenv\lib\site-packages\sklearn\linear_model\_ridge.py:216: LinAlgWarning: Ill-conditioned matrix (rcond=3.83634e-09): result may not be accurate.
  return linalg.solve(A, Xy, assume_a="pos", overwrite_a=True).T

2026-09-15 20:00:23,082:WARNING:D:\ai\myenv\lib\site-packages\pycaret\internal\metrics.py:190: FitFailedWarning: Metric 'make_scorer(roc_auc_score, needs_proba=True, error_score=0.0, average=weighted, multi_class=ovr)' failed and error score 0.0 has been returned instead. If this is a custom metric, this usually means that the error is in the metric code. Full exception below:
Traceback (most recent call last):
  File "D:\ai\myenv\lib\site-packages\sklearn\metrics\_scorer.py", line 76, in _cached_call
    return cache[method]
KeyError: 'predict_proba'

During handling of the above exception, another exception occurred:

Traceback (most recent call last):
  File "D:\ai\myenv\lib\site-packages\pycaret\internal\metrics.py", line 182, in _score
    return super()._score(
  File "D:\ai\myenv\lib\site-packages\sklearn\metrics\_scorer.py", line 316, in _score
    y_pred = method_caller(clf, "predict_proba", X)
  File "D:\ai\myenv\lib\site-packages\sklearn\metrics\_scorer.py", line 78, in _cached_call
    result = getattr(estimator, method)(*args, **kwargs)
  File "D:\ai\myenv\lib\site-packages\pycaret\internal\pipeline.py", line 127, in __getattr__
    return getattr(self._final_estimator, name)
AttributeError: 'RidgeClassifier' object has no attribute 'predict_proba'

  warnings.warn(

2026-09-15 20:00:23,083:WARNING:D:\ai\myenv\lib\site-packages\pycaret\internal\metrics.py:190: FitFailedWarning: Metric 'make_scorer(roc_auc_score, needs_proba=True, error_score=0.0, average=weighted, multi_class=ovr)' failed and error score 0.0 has been returned instead. If this is a custom metric, this usually means that the error is in the metric code. Full exception below:
Traceback (most recent call last):
  File "D:\ai\myenv\lib\site-packages\sklearn\metrics\_scorer.py", line 76, in _cached_call
    return cache[method]
KeyError: 'predict_proba'

During handling of the above exception, another exception occurred:

Traceback (most recent call last):
  File "D:\ai\myenv\lib\site-packages\pycaret\internal\metrics.py", line 182, in _score
    return super()._score(
  File "D:\ai\myenv\lib\site-packages\sklearn\metrics\_scorer.py", line 316, in _score
    y_pred = method_caller(clf, "predict_proba", X)
  File "D:\ai\myenv\lib\site-packages\sklearn\metrics\_scorer.py", line 78, in _cached_call
    result = getattr(estimator, method)(*args, **kwargs)
  File "D:\ai\myenv\lib\site-packages\pycaret\internal\pipeline.py", line 127, in __getattr__
    return getattr(self._final_estimator, name)
AttributeError: 'RidgeClassifier' object has no attribute 'predict_proba'

  warnings.warn(

2026-09-15 20:00:23,083:WARNING:D:\ai\myenv\lib\site-packages\sklearn\linear_model\_ridge.py:216: LinAlgWarning: Ill-conditioned matrix (rcond=4.82132e-09): result may not be accurate.
  return linalg.solve(A, Xy, assume_a="pos", overwrite_a=True).T

2026-09-15 20:00:23,083:WARNING:D:\ai\myenv\lib\site-packages\sklearn\linear_model\_ridge.py:216: LinAlgWarning: Ill-conditioned matrix (rcond=4.79127e-09): result may not be accurate.
  return linalg.solve(A, Xy, assume_a="pos", overwrite_a=True).T

2026-09-15 20:00:23,083:WARNING:D:\ai\myenv\lib\site-packages\sklearn\linear_model\_ridge.py:216: LinAlgWarning: Ill-conditioned matrix (rcond=4.72574e-09): result may not be accurate.
  return linalg.solve(A, Xy, assume_a="pos", overwrite_a=True).T

2026-09-15 20:00:23,084:WARNING:D:\ai\myenv\lib\site-packages\pycaret\internal\metrics.py:190: FitFailedWarning: Metric 'make_scorer(roc_auc_score, needs_proba=True, error_score=0.0, average=weighted, multi_class=ovr)' failed and error score 0.0 has been returned instead. If this is a custom metric, this usually means that the error is in the metric code. Full exception below:
Traceback (most recent call last):
  File "D:\ai\myenv\lib\site-packages\sklearn\metrics\_scorer.py", line 76, in _cached_call
    return cache[method]
KeyError: 'predict_proba'

During handling of the above exception, another exception occurred:

Traceback (most recent call last):
  File "D:\ai\myenv\lib\site-packages\pycaret\internal\metrics.py", line 182, in _score
    return super()._score(
  File "D:\ai\myenv\lib\site-packages\sklearn\metrics\_scorer.py", line 316, in _score
    y_pred = method_caller(clf, "predict_proba", X)
  File "D:\ai\myenv\lib\site-packages\sklearn\metrics\_scorer.py", line 78, in _cached_call
    result = getattr(estimator, method)(*args, **kwargs)
  File "D:\ai\myenv\lib\site-packages\pycaret\internal\pipeline.py", line 127, in __getattr__
    return getattr(self._final_estimator, name)
AttributeError: 'RidgeClassifier' object has no attribute 'predict_proba'

  warnings.warn(

2026-09-15 20:00:23,084:WARNING:D:\ai\myenv\lib\site-packages\pycaret\internal\metrics.py:190: FitFailedWarning: Metric 'make_scorer(roc_auc_score, needs_proba=True, error_score=0.0, average=weighted, multi_class=ovr)' failed and error score 0.0 has been returned instead. If this is a custom metric, this usually means that the error is in the metric code. Full exception below:
Traceback (most recent call last):
  File "D:\ai\myenv\lib\site-packages\sklearn\metrics\_scorer.py", line 76, in _cached_call
    return cache[method]
KeyError: 'predict_proba'

During handling of the above exception, another exception occurred:

Traceback (most recent call last):
  File "D:\ai\myenv\lib\site-packages\pycaret\internal\metrics.py", line 182, in _score
    return super()._score(
  File "D:\ai\myenv\lib\site-packages\sklearn\metrics\_scorer.py", line 316, in _score
    y_pred = method_caller(clf, "predict_proba", X)
  File "D:\ai\myenv\lib\site-packages\sklearn\metrics\_scorer.py", line 78, in _cached_call
    result = getattr(estimator, method)(*args, **kwargs)
  File "D:\ai\myenv\lib\site-packages\pycaret\internal\pipeline.py", line 127, in __getattr__
    return getattr(self._final_estimator, name)
AttributeError: 'RidgeClassifier' object has no attribute 'predict_proba'

  warnings.warn(

2026-09-15 20:00:23,085:WARNING:D:\ai\myenv\lib\site-packages\sklearn\linear_model\_ridge.py:216: LinAlgWarning: Ill-conditioned matrix (rcond=4.76907e-09): result may not be accurate.
  return linalg.solve(A, Xy, assume_a="pos", overwrite_a=True).T

2026-09-15 20:00:23,086:WARNING:D:\ai\myenv\lib\site-packages\sklearn\linear_model\_ridge.py:216: LinAlgWarning: Ill-conditioned matrix (rcond=4.92895e-09): result may not be accurate.
  return linalg.solve(A, Xy, assume_a="pos", overwrite_a=True).T

2026-09-15 20:00:23,087:WARNING:D:\ai\myenv\lib\site-packages\sklearn\linear_model\_ridge.py:216: LinAlgWarning: Ill-conditioned matrix (rcond=4.73746e-09): result may not be accurate.
  return linalg.solve(A, Xy, assume_a="pos", overwrite_a=True).T

2026-09-15 20:00:23,089:WARNING:D:\ai\myenv\lib\site-packages\pycaret\internal\metrics.py:190: FitFailedWarning: Metric 'make_scorer(roc_auc_score, needs_proba=True, error_score=0.0, average=weighted, multi_class=ovr)' failed and error score 0.0 has been returned instead. If this is a custom metric, this usually means that the error is in the metric code. Full exception below:
Traceback (most recent call last):
  File "D:\ai\myenv\lib\site-packages\sklearn\metrics\_scorer.py", line 76, in _cached_call
    return cache[method]
KeyError: 'predict_proba'

During handling of the above exception, another exception occurred:

Traceback (most recent call last):
  File "D:\ai\myenv\lib\site-packages\pycaret\internal\metrics.py", line 182, in _score
    return super()._score(
  File "D:\ai\myenv\lib\site-packages\sklearn\metrics\_scorer.py", line 316, in _score
    y_pred = method_caller(clf, "predict_proba", X)
  File "D:\ai\myenv\lib\site-packages\sklearn\metrics\_scorer.py", line 78, in _cached_call
    result = getattr(estimator, method)(*args, **kwargs)
  File "D:\ai\myenv\lib\site-packages\pycaret\internal\pipeline.py", line 127, in __getattr__
    return getattr(self._final_estimator, name)
AttributeError: 'RidgeClassifier' object has no attribute 'predict_proba'

  warnings.warn(

2026-09-15 20:00:23,090:WARNING:D:\ai\myenv\lib\site-packages\pycaret\internal\metrics.py:190: FitFailedWarning: Metric 'make_scorer(roc_auc_score, needs_proba=True, error_score=0.0, average=weighted, multi_class=ovr)' failed and error score 0.0 has been returned instead. If this is a custom metric, this usually means that the error is in the metric code. Full exception below:
Traceback (most recent call last):
  File "D:\ai\myenv\lib\site-packages\sklearn\metrics\_scorer.py", line 76, in _cached_call
    return cache[method]
KeyError: 'predict_proba'

During handling of the above exception, another exception occurred:

Traceback (most recent call last):
  File "D:\ai\myenv\lib\site-packages\pycaret\internal\metrics.py", line 182, in _score
    return super()._score(
  File "D:\ai\myenv\lib\site-packages\sklearn\metrics\_scorer.py", line 316, in _score
    y_pred = method_caller(clf, "predict_proba", X)
  File "D:\ai\myenv\lib\site-packages\sklearn\metrics\_scorer.py", line 78, in _cached_call
    result = getattr(estimator, method)(*args, **kwargs)
  File "D:\ai\myenv\lib\site-packages\pycaret\internal\pipeline.py", line 127, in __getattr__
    return getattr(self._final_estimator, name)
AttributeError: 'RidgeClassifier' object has no attribute 'predict_proba'

  warnings.warn(

2026-09-15 20:00:23,090:WARNING:D:\ai\myenv\lib\site-packages\pycaret\internal\metrics.py:190: FitFailedWarning: Metric 'make_scorer(roc_auc_score, needs_proba=True, error_score=0.0, average=weighted, multi_class=ovr)' failed and error score 0.0 has been returned instead. If this is a custom metric, this usually means that the error is in the metric code. Full exception below:
Traceback (most recent call last):
  File "D:\ai\myenv\lib\site-packages\sklearn\metrics\_scorer.py", line 76, in _cached_call
    return cache[method]
KeyError: 'predict_proba'

During handling of the above exception, another exception occurred:

Traceback (most recent call last):
  File "D:\ai\myenv\lib\site-packages\pycaret\internal\metrics.py", line 182, in _score
    return super()._score(
  File "D:\ai\myenv\lib\site-packages\sklearn\metrics\_scorer.py", line 316, in _score
    y_pred = method_caller(clf, "predict_proba", X)
  File "D:\ai\myenv\lib\site-packages\sklearn\metrics\_scorer.py", line 78, in _cached_call
    result = getattr(estimator, method)(*args, **kwargs)
  File "D:\ai\myenv\lib\site-packages\pycaret\internal\pipeline.py", line 127, in __getattr__
    return getattr(self._final_estimator, name)
AttributeError: 'RidgeClassifier' object has no attribute 'predict_proba'

  warnings.warn(

2026-09-15 20:00:23,090:WARNING:D:\ai\myenv\lib\site-packages\pycaret\internal\metrics.py:190: FitFailedWarning: Metric 'make_scorer(roc_auc_score, needs_proba=True, error_score=0.0, average=weighted, multi_class=ovr)' failed and error score 0.0 has been returned instead. If this is a custom metric, this usually means that the error is in the metric code. Full exception below:
Traceback (most recent call last):
  File "D:\ai\myenv\lib\site-packages\sklearn\metrics\_scorer.py", line 76, in _cached_call
    return cache[method]
KeyError: 'predict_proba'

During handling of the above exception, another exception occurred:

Traceback (most recent call last):
  File "D:\ai\myenv\lib\site-packages\pycaret\internal\metrics.py", line 182, in _score
    return super()._score(
  File "D:\ai\myenv\lib\site-packages\sklearn\metrics\_scorer.py", line 316, in _score
    y_pred = method_caller(clf, "predict_proba", X)
  File "D:\ai\myenv\lib\site-packages\sklearn\metrics\_scorer.py", line 78, in _cached_call
    result = getattr(estimator, method)(*args, **kwargs)
  File "D:\ai\myenv\lib\site-packages\pycaret\internal\pipeline.py", line 127, in __getattr__
    return getattr(self._final_estimator, name)
AttributeError: 'RidgeClassifier' object has no attribute 'predict_proba'

  warnings.warn(

2026-09-15 20:00:23,090:WARNING:D:\ai\myenv\lib\site-packages\pycaret\internal\metrics.py:190: FitFailedWarning: Metric 'make_scorer(roc_auc_score, needs_proba=True, error_score=0.0, average=weighted, multi_class=ovr)' failed and error score 0.0 has been returned instead. If this is a custom metric, this usually means that the error is in the metric code. Full exception below:
Traceback (most recent call last):
  File "D:\ai\myenv\lib\site-packages\sklearn\metrics\_scorer.py", line 76, in _cached_call
    return cache[method]
KeyError: 'predict_proba'

During handling of the above exception, another exception occurred:

Traceback (most recent call last):
  File "D:\ai\myenv\lib\site-packages\pycaret\internal\metrics.py", line 182, in _score
    return super()._score(
  File "D:\ai\myenv\lib\site-packages\sklearn\metrics\_scorer.py", line 316, in _score
    y_pred = method_caller(clf, "predict_proba", X)
  File "D:\ai\myenv\lib\site-packages\sklearn\metrics\_scorer.py", line 78, in _cached_call
    result = getattr(estimator, method)(*args, **kwargs)
  File "D:\ai\myenv\lib\site-packages\pycaret\internal\pipeline.py", line 127, in __getattr__
    return getattr(self._final_estimator, name)
AttributeError: 'RidgeClassifier' object has no attribute 'predict_proba'

  warnings.warn(

2026-09-15 20:00:23,095:WARNING:D:\ai\myenv\lib\site-packages\pycaret\internal\metrics.py:190: FitFailedWarning: Metric 'make_scorer(roc_auc_score, needs_proba=True, error_score=0.0, average=weighted, multi_class=ovr)' failed and error score 0.0 has been returned instead. If this is a custom metric, this usually means that the error is in the metric code. Full exception below:
Traceback (most recent call last):
  File "D:\ai\myenv\lib\site-packages\sklearn\metrics\_scorer.py", line 76, in _cached_call
    return cache[method]
KeyError: 'predict_proba'

During handling of the above exception, another exception occurred:

Traceback (most recent call last):
  File "D:\ai\myenv\lib\site-packages\pycaret\internal\metrics.py", line 182, in _score
    return super()._score(
  File "D:\ai\myenv\lib\site-packages\sklearn\metrics\_scorer.py", line 316, in _score
    y_pred = method_caller(clf, "predict_proba", X)
  File "D:\ai\myenv\lib\site-packages\sklearn\metrics\_scorer.py", line 78, in _cached_call
    result = getattr(estimator, method)(*args, **kwargs)
  File "D:\ai\myenv\lib\site-packages\pycaret\internal\pipeline.py", line 127, in __getattr__
    return getattr(self._final_estimator, name)
AttributeError: 'RidgeClassifier' object has no attribute 'predict_proba'

  warnings.warn(

2026-09-15 20:00:23,100:INFO:Calculating mean and std
2026-09-15 20:00:23,100:INFO:Creating metrics dataframe
2026-09-15 20:00:23,102:INFO:Uploading results into container
2026-09-15 20:00:23,102:INFO:Uploading model into container now
2026-09-15 20:00:23,102:INFO:_master_model_container: 6
2026-09-15 20:00:23,102:INFO:_display_container: 2
2026-09-15 20:00:23,102:INFO:RidgeClassifier(alpha=1.0, class_weight=None, copy_X=True, fit_intercept=True,
                max_iter=None, positive=False, random_state=42, solver='auto',
                tol=0.0001)
2026-09-15 20:00:23,103:INFO:create_model() successfully completed......................................
2026-09-15 20:00:23,146:INFO:SubProcess create_model() end ==================================
2026-09-15 20:00:23,146:INFO:Creating metrics dataframe
2026-09-15 20:00:23,148:INFO:Initializing Random Forest Classifier
2026-09-15 20:00:23,148:INFO:Total runtime is 0.07269245783487956 minutes
2026-09-15 20:00:23,148:INFO:SubProcess create_model() called ==================================
2026-09-15 20:00:23,150:INFO:Initializing create_model()
2026-09-15 20:00:23,150:INFO:create_model(self=<pycaret.classification.oop.ClassificationExperiment object at 0x0000017F0A3E3400>, estimator=rf, fold=StratifiedKFold(n_splits=10, random_state=None, shuffle=False), round=4, cross_validation=True, predict=True, fit_kwargs={}, groups=None, refit=False, probability_threshold=None, experiment_custom_tags=None, verbose=False, system=False, add_to_model_list=True, metrics=None, display=<pycaret.internal.display.display.CommonDisplay object at 0x0000017F42077AF0>, model_only=True, return_train_score=False, error_score=0.0, kwargs={})
2026-09-15 20:00:23,150:INFO:Checking exceptions
2026-09-15 20:00:23,150:INFO:Importing libraries
2026-09-15 20:00:23,150:INFO:Copying training dataset
2026-09-15 20:00:23,152:INFO:Defining folds
2026-09-15 20:00:23,152:INFO:Declaring metric variables
2026-09-15 20:00:23,153:INFO:Importing untrained model
2026-09-15 20:00:23,153:INFO:Random Forest Classifier Imported successfully
2026-09-15 20:00:23,153:INFO:Starting cross validation
2026-09-15 20:00:23,154:INFO:Cross validating with StratifiedKFold(n_splits=10, random_state=None, shuffle=False), n_jobs=-1
2026-09-15 20:00:23,529:INFO:Calculating mean and std
2026-09-15 20:00:23,529:INFO:Creating metrics dataframe
2026-09-15 20:00:23,531:INFO:Uploading results into container
2026-09-15 20:00:23,531:INFO:Uploading model into container now
2026-09-15 20:00:23,531:INFO:_master_model_container: 7
2026-09-15 20:00:23,531:INFO:_display_container: 2
2026-09-15 20:00:23,532:INFO:RandomForestClassifier(bootstrap=True, ccp_alpha=0.0, class_weight=None,
                       criterion='gini', max_depth=None, max_features='sqrt',
                       max_leaf_nodes=None, max_samples=None,
                       min_impurity_decrease=0.0, min_samples_leaf=1,
                       min_samples_split=2, min_weight_fraction_leaf=0.0,
                       n_estimators=100, n_jobs=-1, oob_score=False,
                       random_state=42, verbose=0, warm_start=False)
2026-09-15 20:00:23,532:INFO:create_model() successfully completed......................................
2026-09-15 20:00:23,574:INFO:SubProcess create_model() end ==================================
2026-09-15 20:00:23,574:INFO:Creating metrics dataframe
2026-09-15 20:00:23,578:INFO:Initializing Quadratic Discriminant Analysis
2026-09-15 20:00:23,578:INFO:Total runtime is 0.07985684871673585 minutes
2026-09-15 20:00:23,578:INFO:SubProcess create_model() called ==================================
2026-09-15 20:00:23,578:INFO:Initializing create_model()
2026-09-15 20:00:23,578:INFO:create_model(self=<pycaret.classification.oop.ClassificationExperiment object at 0x0000017F0A3E3400>, estimator=qda, fold=StratifiedKFold(n_splits=10, random_state=None, shuffle=False), round=4, cross_validation=True, predict=True, fit_kwargs={}, groups=None, refit=False, probability_threshold=None, experiment_custom_tags=None, verbose=False, system=False, add_to_model_list=True, metrics=None, display=<pycaret.internal.display.display.CommonDisplay object at 0x0000017F42077AF0>, model_only=True, return_train_score=False, error_score=0.0, kwargs={})
2026-09-15 20:00:23,578:INFO:Checking exceptions
2026-09-15 20:00:23,578:INFO:Importing libraries
2026-09-15 20:00:23,578:INFO:Copying training dataset
2026-09-15 20:00:23,580:INFO:Defining folds
2026-09-15 20:00:23,580:INFO:Declaring metric variables
2026-09-15 20:00:23,581:INFO:Importing untrained model
2026-09-15 20:00:23,581:INFO:Quadratic Discriminant Analysis Imported successfully
2026-09-15 20:00:23,581:INFO:Starting cross validation
2026-09-15 20:00:23,581:INFO:Cross validating with StratifiedKFold(n_splits=10, random_state=None, shuffle=False), n_jobs=-1
2026-09-15 20:00:23,626:INFO:Calculating mean and std
2026-09-15 20:00:23,627:INFO:Creating metrics dataframe
2026-09-15 20:00:23,628:INFO:Uploading results into container
2026-09-15 20:00:23,630:INFO:Uploading model into container now
2026-09-15 20:00:23,630:INFO:_master_model_container: 8
2026-09-15 20:00:23,630:INFO:_display_container: 2
2026-09-15 20:00:23,630:INFO:QuadraticDiscriminantAnalysis(priors=None, reg_param=0.0,
                              store_covariance=False, tol=0.0001)
2026-09-15 20:00:23,630:INFO:create_model() successfully completed......................................
2026-09-15 20:00:23,673:INFO:SubProcess create_model() end ==================================
2026-09-15 20:00:23,673:INFO:Creating metrics dataframe
2026-09-15 20:00:23,676:INFO:Initializing Ada Boost Classifier
2026-09-15 20:00:23,676:INFO:Total runtime is 0.08149032592773438 minutes
2026-09-15 20:00:23,676:INFO:SubProcess create_model() called ==================================
2026-09-15 20:00:23,676:INFO:Initializing create_model()
2026-09-15 20:00:23,676:INFO:create_model(self=<pycaret.classification.oop.ClassificationExperiment object at 0x0000017F0A3E3400>, estimator=ada, fold=StratifiedKFold(n_splits=10, random_state=None, shuffle=False), round=4, cross_validation=True, predict=True, fit_kwargs={}, groups=None, refit=False, probability_threshold=None, experiment_custom_tags=None, verbose=False, system=False, add_to_model_list=True, metrics=None, display=<pycaret.internal.display.display.CommonDisplay object at 0x0000017F42077AF0>, model_only=True, return_train_score=False, error_score=0.0, kwargs={})
2026-09-15 20:00:23,676:INFO:Checking exceptions
2026-09-15 20:00:23,676:INFO:Importing libraries
2026-09-15 20:00:23,677:INFO:Copying training dataset
2026-09-15 20:00:23,678:INFO:Defining folds
2026-09-15 20:00:23,678:INFO:Declaring metric variables
2026-09-15 20:00:23,678:INFO:Importing untrained model
2026-09-15 20:00:23,678:INFO:Ada Boost Classifier Imported successfully
2026-09-15 20:00:23,678:INFO:Starting cross validation
2026-09-15 20:00:23,680:INFO:Cross validating with StratifiedKFold(n_splits=10, random_state=None, shuffle=False), n_jobs=-1
2026-09-15 20:00:23,914:INFO:Calculating mean and std
2026-09-15 20:00:23,915:INFO:Creating metrics dataframe
2026-09-15 20:00:23,917:INFO:Uploading results into container
2026-09-15 20:00:23,918:INFO:Uploading model into container now
2026-09-15 20:00:23,918:INFO:_master_model_container: 9
2026-09-15 20:00:23,918:INFO:_display_container: 2
2026-09-15 20:00:23,918:INFO:AdaBoostClassifier(algorithm='SAMME.R', base_estimator='deprecated',
                   estimator=None, learning_rate=1.0, n_estimators=50,
                   random_state=42)
2026-09-15 20:00:23,918:INFO:create_model() successfully completed......................................
2026-09-15 20:00:23,963:INFO:SubProcess create_model() end ==================================
2026-09-15 20:00:23,963:INFO:Creating metrics dataframe
2026-09-15 20:00:23,966:INFO:Initializing Gradient Boosting Classifier
2026-09-15 20:00:23,966:INFO:Total runtime is 0.08631165822347006 minutes
2026-09-15 20:00:23,966:INFO:SubProcess create_model() called ==================================
2026-09-15 20:00:23,966:INFO:Initializing create_model()
2026-09-15 20:00:23,966:INFO:create_model(self=<pycaret.classification.oop.ClassificationExperiment object at 0x0000017F0A3E3400>, estimator=gbc, fold=StratifiedKFold(n_splits=10, random_state=None, shuffle=False), round=4, cross_validation=True, predict=True, fit_kwargs={}, groups=None, refit=False, probability_threshold=None, experiment_custom_tags=None, verbose=False, system=False, add_to_model_list=True, metrics=None, display=<pycaret.internal.display.display.CommonDisplay object at 0x0000017F42077AF0>, model_only=True, return_train_score=False, error_score=0.0, kwargs={})
2026-09-15 20:00:23,966:INFO:Checking exceptions
2026-09-15 20:00:23,966:INFO:Importing libraries
2026-09-15 20:00:23,966:INFO:Copying training dataset
2026-09-15 20:00:23,968:INFO:Defining folds
2026-09-15 20:00:23,968:INFO:Declaring metric variables
2026-09-15 20:00:23,968:INFO:Importing untrained model
2026-09-15 20:00:23,968:INFO:Gradient Boosting Classifier Imported successfully
2026-09-15 20:00:23,968:INFO:Starting cross validation
2026-09-15 20:00:23,969:INFO:Cross validating with StratifiedKFold(n_splits=10, random_state=None, shuffle=False), n_jobs=-1
2026-09-15 20:00:24,635:INFO:Calculating mean and std
2026-09-15 20:00:24,636:INFO:Creating metrics dataframe
2026-09-15 20:00:24,638:INFO:Uploading results into container
2026-09-15 20:00:24,638:INFO:Uploading model into container now
2026-09-15 20:00:24,639:INFO:_master_model_container: 10
2026-09-15 20:00:24,639:INFO:_display_container: 2
2026-09-15 20:00:24,639:INFO:GradientBoostingClassifier(ccp_alpha=0.0, criterion='friedman_mse', init=None,
                           learning_rate=0.1, loss='log_loss', max_depth=3,
                           max_features=None, max_leaf_nodes=None,
                           min_impurity_decrease=0.0, min_samples_leaf=1,
                           min_samples_split=2, min_weight_fraction_leaf=0.0,
                           n_estimators=100, n_iter_no_change=None,
                           random_state=42, subsample=1.0, tol=0.0001,
                           validation_fraction=0.1, verbose=0,
                           warm_start=False)
2026-09-15 20:00:24,639:INFO:create_model() successfully completed......................................
2026-09-15 20:00:24,683:INFO:SubProcess create_model() end ==================================
2026-09-15 20:00:24,683:INFO:Creating metrics dataframe
2026-09-15 20:00:24,686:INFO:Initializing Linear Discriminant Analysis
2026-09-15 20:00:24,686:INFO:Total runtime is 0.0983219583829244 minutes
2026-09-15 20:00:24,686:INFO:SubProcess create_model() called ==================================
2026-09-15 20:00:24,686:INFO:Initializing create_model()
2026-09-15 20:00:24,686:INFO:create_model(self=<pycaret.classification.oop.ClassificationExperiment object at 0x0000017F0A3E3400>, estimator=lda, fold=StratifiedKFold(n_splits=10, random_state=None, shuffle=False), round=4, cross_validation=True, predict=True, fit_kwargs={}, groups=None, refit=False, probability_threshold=None, experiment_custom_tags=None, verbose=False, system=False, add_to_model_list=True, metrics=None, display=<pycaret.internal.display.display.CommonDisplay object at 0x0000017F42077AF0>, model_only=True, return_train_score=False, error_score=0.0, kwargs={})
2026-09-15 20:00:24,686:INFO:Checking exceptions
2026-09-15 20:00:24,686:INFO:Importing libraries
2026-09-15 20:00:24,686:INFO:Copying training dataset
2026-09-15 20:00:24,688:INFO:Defining folds
2026-09-15 20:00:24,688:INFO:Declaring metric variables
2026-09-15 20:00:24,688:INFO:Importing untrained model
2026-09-15 20:00:24,688:INFO:Linear Discriminant Analysis Imported successfully
2026-09-15 20:00:24,688:INFO:Starting cross validation
2026-09-15 20:00:24,688:INFO:Cross validating with StratifiedKFold(n_splits=10, random_state=None, shuffle=False), n_jobs=-1
2026-09-15 20:00:24,731:INFO:Calculating mean and std
2026-09-15 20:00:24,732:INFO:Creating metrics dataframe
2026-09-15 20:00:24,734:INFO:Uploading results into container
2026-09-15 20:00:24,734:INFO:Uploading model into container now
2026-09-15 20:00:24,734:INFO:_master_model_container: 11
2026-09-15 20:00:24,734:INFO:_display_container: 2
2026-09-15 20:00:24,735:INFO:LinearDiscriminantAnalysis(covariance_estimator=None, n_components=None,
                           priors=None, shrinkage=None, solver='svd',
                           store_covariance=False, tol=0.0001)
2026-09-15 20:00:24,735:INFO:create_model() successfully completed......................................
2026-09-15 20:00:24,778:INFO:SubProcess create_model() end ==================================
2026-09-15 20:00:24,778:INFO:Creating metrics dataframe
2026-09-15 20:00:24,782:INFO:Initializing Extra Trees Classifier
2026-09-15 20:00:24,782:INFO:Total runtime is 0.09991112152735393 minutes
2026-09-15 20:00:24,782:INFO:SubProcess create_model() called ==================================
2026-09-15 20:00:24,782:INFO:Initializing create_model()
2026-09-15 20:00:24,782:INFO:create_model(self=<pycaret.classification.oop.ClassificationExperiment object at 0x0000017F0A3E3400>, estimator=et, fold=StratifiedKFold(n_splits=10, random_state=None, shuffle=False), round=4, cross_validation=True, predict=True, fit_kwargs={}, groups=None, refit=False, probability_threshold=None, experiment_custom_tags=None, verbose=False, system=False, add_to_model_list=True, metrics=None, display=<pycaret.internal.display.display.CommonDisplay object at 0x0000017F42077AF0>, model_only=True, return_train_score=False, error_score=0.0, kwargs={})
2026-09-15 20:00:24,782:INFO:Checking exceptions
2026-09-15 20:00:24,782:INFO:Importing libraries
2026-09-15 20:00:24,782:INFO:Copying training dataset
2026-09-15 20:00:24,784:INFO:Defining folds
2026-09-15 20:00:24,784:INFO:Declaring metric variables
2026-09-15 20:00:24,784:INFO:Importing untrained model
2026-09-15 20:00:24,784:INFO:Extra Trees Classifier Imported successfully
2026-09-15 20:00:24,784:INFO:Starting cross validation
2026-09-15 20:00:24,785:INFO:Cross validating with StratifiedKFold(n_splits=10, random_state=None, shuffle=False), n_jobs=-1
2026-09-15 20:00:25,034:INFO:Calculating mean and std
2026-09-15 20:00:25,035:INFO:Creating metrics dataframe
2026-09-15 20:00:25,037:INFO:Uploading results into container
2026-09-15 20:00:25,038:INFO:Uploading model into container now
2026-09-15 20:00:25,038:INFO:_master_model_container: 12
2026-09-15 20:00:25,038:INFO:_display_container: 2
2026-09-15 20:00:25,038:INFO:ExtraTreesClassifier(bootstrap=False, ccp_alpha=0.0, class_weight=None,
                     criterion='gini', max_depth=None, max_features='sqrt',
                     max_leaf_nodes=None, max_samples=None,
                     min_impurity_decrease=0.0, min_samples_leaf=1,
                     min_samples_split=2, min_weight_fraction_leaf=0.0,
                     n_estimators=100, n_jobs=-1, oob_score=False,
                     random_state=42, verbose=0, warm_start=False)
2026-09-15 20:00:25,038:INFO:create_model() successfully completed......................................
2026-09-15 20:00:25,081:INFO:SubProcess create_model() end ==================================
2026-09-15 20:00:25,082:INFO:Creating metrics dataframe
2026-09-15 20:00:25,084:INFO:Initializing Light Gradient Boosting Machine
2026-09-15 20:00:25,085:INFO:Total runtime is 0.10497312545776367 minutes
2026-09-15 20:00:25,085:INFO:SubProcess create_model() called ==================================
2026-09-15 20:00:25,085:INFO:Initializing create_model()
2026-09-15 20:00:25,085:INFO:create_model(self=<pycaret.classification.oop.ClassificationExperiment object at 0x0000017F0A3E3400>, estimator=lightgbm, fold=StratifiedKFold(n_splits=10, random_state=None, shuffle=False), round=4, cross_validation=True, predict=True, fit_kwargs={}, groups=None, refit=False, probability_threshold=None, experiment_custom_tags=None, verbose=False, system=False, add_to_model_list=True, metrics=None, display=<pycaret.internal.display.display.CommonDisplay object at 0x0000017F42077AF0>, model_only=True, return_train_score=False, error_score=0.0, kwargs={})
2026-09-15 20:00:25,085:INFO:Checking exceptions
2026-09-15 20:00:25,085:INFO:Importing libraries
2026-09-15 20:00:25,085:INFO:Copying training dataset
2026-09-15 20:00:25,087:INFO:Defining folds
2026-09-15 20:00:25,087:INFO:Declaring metric variables
2026-09-15 20:00:25,087:INFO:Importing untrained model
2026-09-15 20:00:25,087:INFO:Light Gradient Boosting Machine Imported successfully
2026-09-15 20:00:25,087:INFO:Starting cross validation
2026-09-15 20:00:25,088:INFO:Cross validating with StratifiedKFold(n_splits=10, random_state=None, shuffle=False), n_jobs=-1
2026-09-15 20:00:25,701:INFO:Calculating mean and std
2026-09-15 20:00:25,702:INFO:Creating metrics dataframe
2026-09-15 20:00:25,705:INFO:Uploading results into container
2026-09-15 20:00:25,706:INFO:Uploading model into container now
2026-09-15 20:00:25,707:INFO:_master_model_container: 13
2026-09-15 20:00:25,707:INFO:_display_container: 2
2026-09-15 20:00:25,707:INFO:LGBMClassifier(boosting_type='gbdt', class_weight=None, colsample_bytree=1.0,
               importance_type='split', learning_rate=0.1, max_depth=-1,
               min_child_samples=20, min_child_weight=0.001, min_split_gain=0.0,
               n_estimators=100, n_jobs=-1, num_leaves=31, objective=None,
               random_state=42, reg_alpha=0.0, reg_lambda=0.0, subsample=1.0,
               subsample_for_bin=200000, subsample_freq=0)
2026-09-15 20:00:25,707:INFO:create_model() successfully completed......................................
2026-09-15 20:00:25,767:INFO:SubProcess create_model() end ==================================
2026-09-15 20:00:25,767:INFO:Creating metrics dataframe
2026-09-15 20:00:25,772:INFO:Initializing Dummy Classifier
2026-09-15 20:00:25,772:INFO:Total runtime is 0.11641107002894084 minutes
2026-09-15 20:00:25,772:INFO:SubProcess create_model() called ==================================
2026-09-15 20:00:25,772:INFO:Initializing create_model()
2026-09-15 20:00:25,772:INFO:create_model(self=<pycaret.classification.oop.ClassificationExperiment object at 0x0000017F0A3E3400>, estimator=dummy, fold=StratifiedKFold(n_splits=10, random_state=None, shuffle=False), round=4, cross_validation=True, predict=True, fit_kwargs={}, groups=None, refit=False, probability_threshold=None, experiment_custom_tags=None, verbose=False, system=False, add_to_model_list=True, metrics=None, display=<pycaret.internal.display.display.CommonDisplay object at 0x0000017F42077AF0>, model_only=True, return_train_score=False, error_score=0.0, kwargs={})
2026-09-15 20:00:25,772:INFO:Checking exceptions
2026-09-15 20:00:25,772:INFO:Importing libraries
2026-09-15 20:00:25,772:INFO:Copying training dataset
2026-09-15 20:00:25,774:INFO:Defining folds
2026-09-15 20:00:25,775:INFO:Declaring metric variables
2026-09-15 20:00:25,775:INFO:Importing untrained model
2026-09-15 20:00:25,775:INFO:Dummy Classifier Imported successfully
2026-09-15 20:00:25,775:INFO:Starting cross validation
2026-09-15 20:00:25,776:INFO:Cross validating with StratifiedKFold(n_splits=10, random_state=None, shuffle=False), n_jobs=-1
2026-09-15 20:00:25,831:INFO:Calculating mean and std
2026-09-15 20:00:25,832:INFO:Creating metrics dataframe
2026-09-15 20:00:25,834:INFO:Uploading results into container
2026-09-15 20:00:25,835:INFO:Uploading model into container now
2026-09-15 20:00:25,835:INFO:_master_model_container: 14
2026-09-15 20:00:25,835:INFO:_display_container: 2
2026-09-15 20:00:25,835:INFO:DummyClassifier(constant=None, random_state=42, strategy='prior')
2026-09-15 20:00:25,835:INFO:create_model() successfully completed......................................
2026-09-15 20:00:25,883:INFO:SubProcess create_model() end ==================================
2026-09-15 20:00:25,883:INFO:Creating metrics dataframe
2026-09-15 20:00:25,888:INFO:Initializing create_model()
2026-09-15 20:00:25,888:INFO:create_model(self=<pycaret.classification.oop.ClassificationExperiment object at 0x0000017F0A3E3400>, estimator=RandomForestClassifier(bootstrap=True, ccp_alpha=0.0, class_weight=None,
                       criterion='gini', max_depth=None, max_features='sqrt',
                       max_leaf_nodes=None, max_samples=None,
                       min_impurity_decrease=0.0, min_samples_leaf=1,
                       min_samples_split=2, min_weight_fraction_leaf=0.0,
                       n_estimators=100, n_jobs=-1, oob_score=False,
                       random_state=42, verbose=0, warm_start=False), fold=StratifiedKFold(n_splits=10, random_state=None, shuffle=False), round=4, cross_validation=False, predict=False, fit_kwargs={}, groups=None, refit=True, probability_threshold=None, experiment_custom_tags=None, verbose=False, system=False, add_to_model_list=True, metrics=None, display=None, model_only=True, return_train_score=False, error_score=0.0, kwargs={})
2026-09-15 20:00:25,889:INFO:Checking exceptions
2026-09-15 20:00:25,889:INFO:Importing libraries
2026-09-15 20:00:25,889:INFO:Copying training dataset
2026-09-15 20:00:25,890:INFO:Defining folds
2026-09-15 20:00:25,891:INFO:Declaring metric variables
2026-09-15 20:00:25,891:INFO:Importing untrained model
2026-09-15 20:00:25,891:INFO:Declaring custom model
2026-09-15 20:00:25,891:INFO:Random Forest Classifier Imported successfully
2026-09-15 20:00:25,892:INFO:Cross validation set to False
2026-09-15 20:00:25,892:INFO:Fitting Model
2026-09-15 20:00:26,057:INFO:RandomForestClassifier(bootstrap=True, ccp_alpha=0.0, class_weight=None,
                       criterion='gini', max_depth=None, max_features='sqrt',
                       max_leaf_nodes=None, max_samples=None,
                       min_impurity_decrease=0.0, min_samples_leaf=1,
                       min_samples_split=2, min_weight_fraction_leaf=0.0,
                       n_estimators=100, n_jobs=-1, oob_score=False,
                       random_state=42, verbose=0, warm_start=False)
2026-09-15 20:00:26,057:INFO:create_model() successfully completed......................................
2026-09-15 20:00:26,145:INFO:_master_model_container: 14
2026-09-15 20:00:26,145:INFO:_display_container: 2
2026-09-15 20:00:26,146:INFO:RandomForestClassifier(bootstrap=True, ccp_alpha=0.0, class_weight=None,
                       criterion='gini', max_depth=None, max_features='sqrt',
                       max_leaf_nodes=None, max_samples=None,
                       min_impurity_decrease=0.0, min_samples_leaf=1,
                       min_samples_split=2, min_weight_fraction_leaf=0.0,
                       n_estimators=100, n_jobs=-1, oob_score=False,
                       random_state=42, verbose=0, warm_start=False)
2026-09-15 20:00:26,146:INFO:compare_models() successfully completed......................................
